Barcode,lesion
AAACAAGTATCTCCCA-1,lesioned
AAACAGCTTTCAGAAG-1,intact
AAACATTTCCCGGATT-1,lesioned
AAACCCGAACGAAATC-1,lesioned
AAACCGGAAATGTTAA-1,lesioned
AAACCGGGTAGGTACC-1,intact
AAACCGTTCGTCCAGG-1,intact
AAACCTAAGCAGCCGG-1,lesioned
AAACCTCATGAAGTTG-1,intact
AAACGAGACGGTTGAT-1,lesioned
AAACGGGCGTACGGGT-1,lesioned
AAACTCGGTTCGCAAT-1,lesioned
AAACTGCTGGCTCCAA-1,lesioned
AAACTTGCAAACGTAT-1,intact
AAAGAATGTGGACTAA-1,lesioned
AAAGACCCAAGTCGCG-1,intact
AAAGACTGGGCGCTTT-1,intact
AAAGGCTCTCGCGCCG-1,lesioned
AAAGGGATGTAGCAAG-1,intact
AAAGGGCAGCTTGAAT-1,intact
AAAGTAGCATTGCTCA-1,intact
AAAGTCACTGATGTAA-1,intact
AAAGTCGACCCTCAGT-1,intact
AAAGTGCCATCAATTA-1,lesioned
AAAGTGTGATTTATCT-1,lesioned
AAAGTTGACTCCCGTA-1,lesioned
AAATAAGGTAGTGCCC-1,lesioned
AAATACCTATAAGCAT-1,lesioned
AAATAGCTTAGACTTT-1,lesioned
AAATAGGGTGCTATTG-1,lesioned
AAATCCGATACACGCC-1,lesioned
AAATCGTGTACCACAA-1,intact
AAATCTAGCCCTGCTA-1,lesioned
AAATGCTCGTTACGTT-1,intact
AAATGGTCAATGTGCC-1,intact
AAATGTATCTTATCCC-1,intact
AAATTAACGGGTAGCT-1,intact
AAATTAATAAGCGCGA-1,intact
AAATTACCTATCGATG-1,lesioned
AAATTCCAGGTCCAAA-1,lesioned
AAATTGCGGCGGTTCT-1,intact
AAATTTGCGGGTGTGG-1,intact
AACAACTGGTAGTTGC-1,intact
AACAATTACTCTACGC-1,intact
AACACACGCTCGCCGC-1,lesioned
AACACGAGACGCGGCC-1,intact
AACACGCGGCCGCGAA-1,intact
AACAGGATGGGCCGCG-1,intact
AACAGGTAGTATGGAT-1,lesioned
AACATATCAACTGGTG-1,lesioned
AACATTGGTCAGCCGT-1,intact
AACCAAGACTTCTCTG-1,intact
AACCATGGGATCGCTA-1,intact
AACCCAGAGACGGAGA-1,intact
AACCCGAGCAGAATCG-1,lesioned
AACCCTACTGTCAATA-1,lesioned
AACCGAGCTTGGTCAT-1,intact
AACCGCTAAGGGATGC-1,lesioned
AACCTCGCTTTAGCCC-1,lesioned
AACCTGTCACGGAATT-1,lesioned
AACCTTTAAATACGGT-1,lesioned
AACGATAATGCCGTAG-1,lesioned
AACGATAGAAGGGCCG-1,intact
AACGATATGTCAACTG-1,lesioned
AACGCGAACGGCAACA-1,intact
AACGCGGTCTCCAGCC-1,intact
AACGCTGTTGCTGAAA-1,lesioned
AACGGACGTACGTATA-1,lesioned
AACGGCCATCTCCGGT-1,intact
AACGTACTGTGGGTAC-1,intact
AACGTCAGACTAGTGG-1,intact
AACGTGCGAAAGTCTC-1,lesioned
AACGTTATCAGCACCT-1,intact
AACTACCCGTTTGTCA-1,lesioned
AACTAGGCTTGGGTGT-1,lesioned
AACTCAAGTTAATTGC-1,intact
AACTCCAGAGCGTGTT-1,lesioned
AACTCGATAAACACGT-1,intact
AACTCGATGGCGCAGT-1,intact
AACTCTCAATAGAGCG-1,lesioned
AACTCTCAGTGTGCTC-1,intact
AACTGAGTTATACTGA-1,lesioned
AACTGATATTAGGCCT-1,intact
AACTGGGTCCCGACGT-1,intact
AACTGGTGTGGGCCTT-1,intact
AACTTCTGCGTCTATC-1,intact
AACTTGCCCGTATGCA-1,intact
AACTTGCGTTCTCGCG-1,intact
AACTTTACGGGAGCTT-1,intact
AACTTTAGCTGCTGAG-1,intact
AAGAAGGATCAGTTAG-1,intact
AAGACATACGTGGTTT-1,lesioned
AAGACCCAACTGAACA-1,lesioned
AAGACTAACCCGTTGT-1,intact
AAGACTGCAAGCTACT-1,lesioned
AAGAGATGAATCGGTA-1,intact
AAGAGCTCTTTATCGG-1,lesioned
AAGAGGATGTACGCGA-1,intact
AAGAGGCATGGATCGC-1,lesioned
AAGAGGCCCTTTGGAA-1,lesioned
AAGATTGGCGGAACGT-1,lesioned
AAGCACCCTGCGTATC-1,lesioned
AAGCATACTCTCCTGA-1,lesioned
AAGCCGAAGCGGTTTA-1,lesioned
AAGCCGGAGAGCAGGA-1,lesioned
AAGCGCAGGGCTTTGA-1,lesioned
AAGCTAGATCGAGTAA-1,lesioned
AAGCTCGTGCCAAGTC-1,lesioned
AAGCTCTTTCATGGTG-1,lesioned
AAGGAGCGGTTGGTGC-1,intact
AAGGATCGATCGCTTG-1,lesioned
AAGGATGAGGGACCTC-1,lesioned
AAGGCAGGCTGTCTCC-1,lesioned
AAGGCGCGTAAAGCTT-1,intact
AAGGCTGTGCTCATCG-1,intact
AAGGGACAGATTCTGT-1,lesioned
AAGGTATCCTAATATA-1,lesioned
AAGGTGATAAACCAGC-1,lesioned
AAGTAGAAGACCGGGT-1,intact
AAGTAGTGACGCGAGG-1,intact
AAGTCAATTGTCGTCA-1,lesioned
AAGTCTTCTGTGGCCT-1,intact
AAGTGACGACCGAATT-1,intact
AAGTGCAAAGGTAGAC-1,intact
AAGTGCCTTGACTGTA-1,lesioned
AAGTGCGTTAGAATCT-1,intact
AAGTGTTTGGAGACGG-1,lesioned
AAGTTCACTCCAAGCT-1,lesioned
AAGTTCGGCCAACAGG-1,intact
AAGTTGTGATGTTATA-1,lesioned
AATAACAACGCTCGGC-1,intact
AATAACACTAGAACAA-1,intact
AATAATCTTCGTATCG-1,lesioned
AATACAATGTTTCAGG-1,intact
AATAGAACAGAGTGGC-1,intact
AATAGAATCTGTTTCA-1,lesioned
AATAGTCCGTCCCGAC-1,lesioned
AATAGTCGCGAGTCGG-1,intact
AATATCAAGGTCGGAT-1,intact
AATATCGAATCAATGC-1,lesioned
AATATCGAGGGTTCTC-1,lesioned
AATATTGGAGTATTGA-1,intact
AATCAGACTGCAGGAC-1,intact
AATCATGTAAAGACTC-1,lesioned
AATCCAAGGGCCTGAG-1,intact
AATCCATGCAAGGGTG-1,intact
AATCGCCTCAGCGCCA-1,lesioned
AATCGCGCAGAGGACT-1,lesioned
AATCGGTATAGCCCTC-1,lesioned
AATCGTGAGCCGAGCA-1,lesioned
AATCTATGCCGGAGCC-1,lesioned
AATCTCTACTGTGGTT-1,intact
AATCTGCGTTGGGACG-1,lesioned
AATGACAGCAATGTCT-1,intact
AATGACGTAGGATGTC-1,lesioned
AATGACTGTCAGCCGG-1,intact
AATGAGTTCGCATATG-1,intact
AATGATGATACGCTAT-1,lesioned
AATGATGCGACTCCTG-1,lesioned
AATGCAACCGGGTACC-1,intact
AATGGTCCACCGTTCA-1,intact
AATGGTTCTCACAAGC-1,intact
AATGTTGTCGTGAGAC-1,lesioned
AATTAAAGGTCGGCGT-1,intact
AATTAACGGATTTCCA-1,lesioned
AATTACTCGTACGCTC-1,intact
AATTAGCGCTGCAGCG-1,lesioned
AATTCATAAGGGATCT-1,lesioned
AATTCCAACTTGGTGA-1,intact
AATTCGATTCGAGGAT-1,lesioned
AATTCTAGAGTTAGGC-1,lesioned
AATTGAACGCTCTGGT-1,lesioned
AATTGCAGCAATCGAC-1,lesioned
AATTGTGGTTGCCAAA-1,lesioned
ACAAAGCATGACCTAG-1,lesioned
ACAAATCGCACCGAAT-1,lesioned
ACAAATGGTAGTGTTT-1,lesioned
ACAACAGCATGAGCTA-1,lesioned
ACAACGGTCCCTGCGA-1,intact
ACAAGCAGTGCCTAGC-1,intact
ACAAGCTATATGGAAG-1,intact
ACAAGGAAATCCGCCC-1,lesioned
ACAAGGACAAGAGGTT-1,intact
ACAAGGATGCTTTAGG-1,lesioned
ACAAGGGCAGGCTCTG-1,lesioned
ACAATAGTCGTACGTT-1,intact
ACAATCCATTTAAACC-1,intact
ACAATTGTGTCTCTTT-1,lesioned
ACAATTTAGGAGGCTC-1,intact
ACAATTTGAGCAGTGG-1,lesioned
ACAATTTGGCCATATT-1,lesioned
ACACAAAGACGGGTGG-1,intact
ACACACCAGGACCAGT-1,lesioned
ACACATTGACGCAACA-1,intact
ACACCACATAATTAGC-1,lesioned
ACACCCAGCATGCAGC-1,intact
ACACCCGAGAAATCCG-1,intact
ACACCGAGCGCTCTTT-1,intact
ACACCTTAAGTAGGGC-1,intact
ACACCTTACTACTTGC-1,lesioned
ACACGAGACTCCTTCT-1,lesioned
ACACGGGAACTTAGGG-1,lesioned
ACACGTAGGCCACAAG-1,lesioned
ACACTCCAATGTCACT-1,intact
ACACTGATCAAGGTGT-1,intact
ACACTGGGACAGTCGT-1,lesioned
ACAGCGACATTCTCAT-1,lesioned
ACAGGCACGGATCCTT-1,lesioned
ACAGGCTTGCCCGACT-1,lesioned
ACAGGTGGAGGTGAGG-1,intact
ACAGGTGTGTTGTTGC-1,intact
ACATAATAAGGCGGTG-1,intact
ACATCAGCTGGGACGC-1,intact
ACATCCCGGCCATACG-1,lesioned
ACATCCTGGTAACTGT-1,lesioned
ACATCGATCGTTTACC-1,lesioned
ACATCGGTCAGCCGCG-1,intact
ACATCGTATGCAATGG-1,lesioned
ACATGGCGCCAAAGTA-1,lesioned
ACATGGCTCAATTTAG-1,intact
ACATTAGTTTATATCC-1,lesioned
ACATTTGAAACCTAAC-1,lesioned
ACCAACCGCACTCCAC-1,lesioned
ACCAACGCTTATTTAT-1,intact
ACCAAGAACGCGTGTC-1,intact
ACCAAGTCATCGGCAG-1,lesioned
ACCAATATGCAAGTTA-1,lesioned
ACCACAAGTTTCTATC-1,intact
ACCACCAATGTAACAA-1,lesioned
ACCACGTGCAGCTATA-1,lesioned
ACCACTGTTCAAGAAG-1,intact
ACCAGACCATAACAAC-1,intact
ACCAGTGCGGGAGACG-1,lesioned
ACCATATCCGCAATAA-1,intact
ACCATCCGCCAACTAG-1,intact
ACCATCGTATATGGTA-1,intact
ACCATTAAGGGTGTCA-1,intact
ACCCAACGCCCGTGGC-1,lesioned
ACCCACCTACATGCTC-1,intact
ACCCATCTTGAGGGTA-1,intact
ACCCATTTGTCCCTCT-1,lesioned
ACCCGGAAACTCCCAG-1,lesioned
ACCCGGAGCACCACAA-1,lesioned
ACCCGGATGACGCATC-1,lesioned
ACCCGGTTACACTTCC-1,intact
ACCCGTAGTCTAGTTG-1,lesioned
ACCCGTGTCATCAGTA-1,lesioned
ACCCTATAGGACTGAG-1,intact
ACCCTATGCCATATCG-1,intact
ACCCTCCCGTCAGGGC-1,lesioned
ACCCTCCCTTGCTATT-1,lesioned
ACCGAAAGGGCCCTGC-1,intact
ACCGACACATCTCCCA-1,lesioned
ACCGACTGAGTCCCAC-1,intact
ACCGAGTCTCCTTATT-1,lesioned
ACCGATAGGCATAACC-1,lesioned
ACCGATATTTAATCAT-1,lesioned
ACCGATGGTAGCATCG-1,lesioned
ACCGCAATAACTGCCT-1,lesioned
ACCGCGGTGGAAGTCG-1,lesioned
ACCGGGCCTTTGTTGA-1,lesioned
ACCTAAGTACCTTTCA-1,intact
ACCTAATCGACTTCCT-1,intact
ACCTACAGTATGTGGT-1,lesioned
ACCTCCGCCCTCGCTG-1,lesioned
ACCTCCGTTATTCACC-1,lesioned
ACCTGCGTGTCATGTT-1,intact
ACGAAATGGGCGGCAC-1,intact
ACGACCCATGAGTTGC-1,lesioned
ACGACTCTAGGGCCGA-1,lesioned
ACGAGAACCCATCACG-1,intact
ACGAGTACGGATGCCC-1,lesioned
ACGAGTCGCCGGCGTT-1,intact
ACGATACATAGAACTA-1,lesioned
ACGATACCTATCCTGA-1,intact
ACGATCATACATAGAG-1,intact
ACGATCATCTTGTAAA-1,lesioned
ACGATGCATATGTTAT-1,intact
ACGCAATCACTACAGC-1,lesioned
ACGCATACGTTTACTA-1,lesioned
ACGCATTCGTGAGTAC-1,intact
ACGCCAGATGATTTCT-1,intact
ACGCCAGTGCGTTTGC-1,lesioned
ACGCCGCTAGACGACC-1,lesioned
ACGCGAAGTCAGACGA-1,lesioned
ACGCGCTACACAGGGT-1,intact
ACGCGGGCCAAGGACA-1,intact
ACGCGTTTCTTAAGAG-1,intact
ACGCTAGTGATACACT-1,lesioned
ACGCTGTGAGGCGTAG-1,intact
ACGGAATTTAGCAAAT-1,intact
ACGGACTCTCAAAGCG-1,lesioned
ACGGATGGTGCGGATA-1,lesioned
ACGGCACTTGCTTGGG-1,lesioned
ACGGCCAACATGGACT-1,lesioned
ACGGCGACGATGGGAA-1,lesioned
ACGGCGGGTTGCCCTG-1,intact
ACGGGAGTGTCGGCCC-1,intact
ACGGGTCATGTGACTT-1,intact
ACGGTACAGTTCAATG-1,lesioned
ACGTAGATTGCTGATG-1,lesioned
ACGTATTACTCCGATC-1,lesioned
ACGTGCGCCTCGTGCA-1,intact
ACGTTAATGTCGAAGA-1,lesioned
ACGTTAGATTTGCCCG-1,intact
ACGTTATTGGTCACTC-1,intact
ACGTTCGCAATCAATT-1,lesioned
ACGTTCTGTACAAGTC-1,lesioned
ACTACCAGCTCTCTGG-1,intact
ACTACGCGTTAGAATT-1,lesioned
ACTAGTTGCGATCGTC-1,lesioned
ACTATCCAGGGCATGG-1,lesioned
ACTATCGCCGGCTAAA-1,intact
ACTATCTGCCCGCGTA-1,lesioned
ACTCAACGAATGTATT-1,intact
ACTCAAGTGCAAGGCT-1,lesioned
ACTCAATAAAGGCACG-1,intact
ACTCAGACCTGCTTCT-1,intact
ACTCCCGAATTCGTTT-1,lesioned
ACTCCCTAATGCTAAA-1,lesioned
ACTCCCTAGAATAGTA-1,lesioned
ACTCCGGCCGACCACT-1,lesioned
ACTCGATGTATTTCAT-1,intact
ACTCGCCGTTCGATAA-1,lesioned
ACTCGCGATCTGACGC-1,lesioned
ACTCGTCAGTAATCCC-1,lesioned
ACTCTAAACCTGGGAT-1,intact
ACTCTCTGACTTAGGT-1,lesioned
ACTCTGACCTAATAGA-1,lesioned
ACTCTTCAGCTCCCGC-1,lesioned
ACTCTTGTATAGTAAC-1,lesioned
ACTGAAACGCCGTTAG-1,lesioned
ACTGAATGGCGAAAGT-1,lesioned
ACTGCCGTCGTAACTC-1,intact
ACTGCGGACACACCGT-1,lesioned
ACTGTACGATACACAT-1,lesioned
ACTGTAGCACTTTGGA-1,intact
ACTGTATACGCGAGCA-1,intact
ACTGTCCAGGATTATA-1,intact
ACTGTCTTCTTTAGAA-1,intact
ACTGTGCTAGTAGATC-1,intact
ACTTACGCATCCACGC-1,lesioned
ACTTAGTACGACAAGA-1,intact
ACTTATACTTACCCGG-1,lesioned
ACTTATTAGGATCGGT-1,intact
ACTTATTTATGTGCCA-1,lesioned
ACTTCAGGCTGATCCC-1,lesioned
ACTTCCATGCGGGACA-1,lesioned
ACTTCGCCATACGCAC-1,lesioned
ACTTCGCTAGCGAGTG-1,lesioned
ACTTGACTCCCTCTTT-1,lesioned
ACTTGGGACCCGGTGG-1,intact
ACTTGTAGTCCCTTCA-1,intact
ACTTGTGGATGGAACG-1,lesioned
ACTTTACCCTCATGAA-1,lesioned
ACTTTCCTATAGCTTC-1,intact
ACTTTGACTGCATCCT-1,intact
ACTTTGTCGACGCACT-1,lesioned
AGAAATTATGACTCGC-1,lesioned
AGAACCCAGCGTGACA-1,lesioned
AGAACGTGGTACATTC-1,lesioned
AGAAGAGCGCCGTTCC-1,lesioned
AGAAGGTTGCCGAATT-1,intact
AGAAGGTTGTAGGTCG-1,lesioned
AGAAGTGATTCGTGAT-1,intact
AGAATAAATCTTCAGG-1,intact
AGAATTATGGATTCGA-1,lesioned
AGAATTGTTTGACATA-1,intact
AGACAGCTCAGAATCC-1,intact
AGACAGGCATCTCAGC-1,lesioned
AGACATAGATCCTTCC-1,intact
AGACCATGGGATACAA-1,intact
AGACCCACCGCTGATC-1,lesioned
AGACCCGCCCTCCTCG-1,intact
AGACCGCTCCGCGGTT-1,lesioned
AGACCGGGAAACCCTG-1,intact
AGACGAAGTGCCGGTC-1,lesioned
AGACGACGATGCCGCT-1,intact
AGACGCCCACTTCGCC-1,lesioned
AGACTAGCCTTCCAGA-1,intact
AGAGAACCGTCTAGGA-1,lesioned
AGAGATCTCTAAAGCG-1,intact
AGAGCAGTTATGAGAC-1,intact
AGAGCCGCCGAGATTT-1,lesioned
AGAGCGGGCTAATCAT-1,intact
AGAGCGTACAAGCTCG-1,intact
AGAGCTACGAAAGCAT-1,intact
AGAGGCTTCGGAAACC-1,lesioned
AGAGTAAACTTCACTA-1,lesioned
AGAGTATAGTGTTACG-1,lesioned
AGATAACTTCAGGGCC-1,intact
AGATACCAATAGAACC-1,lesioned
AGATACCGGTGTTCAC-1,intact
AGATACGACTTCATAT-1,intact
AGATACTCAAGATCGA-1,lesioned
AGATATAATACGACTA-1,lesioned
AGATCTCAGGTGTGAT-1,lesioned
AGATGACTCGCCCACG-1,intact
AGATGATGGAGTCTGG-1,lesioned
AGATGCTATAACGAGC-1,intact
AGATTATAGGACGTTT-1,intact
AGCAAAGGCCGCTAGT-1,lesioned
AGCAACATATCTTATT-1,lesioned
AGCACCAGTACTCACG-1,intact
AGCACTACCGGCCTGT-1,intact
AGCACTACCTCACCAG-1,lesioned
AGCACTTAAGGACGCC-1,intact
AGCAGAAGGAGAAAGA-1,lesioned
AGCAGCCAGATGAATA-1,lesioned
AGCATATCAATATGCT-1,lesioned
AGCATCGTCGATAATT-1,intact
AGCATTACGAGGCAAG-1,lesioned
AGCCACAGGTTACCCG-1,lesioned
AGCCACTCCCGTGCTT-1,lesioned
AGCCCATACATGTAAG-1,intact
AGCCCTGTCGCACCGT-1,lesioned
AGCCCTTGGACATCCC-1,lesioned
AGCCGCAAATTCAAAT-1,intact
AGCCGCTTGATTAGCG-1,intact
AGCCTTAAAGCGGAAG-1,intact
AGCGACAGGAACGGTC-1,intact
AGCGACATCCCATTCA-1,intact
AGCGACCAACGATATT-1,intact
AGCGATGCGCCTAATA-1,lesioned
AGCGCATAATGAATCG-1,lesioned
AGCGCGGGTGCCAATG-1,lesioned
AGCGCTAGAGCGATGT-1,lesioned
AGCGGACACTTCGTAG-1,lesioned
AGCGGGAAGGGTCCAT-1,intact
AGCGGGTCTGACACTC-1,lesioned
AGCGTACGAGAGCTAG-1,intact
AGCGTAGCGCTAGACC-1,intact
AGCGTCTGAACCCGCA-1,intact
AGCGTGGTATTCTACT-1,lesioned
AGCTAAGTACGCAGGC-1,lesioned
AGCTATTTAATCCAAC-1,intact
AGCTCCATATATGTTC-1,lesioned
AGCTCCTTCGCACATC-1,lesioned
AGCTCTTCGTAACCTT-1,lesioned
AGCTCTTTACTCAGTT-1,intact
AGCTGAAGTAAACCAA-1,lesioned
AGCTTATAGAGACCTG-1,intact
AGCTTCTTCTCGAGCA-1,lesioned
AGCTTGATCTTAACTT-1,intact
AGGAAAGCCTCTGATG-1,intact
AGGAACGAACGACTTC-1,lesioned
AGGAAGCTGTCCGCCG-1,lesioned
AGGACAGTCGAATCCC-1,lesioned
AGGACATCGCACGTCG-1,intact
AGGACATCGGCACACT-1,lesioned
AGGACGACCCATTAGA-1,intact
AGGACTTATAGGAGAA-1,intact
AGGAGGCCTTCGCGCG-1,lesioned
AGGATAAAGTCGGGAT-1,lesioned
AGGATATAGGGATTTA-1,lesioned
AGGATATCCGACTGCA-1,lesioned
AGGATTGCTTACGACA-1,lesioned
AGGCACGTGACTGTCC-1,lesioned
AGGCAGATGCGTAAAC-1,lesioned
AGGCAGGGAGCGTACT-1,lesioned
AGGCATTGTCGTAGGG-1,lesioned
AGGCCACATTGGTTAC-1,lesioned
AGGCCACCCGTTATGA-1,intact
AGGCCCAGTGACTGGT-1,intact
AGGCCCATTGTACAGG-1,intact
AGGCCCTAGAACGCCA-1,intact
AGGCCTGAGAATCTCG-1,lesioned
AGGCGATAACTGGCGT-1,lesioned
AGGCTATGGTTAGCTT-1,intact
AGGCTTCCCGAAGAAG-1,intact
AGGCTTGCTAGACACC-1,intact
AGGGACCGGCTGCGTT-1,lesioned
AGGGACTCTACGCGAC-1,lesioned
AGGGAGACATACTTCG-1,lesioned
AGGGCCCTAATGTTCT-1,lesioned
AGGGCGAGCAGCTGAT-1,intact
AGGGCGTGATCGGCTA-1,intact
AGGGCTGCAGTTACAG-1,lesioned
AGGGTCGATGCGAACT-1,lesioned
AGGGTCTGGACGCAGT-1,lesioned
AGGGTGCTCTCGAGGG-1,lesioned
AGGGTGGATAGTGCAT-1,intact
AGGGTTCCCTTTGGTT-1,lesioned
AGGGTTTAGTTCGGGA-1,intact
AGGTAACCTCCTATTC-1,intact
AGGTAGGTACAAAGCT-1,intact
AGGTATAATTGATAGT-1,lesioned
AGGTATGCGGACATTA-1,lesioned
AGGTCAGGTGAGAGTG-1,intact
AGGTCGCCACTTCGGT-1,intact
AGGTCGCCTCCCAACA-1,lesioned
AGGTCGCGGAGTTACT-1,lesioned
AGGTGCACGTCCACAT-1,lesioned
AGGTGTATCGCCATGA-1,intact
AGGTGTTGCCGACCAC-1,lesioned
AGGTTACACCATGCCG-1,lesioned
AGGTTGAGGCACGCTT-1,intact
AGGTTTCACACACCTT-1,lesioned
AGTAACTATAGCAGCC-1,lesioned
AGTAATGTCTTGCCGC-1,intact
AGTACAGAAGCTTATA-1,lesioned
AGTACATCATTTATCA-1,lesioned
AGTACGGCCCGTATCG-1,intact
AGTACGGGCACCTGGC-1,lesioned
AGTACTCTTATGCCCA-1,lesioned
AGTAGGTAACATACAT-1,intact
AGTATAATACTAGGCA-1,intact
AGTATCCATAATAACG-1,intact
AGTATTTGGCACGACC-1,lesioned
AGTCAACACCACCATC-1,intact
AGTCAAGATGACACTT-1,lesioned
AGTCACTAGCTCTCGA-1,lesioned
AGTCACTCCGCCTCAT-1,intact
AGTCAGCCACCGCCTG-1,intact
AGTCCAGCGGGTACGT-1,intact
AGTCCATTGGCTGATG-1,lesioned
AGTCGACGGTCTCAAG-1,lesioned
AGTCGGCCCAAACGAC-1,intact
AGTCGGCTCAACTTTA-1,intact
AGTCGGTTGCGTGAGA-1,lesioned
AGTCGTATAAAGCAGA-1,lesioned
AGTCGTCGACCACCAA-1,lesioned
AGTCGTGGGCATTACG-1,intact
AGTCTAAAGTATACTC-1,lesioned
AGTCTGGACATCCTTG-1,intact
AGTCTTCTCCTCAAAT-1,intact
AGTCTTTAAAGTGTCC-1,lesioned
AGTGAACAAACTTCTC-1,lesioned
AGTGACCTACTTTACG-1,intact
AGTGAGACTTCCAGTA-1,lesioned
AGTGAGCCTCGCCGCC-1,lesioned
AGTGAGTCGAATTAAC-1,lesioned
AGTGATAACCTGCGCG-1,lesioned
AGTGATATGAGTAGTT-1,intact
AGTGATTCAAGCAGGA-1,lesioned
AGTGCACGCTTAAGAA-1,lesioned
AGTGCGTAGCTCGTAA-1,intact
AGTGCTAAACACAGCA-1,lesioned
AGTGCTTGCACGAATA-1,lesioned
AGTGGCCCGCAAATGG-1,lesioned
AGTGGCGGCAATTTGA-1,lesioned
AGTGGCGTCTGAAGGT-1,lesioned
AGTGGCTCCGTCGGCC-1,intact
AGTGGTTGCGTATAGG-1,intact
AGTGTGCTAAGATCGC-1,intact
AGTGTGGTCTATTGTG-1,intact
AGTTAAACACTTGCGA-1,intact
AGTTAAGCGGTCCCGG-1,lesioned
AGTTACCCTTAAGACT-1,intact
AGTTACCGCACATGGT-1,intact
AGTTCACCGGTTGGAC-1,intact
AGTTCCTACAGAATTA-1,intact
AGTTCCTATTTATGTT-1,lesioned
AGTTCTGCGTTGTATC-1,intact
AGTTGACATCGGCTGG-1,intact
AGTTGACGGTCCTTGC-1,lesioned
AGTTGCTGACTGATAT-1,intact
AGTTGGCAAGGCTAGA-1,lesioned
AGTTTGCACCTGCCTC-1,lesioned
AGTTTGGCACGGGTTG-1,lesioned
AGTTTGGCCAGACCTA-1,intact
ATAAACGGACCCGTAA-1,lesioned
ATAAACGTTGCACCAC-1,lesioned
ATAAAGGCTCGGTCGT-1,intact
ATAAATATTAGCAGCT-1,intact
ATAACGCCGGAGGGTC-1,lesioned
ATAACGGAGTCCAACG-1,lesioned
ATAAGGTGGAGAACAT-1,lesioned
ATAAGTAGGATTCAGA-1,lesioned
ATAAGTAGGGCGACTC-1,lesioned
ATAAGTTACCGCGACG-1,intact
ATAATACCGTTAGCCG-1,intact
ATAATAGCTGTTGAAT-1,lesioned
ATAATAGTGTAGGGAC-1,intact
ATAATCTTGGAGAACC-1,lesioned
ATAATTAGCTAAGTAG-1,lesioned
ATACAGGCCCTCCAAT-1,lesioned
ATACCACGGGCAACTT-1,intact
ATACCTAACCAAGAAA-1,lesioned
ATACGAAGGCTTTCCA-1,lesioned
ATACGCCGGCGAAACC-1,lesioned
ATACGGGTTTCGATTG-1,lesioned
ATACGGTGAAGATGCA-1,intact
ATACGTACTTAGCCAC-1,lesioned
ATACGTCCACTCCTGT-1,lesioned
ATACGTTATGCACGGA-1,lesioned
ATACTACCCGTACCAC-1,lesioned
ATACTAGCATGACCCT-1,intact
ATACTCTCGCCACTCT-1,intact
ATACTGCCTTACACCG-1,lesioned
ATACTTGTTCTCGAGC-1,intact
ATAGACAACGGGACCT-1,lesioned
ATAGACGAAGAGAAAG-1,intact
ATAGAGTACTGGGACA-1,intact
ATAGAGTTATCAACTT-1,lesioned
ATAGCAACTAGGGAAG-1,lesioned
ATAGCCTCAGTACCCA-1,intact
ATAGCTGCTCTTGTTA-1,intact
ATAGGCGGCTATAGAA-1,intact
ATAGGCTAGCTTCGCA-1,lesioned
ATAGGGATATCCTTGA-1,intact
ATAGGTTGGGCAGATG-1,intact
ATAGTGAAGCGTTCTC-1,intact
ATAGTTCCACCCACTC-1,lesioned
ATATAAAGCGCTCGTG-1,lesioned
ATATAAATGTAGCTGC-1,lesioned
ATATAACACGGGCGCA-1,lesioned
ATATACGCTCGTGACG-1,lesioned
ATATCAACCTACAGAG-1,lesioned
ATATCGGTAGGGAGAT-1,lesioned
ATATCGTTCCTCGAAC-1,lesioned
ATATCTCCCTCGTTAA-1,lesioned
ATATCTTAGGGCCTTC-1,intact
ATATGTCTCCCTAGCC-1,lesioned
ATATTATCCCGTATTT-1,intact
ATATTCAGTTAAACCT-1,intact
ATATTCCACATAGTGA-1,lesioned
ATATTGCTGTCAAAGT-1,intact
ATATTGGAGAGGCCTT-1,lesioned
ATATTTAACCCTCAAG-1,intact
ATCAAACACTGTTCCA-1,lesioned
ATCAAACGAAGGTTTG-1,intact
ATCAATCTGGGCTGCA-1,intact
ATCACATTAGAATATC-1,lesioned
ATCACGTGCTAATTAA-1,intact
ATCACTTCATCCTCGC-1,intact
ATCAGACGGCACGCCG-1,intact
ATCAGCCTCATGCTGC-1,lesioned
ATCAGGTAGCTGACAG-1,lesioned
ATCAGTAGGCAGGGAT-1,lesioned
ATCATAGCCCTATGTA-1,lesioned
ATCATCCAATATTTGT-1,intact
ATCATGGACTACCGAC-1,lesioned
ATCCAACGCAGTCATA-1,intact
ATCCAATGGAGGGTCC-1,intact
ATCCAATGGTACCGAA-1,intact
ATCCACATCGACAGAA-1,lesioned
ATCCAGAGCAACAACC-1,intact
ATCCAGGATTCGTGAA-1,intact
ATCCGGACCAGCCTGA-1,lesioned
ATCCTACCTAAGCTCT-1,intact
ATCCTGAATCGCTGCG-1,intact
ATCCTGCGTGGAATGG-1,intact
ATCCTGCTGCAGATAG-1,intact
ATCCTTCTGAAAGAAC-1,lesioned
ATCGACCCAATACAGA-1,lesioned
ATCGACTCTTTCCGTT-1,intact
ATCGCACGATTGTTCA-1,intact
ATCGCACGCCGGGAGA-1,intact
ATCGCCAGTCAACATT-1,lesioned
ATCGCTTTACGTCTCA-1,lesioned
ATCGGAGACAGACGGC-1,lesioned
ATCGGTTACCTAGTAA-1,intact
ATCGTATTCCGAGAAC-1,intact
ATCGTCCAATCGAGTC-1,intact
ATCGTTAGCTAGCGGA-1,lesioned
ATCTAACGTCCCTATG-1,intact
ATCTAATATCCTACGG-1,lesioned
ATCTACCATCTGCTCC-1,lesioned
ATCTCCCACGGAATAT-1,lesioned
ATCTCCCTGCAATCTA-1,intact
ATCTCGTGAGCGAAAC-1,lesioned
ATCTGATAGTGTCTTA-1,intact
ATCTGCACCTCTGCGA-1,lesioned
ATCTGGGCTGTTCTTG-1,lesioned
ATCTGGTTAAGACTGT-1,lesioned
ATCTTATCGCACACCC-1,lesioned
ATCTTGACCTGCAACG-1,intact
ATCTTGACTTGTCCAA-1,lesioned
ATGAAGCCAAGGAGCC-1,intact
ATGAAGTGGACCCAGC-1,intact
ATGACGCCGGCTCTAA-1,intact
ATGACGCGTTCTATCC-1,intact
ATGACTATGCGACATT-1,lesioned
ATGAGGAGTGTTAATC-1,intact
ATGAGGGCAGCGGCTA-1,lesioned
ATGATCGGGAATAGAC-1,intact
ATGATGCAATGGTACA-1,intact
ATGCACCTTCCTTAAT-1,intact
ATGCACTACCGCATTG-1,intact
ATGCATGATCCAGGAT-1,intact
ATGCCATTTGCGACCA-1,lesioned
ATGCCGGTCTTGCATA-1,lesioned
ATGCCGGTTGATGGGA-1,lesioned
ATGCGACAGTCCCATT-1,lesioned
ATGCGAGTCCCACCAC-1,lesioned
ATGCTCAGTGTTGCAT-1,intact
ATGCTCTGGCGCGGTA-1,lesioned
ATGCTTAGGAGTTGAT-1,lesioned
ATGGAACCTTTGCACA-1,lesioned
ATGGAGCAGGCCGTGA-1,lesioned
ATGGATCCGGCGTCCG-1,lesioned
ATGGATTGACCAAACG-1,intact
ATGGCAGCCGAGAAAC-1,intact
ATGGCGGAATAGTCGC-1,lesioned
ATGGGCCTCGGCCTCT-1,lesioned
ATGGTCGCGTGGTTTC-1,lesioned
ATGTAAGGCTGCTCTT-1,lesioned
ATGTACATGCGGTGAG-1,lesioned
ATGTACGATGACGTCG-1,lesioned
ATGTAGCGCGCGTAGG-1,lesioned
ATGTCATTTCCCATTG-1,intact
ATGTGAAAGCCTAATG-1,intact
ATGTGCATCCGACGCA-1,intact
ATGTGGACATCTTGAT-1,lesioned
ATGTTACGAGCAATAC-1,intact
ATGTTCCTGCCCACCT-1,intact
ATGTTCGTCGACCCAC-1,intact
ATGTTGATTAGAGACT-1,lesioned
ATGTTTCGGCCCGGAG-1,lesioned
ATTAAACATGCGGACC-1,lesioned
ATTAACACCTGAGATA-1,intact
ATTAATACTACGCGGG-1,intact
ATTAATGAACCAGTCG-1,lesioned
ATTACATGTCAGTCTT-1,lesioned
ATTACCACACTGCCTG-1,lesioned
ATTACGCGCTGGCAGG-1,intact
ATTACTAGCCTCTTGC-1,intact
ATTAGATTCCTCAGCA-1,lesioned
ATTAGATTGATAGCGG-1,intact
ATTAGGCGATGCTTTC-1,lesioned
ATTATACTTTGCTCGT-1,intact
ATTATAGCTACTTTAC-1,lesioned
ATTATGCCATAGGGAG-1,intact
ATTATTCAGAGTCACT-1,lesioned
ATTCAAAGTACCTGTT-1,intact
ATTCAACCATTTAAGG-1,lesioned
ATTCACTGATGTTGGA-1,lesioned
ATTCAGTAGCAGGGTC-1,intact
ATTCATATACTGTCCA-1,lesioned
ATTCATCGTTGAGGCA-1,lesioned
ATTCCCACATAAACAA-1,intact
ATTCCTCCGCCAGTGC-1,intact
ATTCCTTCCAGGCGGT-1,intact
ATTCGACGCCGGGCCT-1,intact
ATTCGCGCCTTGAGAG-1,lesioned
ATTCGTGCTATCTCTT-1,lesioned
ATTCTCGTCTCTTTAG-1,intact
ATTGAAGATCTTAGTG-1,intact
ATTGATAGCAACGAGA-1,intact
ATTGATGAGTCCTAAC-1,lesioned
ATTGCCTTTATGTTTG-1,lesioned
ATTGCGATCAGTAACT-1,lesioned
ATTGCTGCTCCTCCAT-1,intact
ATTGGATTACAGCGTA-1,lesioned
ATTGGGAATATCTTGG-1,intact
ATTGGTAGGATCCGCT-1,intact
ATTGGTTGTGCATTAC-1,lesioned
ATTGTACAACTCGGCT-1,lesioned
ATTGTTCAACGATCCG-1,lesioned
ATTTAACTCGTATTAC-1,intact
ATTTACAGTTTACTGG-1,intact
ATTTACTAAGTCCATT-1,lesioned
ATTTCCGGGTTCTGCG-1,intact
ATTTGCGCGAGTAGCT-1,intact
ATTTGTCTTGGGAGCT-1,lesioned
ATTTGTTCCAGGGCTC-1,intact
CAAACCAGGTCTGCAT-1,intact
CAAACGAGTATCGCAG-1,intact
CAAACGGTCGCACTTT-1,intact
CAAACTCGCGACGCCG-1,lesioned
CAAAGGTCATCTGAAA-1,lesioned
CAAAGTCAGGTTAGCT-1,intact
CAAATCTCTCACAAGG-1,intact
CAAATGTCCTTCCGTG-1,intact
CAACACATCTCCTGCC-1,lesioned
CAACATGGCCTGATAA-1,intact
CAACCAGTGGCCTACC-1,lesioned
CAACCGCACCTAGACA-1,intact
CAACCTACCGAGCAGT-1,lesioned
CAACGACCCGTTTACA-1,intact
CAACGGTTCTTGATAC-1,intact
CAACGTGGTGGAGTCT-1,lesioned
CAACTCCTTGATCCCG-1,intact
CAACTGCTCATCCGAT-1,lesioned
CAACTTGTAGTGGGCA-1,intact
CAAGACTCAGAAGCGC-1,lesioned
CAAGAGGGCGGAGTAC-1,lesioned
CAAGATATTATAACGT-1,lesioned
CAAGCAACGTCGGAGT-1,intact
CAAGCACCAAATGCCT-1,intact
CAAGCGGCACATAATT-1,lesioned
CAAGGATCGCATGTTC-1,lesioned
CAAGGCCAGTGGTGCA-1,lesioned
CAAGGTCCTATAGGCT-1,lesioned
CAAGTGTGGTTGCAAA-1,lesioned
CAATAAACCTTGGCCC-1,lesioned
CAATACGAGAGTCTGA-1,lesioned
CAATACGCTCTGAGGC-1,intact
CAATATTCTTGACCTA-1,intact
CAATATTGGACTAGTG-1,intact
CAATCCTGCCGTGGAG-1,intact
CAATGAGGTTCGACTA-1,lesioned
CAATGCGAGAAGTATC-1,lesioned
CAATGGATCTCTACCA-1,lesioned
CAATGTGCCAACCCTT-1,lesioned
CAATTAAGGGTGATGA-1,intact
CAATTTCGTATAAGGG-1,lesioned
CAATTTGACCGGGAAG-1,intact
CACAAACCGCAGAACT-1,lesioned
CACAATGAGCTGCTAT-1,intact
CACACACGCTAACGAG-1,lesioned
CACACAGCTTGCGCTC-1,lesioned
CACACAGGGATAGATT-1,intact
CACACGCGCTGTCTTA-1,lesioned
CACAGCACCCACGGCA-1,intact
CACAGCTAGGGAGTGA-1,intact
CACAGGGCCATATAGT-1,lesioned
CACAGGGCCGTTGTCA-1,lesioned
CACAGTCCCGCTTCGC-1,lesioned
CACAGTTCGCTTCCCA-1,lesioned
CACATATTAGCAGGAT-1,lesioned
CACATCTCACCGACGA-1,lesioned
CACATGATTCAGCAAC-1,lesioned
CACATGTTTGGACATG-1,intact
CACATTTCTTGTCAGA-1,lesioned
CACCACGCCACACAGA-1,intact
CACCCAAATCTTATGT-1,lesioned
CACCCACACGTCACCC-1,intact
CACCCACGAGGCAATT-1,lesioned
CACCCGGTTTGTGACT-1,intact
CACCCTAACAAGATCT-1,lesioned
CACCCTTTCCTCGCTC-1,intact
CACCGCCAGAAGGTTT-1,intact
CACCGGGCATCACAAG-1,lesioned
CACCGTATCCCATCCG-1,lesioned
CACCGTTAGGGATCAC-1,intact
CACCGTTGCGCGATAT-1,intact
CACCTAATAGAGTCGT-1,intact
CACCTAATCAGTTTAC-1,intact
CACCTCGATGGTGGAC-1,intact
CACCTTGCGAAACTCG-1,lesioned
CACCTTGGCGCCTTTG-1,lesioned
CACGAAAGTTAGTCCC-1,intact
CACGCACAGCGCAGCT-1,intact
CACGCAGCGAGGCTTT-1,intact
CACGCGGAACTGTTGC-1,lesioned
CACGGGATTGAGGGTT-1,intact
CACGTCAATCAATGGA-1,lesioned
CACGTCGGCAACCTCT-1,intact
CACGTCGGGTTCTAGA-1,intact
CACGTTCGTGCTCTAG-1,lesioned
CACGTTTCGTACACAC-1,lesioned
CACTAAAGTTGCCTAT-1,intact
CACTACGGGAGCTGCC-1,lesioned
CACTCAAGAGCTATGG-1,intact
CACTCGAGCTGAACAA-1,lesioned
CACTCGGTTAGGAGGA-1,intact
CACTCTTCTGCTAGCC-1,lesioned
CACTGTCCAAGTGAGA-1,intact
CACTTAATCAGACGGA-1,intact
CACTTCGCCACAGGCT-1,intact
CACTTCGTCTTATCTC-1,intact
CAGAACTTAGCCCTCT-1,lesioned
CAGAATAACACACGGA-1,lesioned
CAGAATATTCGTTATC-1,lesioned
CAGACACCGATCGCTG-1,intact
CAGACCTGTAAGTGTT-1,lesioned
CAGACGAACCTGATAC-1,intact
CAGAGACGGTCACCCA-1,lesioned
CAGAGCATGAGCTTGC-1,intact
CAGAGGCGATGCATGA-1,intact
CAGATAATGGGCGGGT-1,lesioned
CAGATACTAACATAGT-1,intact
CAGCAGCCCGTTCCTT-1,lesioned
CAGCAGTCCAGACTAT-1,lesioned
CAGCAGTCTGTGCTGC-1,lesioned
CAGCCTCCTGCAGAGG-1,lesioned
CAGCCTCGATAGCGGT-1,lesioned
CAGCGATTCCCTTCAA-1,intact
CAGCGCCAACACGATA-1,intact
CAGCTCACTGAGACAT-1,intact
CAGCTCGACAAGTTAA-1,lesioned
CAGCTCGTGCTTGTGT-1,intact
CAGCTTAGTAGGTAGC-1,intact
CAGGACAGCTGCCCTT-1,lesioned
CAGGATATATCGTTGT-1,lesioned
CAGGCAGTCTTACCAG-1,lesioned
CAGGCCGTTTGGGTGT-1,intact
CAGGCGCCATGCTAGG-1,lesioned
CAGTAATCCCTCCCAG-1,intact
CAGTAGATGATGTCCG-1,intact
CAGTAGCCCACGCGGT-1,lesioned
CAGTAGCGAGGTAGTA-1,intact
CAGTCGAGGATGCAAT-1,lesioned
CAGTCTCTCGGCTAAT-1,intact
CAGTCTGTATACTGGG-1,lesioned
CAGTGAATAAATGACT-1,lesioned
CAGTGGTTGCACATGA-1,intact
CAGTGTCCGCAGAATG-1,intact
CAGTGTCGGCTGGCCC-1,lesioned
CAGTTCAAATTGACAC-1,intact
CAGTTCCGCGGGTCGA-1,intact
CATAACGGACAGTCGT-1,lesioned
CATAAGAAGCTTGGCT-1,lesioned
CATAAGCTCTCCGTCT-1,intact
CATAATGAGCGGGCGA-1,intact
CATACAAAGCCGAACC-1,intact
CATACACGGTTCCCAC-1,lesioned
CATACCCGTACCCAGT-1,intact
CATACGGCGTCTGGGC-1,lesioned
CATACGGGTGCATGAT-1,intact
CATACTATGTAATTGT-1,intact
CATACTTAGGCAATAC-1,lesioned
CATAGAGGAGATACTA-1,lesioned
CATAGCCGCCCGGGAT-1,intact
CATAGCGTTGCCCACC-1,intact
CATAGTAGCATAGTAG-1,intact
CATAGTCAAATACATA-1,lesioned
CATAGTCCACAAGAAC-1,intact
CATATAGGTACAGTCA-1,intact
CATATGTCAGGCTACG-1,intact
CATCAACACCTACTAA-1,intact
CATCATTACCCTGAGG-1,lesioned
CATCCCGAGATTCATA-1,lesioned
CATCCGCAGGCCCGAA-1,intact
CATCCTCTCAAAGATC-1,lesioned
CATCGAATGGATCTCT-1,intact
CATCGCCCGCGGCCAA-1,intact
CATCGGACGGGTTAAT-1,intact
CATCGTCCGGTTACTA-1,intact
CATCTAGTGAAGGGAA-1,lesioned
CATCTGCAGGATCATT-1,intact
CATCTTACACCACCTC-1,lesioned
CATGAACCGACATTTG-1,intact
CATGACTTCGCTGAAT-1,lesioned
CATGAGATGCACTCTC-1,lesioned
CATGATCGCTTTGAGA-1,lesioned
CATGATGCACAATTCT-1,intact
CATGATGGAAGTTAGC-1,lesioned
CATGCCAACTCGCAAA-1,intact
CATGCGACCAGTTTAA-1,lesioned
CATGGATTGTCTTCCG-1,lesioned
CATGGCAGGAAGATCG-1,intact
CATGGCTCCCTATGTC-1,intact
CATGGGTATGCCTTAT-1,lesioned
CATGGGTCGGGTGTGG-1,lesioned
CATGGTAAGTAGCGTT-1,lesioned
CATGGTCTAGATACCG-1,intact
CATGGTTTATTAATCA-1,lesioned
CATGTAAGAGACATTT-1,lesioned
CATGTCTCATTTATGG-1,lesioned
CATTACATAGATTGTG-1,lesioned
CATTACGCAGGAAGGG-1,lesioned
CATTACGTCGGCCCGT-1,intact
CATTATGCTTGTTGTG-1,intact
CATTCAGGTCAGTGCG-1,intact
CATTCCCATTCCGTCG-1,lesioned
CATTCCCTAAGTACAA-1,intact
CATTCGTCGTAGCGGT-1,lesioned
CATTGCGAAATGGGCG-1,intact
CATTGTGTGCTAGATC-1,intact
CATTTAGCGGACCATG-1,lesioned
CATTTCTAGCAGACTA-1,intact
CATTTGAGTGGTACGT-1,intact
CCAAACAGAACCCTCG-1,intact
CCAAAGCAGTTGGTTG-1,intact
CCAAAGTCCCGCTAAC-1,intact
CCAAATAACAAGATTC-1,lesioned
CCAACGATGCACTGAT-1,intact
CCAACTTGATAGATCC-1,lesioned
CCAAGAAAGTGGGCGA-1,lesioned
CCAAGACTTCTGCGAA-1,intact
CCAAGCGTAACTCGTA-1,lesioned
CCAAGGAACAGAGAGG-1,intact
CCAAGGTTGCCCTTTC-1,lesioned
CCAAGTTTCTACAGAT-1,intact
CCAATAGATTTCATCT-1,intact
CCAATAGTGCCGTCGA-1,intact
CCAATGTCACAGCAAG-1,intact
CCAATTGAATGTTAAT-1,intact
CCACAATGTACGTCTT-1,lesioned
CCACACTGAGATATTA-1,intact
CCACAGCTGAAATCAT-1,intact
CCACAGTACCCATCCT-1,lesioned
CCACATACTGCACCCA-1,lesioned
CCACCAACTTTACTGT-1,intact
CCACCCAAGGAAAGTG-1,lesioned
CCACCTGTATGGAATA-1,lesioned
CCACGAATTTAACCTC-1,lesioned
CCACGAGAAGAGAATC-1,intact
CCACGGAGCCATAAGA-1,intact
CCACGGTGCCCGGTAG-1,lesioned
CCACGTAAATTAGACT-1,lesioned
CCACTAAACTGAATCG-1,intact
CCACTATCCGGGTCAC-1,lesioned
CCACTGGTGGCTGGTT-1,intact
CCACTGTTTGGATTAA-1,lesioned
CCAGAAACTGATGCGA-1,lesioned
CCAGAAAGCAACTCAT-1,intact
CCAGAGACAAAGCCGG-1,intact
CCAGATAGTTGAGTGA-1,lesioned
CCAGCCTGGACCAATA-1,lesioned
CCAGCGGGATCACCAG-1,lesioned
CCAGCTACGCCTCATA-1,intact
CCAGCTCGAACGCATT-1,lesioned
CCAGCTGATGGTACTT-1,intact
CCAGCTTCCGCCCGCA-1,intact
CCAGGCTGGCGTCTGA-1,lesioned
CCAGGGACGTGGCCTC-1,intact
CCAGTAGTCTGATCCA-1,lesioned
CCAGTCAAATCTCTTA-1,intact
CCAGTCCATTATTCGA-1,intact
CCAGTCTAGACGGCGC-1,lesioned
CCAGTCTTGTCATAGA-1,lesioned
CCAGTTCGGTAACTCA-1,lesioned
CCATACCTTTACTTGT-1,lesioned
CCATACTCGCCTCTCC-1,intact
CCATAGGTTGGCGTGG-1,intact
CCATAGTCAGTAACCC-1,intact
CCATATGGAAACTATA-1,lesioned
CCATATTGGATCATGA-1,intact
CCATCCATACCAAGTC-1,intact
CCATCGCAGTTAAACT-1,lesioned
CCATCTCACCAGTGAA-1,lesioned
CCATCTTGTTCACAAT-1,intact
CCATGCCCTAGATTTC-1,lesioned
CCATGCCTGTTTAGTA-1,intact
CCATGCTCTGCAGGAA-1,intact
CCATGGCCCTTGTACC-1,intact
CCATTAGCGATAATCC-1,intact
CCATTCCCTGCCCACA-1,intact
CCATTGTTTCCTCCAT-1,lesioned
CCATTTCTACCTATTA-1,lesioned
CCCAAACATGCTGCTC-1,lesioned
CCCAACATACGTCGCG-1,intact
CCCAAGTCATTACACT-1,lesioned
CCCAATTTCACAACTT-1,intact
CCCAGGTCTGAAGGCT-1,lesioned
CCCAGTTAAGGCGCCG-1,lesioned
CCCATATAGGTCGATT-1,lesioned
CCCGACCATAGTCCGC-1,intact
CCCGAGTTTCTCCGTA-1,lesioned
CCCGATAGCCTCGCCT-1,lesioned
CCCGCAGCGCGAACTA-1,lesioned
CCCGCCATGCTCCCGT-1,intact
CCCGCGCAATGCACCC-1,intact
CCCGGCTAGGTGAGAA-1,intact
CCCGGTGGAAGAACCT-1,intact
CCCGTAAGTCTAGGCC-1,intact
CCCGTCAGCGTCTGAC-1,intact
CCCGTTTCGCAGATGT-1,lesioned
CCCTACTTGAACAATG-1,lesioned
CCCTAGTGTCAGGTGT-1,intact
CCCTCAAGCTCTTAGT-1,intact
CCCTCATTCTGGAATT-1,intact
CCCTCCTCGCTCGTAT-1,lesioned
CCCTGAAATGAGTTGA-1,intact
CCCTGACTAACAAATT-1,intact
CCCTGATGTAACTCGT-1,intact
CCCTGCCCAATCCGCT-1,intact
CCCTGCGCTACGCATA-1,intact
CCCTGTTGGCAAAGAC-1,intact
CCCTTTAATGGAGTTC-1,lesioned
CCCTTTGACAGGTCTT-1,lesioned
CCGAAAGTGGTGAGCA-1,intact
CCGAACACTGGGCCTC-1,intact
CCGAACCTTCCCGGCC-1,lesioned
CCGAAGTATATTGTTC-1,intact
CCGACAAACACATGAG-1,intact
CCGACAAAGGGAGTGC-1,intact
CCGACAATAGGCCGCC-1,lesioned
CCGAGAAGTCGCATAA-1,lesioned
CCGATATGACGTAAGG-1,lesioned
CCGATCTCAACCTTAT-1,lesioned
CCGATTCGAGGGACCC-1,intact
CCGCACAAAGACCAAC-1,lesioned
CCGCACACGAACGTGT-1,lesioned
CCGCACGTGACCTCGG-1,intact
CCGCACTTGCAATGAC-1,lesioned
CCGCATGTGGTACGAT-1,lesioned
CCGCCGTTGAGGATAA-1,lesioned
CCGCCTTGCGATGTCG-1,intact
CCGCGATTTGGTAGGT-1,intact
CCGCGGAATGCGTCAC-1,intact
CCGCGGGTACGAAGAA-1,intact
CCGCGTAGGTAAGGGC-1,intact
CCGCTATCAGCACCAG-1,lesioned
CCGCTCTTCCGAACTA-1,lesioned
CCGCTTACCTCACTCT-1,intact
CCGCTTGCTGACATGG-1,lesioned
CCGGAAGTTATCAGTC-1,lesioned
CCGGAATGGTTTCAGT-1,intact
CCGGAGCGTACTTTCT-1,lesioned
CCGGCACGACCGTTTC-1,lesioned
CCGGGACCCGCAGAGA-1,intact
CCGGGCGGTCTCGTCA-1,lesioned
CCGGGCTGCTCCATAC-1,lesioned
CCGGGTTCGAGGTTAC-1,intact
CCGGTAATGGCTAGTC-1,lesioned
CCGGTGCGAGTGATAG-1,intact
CCGGTTTGTAATTGTG-1,intact
CCGTAAGTTGGTCCCA-1,lesioned
CCGTACCCAAGCGCCA-1,intact
CCGTAGGAAATCCCTG-1,lesioned
CCGTAGGGTTGTTTAC-1,lesioned
CCGTGAGGCATTCATG-1,lesioned
CCGTGCCCATGACGGC-1,intact
CCGTGGAACGATCCAA-1,lesioned
CCGTGTTAAATTCCAT-1,intact
CCGTTACGTTAGAACA-1,lesioned
CCGTTCCGAATCTCGG-1,intact
CCTAAATTAACGGTTC-1,lesioned
CCTAAATTGTATCCTA-1,lesioned
CCTAACCCAAACAAGT-1,lesioned
CCTAAGTGTCTAACCG-1,intact
CCTACATTCACAGACG-1,intact
CCTACGGCTCAGTCGA-1,intact
CCTACTCAACACGATT-1,lesioned
CCTACTGCTTACACTT-1,intact
CCTAGGCGTAGCGATC-1,lesioned
CCTATAATGAGTGCCC-1,lesioned
CCTATACCGTCCTGTC-1,intact
CCTATCTATATCGGAA-1,intact
CCTATGAAGTGGTGCC-1,lesioned
CCTATGGGTTACCGTC-1,lesioned
CCTATGTCCACTCCAC-1,lesioned
CCTCACCAATCTTGAC-1,intact
CCTCACCTGAGGGAGC-1,lesioned
CCTCACCTTAGCATCG-1,lesioned
CCTCACGTCAGCTAAT-1,lesioned
CCTCATGCAGCTACGA-1,intact
CCTCCGACAATTCAAG-1,intact
CCTCCTGAGCCCACAT-1,intact
CCTCCTGTTGTGTCGT-1,lesioned
CCTCGCCAGCAAATTA-1,intact
CCTCGCGCTGTGCGAT-1,lesioned
CCTCGGACCGGGATAG-1,lesioned
CCTCGGATGCTACCTG-1,intact
CCTCTAATCTGCCAAG-1,intact
CCTCTCTCCCATCTAG-1,intact
CCTCTGGCCTAGACGG-1,intact
CCTCTGTACTATTCTA-1,lesioned
CCTGAACGATATATTC-1,lesioned
CCTGAATATTTACATA-1,intact
CCTGACAAACTCGCGC-1,intact
CCTGACCACCGATGGT-1,lesioned
CCTGCCCGTTGTCTAG-1,intact
CCTGCGATAGAACTGT-1,intact
CCTGCGTTCTACGCTT-1,intact
CCTGCTATTTGAGAAG-1,intact
CCTGGAAACGTTCTGC-1,lesioned
CCTGGCTAGACCCGCC-1,intact
CCTGGTCGAATGTGGG-1,lesioned
CCTGTAAGACATGATA-1,intact
CCTGTACTCACGCCCA-1,intact
CCTGTCACCCGGGCTC-1,intact
CCTGTCCCTCACGTTA-1,lesioned
CCTGTCGCCCGTAAAT-1,intact
CCTGTGAAACCGTAAC-1,intact
CCTGTGCATAGGAGAC-1,intact
CCTGTTTGAAGACACG-1,lesioned
CCTTCTCAGCGTTCCT-1,intact
CCTTCTTGATCCAGTG-1,intact
CCTTGACCACTTTATT-1,lesioned
CCTTTAAGGGAGCACT-1,lesioned
CCTTTCAATGAAGAAA-1,lesioned
CGAAACGCAATTCATG-1,intact
CGAACAGTATGGGCGT-1,lesioned
CGAACCCGCATGCGTC-1,intact
CGAAGACGGTGAGTGC-1,intact
CGAAGTTGCTCTGTGT-1,intact
CGAATGACGCATAATG-1,lesioned
CGACAATTTGATCTAA-1,lesioned
CGACACGCTCCGACAG-1,lesioned
CGACAGTTCGCGTTAT-1,intact
CGACTCAGGATGTTAT-1,lesioned
CGACTTTGTATAGCCT-1,lesioned
CGAGACCCTAGAGTGT-1,lesioned
CGAGACTACTGCTGCT-1,lesioned
CGAGAGATGTGAACCT-1,lesioned
CGAGAGCTTTCACTAC-1,lesioned
CGAGAGGGTAGCCGCG-1,lesioned
CGAGATTTCGCTCGGG-1,lesioned
CGAGCACTTCAAGTTT-1,intact
CGAGCCGAGCACTCGA-1,intact
CGAGCGTTGATCAGCC-1,intact
CGAGCTGGGCTTTAGG-1,intact
CGAGGATCGGGAACGA-1,lesioned
CGAGGCCAGGCATTGG-1,intact
CGAGGCTAAATATGGC-1,lesioned
CGAGGGTATCCAGGTG-1,lesioned
CGAGTACTAAAGAGGA-1,intact
CGAGTGCTATAGTTCG-1,intact
CGAGTTCTGTCCCACC-1,lesioned
CGAGTTTATCGGACTG-1,lesioned
CGATAATACTCAGGTT-1,lesioned
CGATACCTCGCGGACA-1,intact
CGATAGTCGTACTGCA-1,lesioned
CGATATTAGCCGCAGG-1,intact
CGATCCGACCCAGTGC-1,intact
CGATCTGTTGGAGGAC-1,intact
CGATTAAATATCTCCT-1,lesioned
CGATTCGCCTGGCTGC-1,lesioned
CGCAAACACGAGTTAC-1,intact
CGCAATCGATCATTAG-1,intact
CGCAATTACTTTCGGT-1,intact
CGCAATTAGGGTAATA-1,intact
CGCAATTCTACAATAA-1,intact
CGCACATGTCCACTAC-1,lesioned
CGCACGTGCGCTATCA-1,lesioned
CGCAGATCTTCACCCG-1,lesioned
CGCAGGCGATCCAAAC-1,lesioned
CGCATCCATCAGCCAG-1,lesioned
CGCATGCCGAATGCGT-1,lesioned
CGCATGGTGCGATGCT-1,lesioned
CGCATTAGCTAATAGG-1,intact
CGCCAAGAAGCCGAGT-1,intact
CGCCAATTATTGCGTT-1,intact
CGCCACCCGCATTAAC-1,intact
CGCCATCCGATTATGA-1,lesioned
CGCCCAGCACGCCTAG-1,lesioned
CGCCCAGCGTTTCACG-1,lesioned
CGCCCGCTTCCGTACA-1,lesioned
CGCCCTTGAAGGCTGA-1,intact
CGCCGACTATTCGCTA-1,intact
CGCCGCCCATGCCTGT-1,lesioned
CGCCGTCTACCCATCG-1,lesioned
CGCCGTTCAGCATAGT-1,lesioned
CGCCTCCCTCCTCTAT-1,lesioned
CGCCTGGCCTACGTAA-1,intact
CGCCTTTAGCATGCTC-1,lesioned
CGCGAAGTGGCATACT-1,lesioned
CGCGACACTGCGCAGC-1,intact
CGCGACCGCGACAGAT-1,lesioned
CGCGCAAGGAACTACA-1,intact
CGCGCATGTTTGATTG-1,lesioned
CGCGCCCGACTTAATA-1,intact
CGCGGCAGTATTACGG-1,intact
CGCGGCTCAACTTGAA-1,lesioned
CGCGGGAATTAGGCAG-1,lesioned
CGCGGGAATTCCTTTC-1,lesioned
CGCGGTAAGTCTAGCT-1,lesioned
CGCGGTACGGTATACA-1,lesioned
CGCGTTCATGAAATAC-1,intact
CGCTACGGGACATTTA-1,intact
CGCTAGAGACCGCTGC-1,lesioned
CGCTATACCGCCCACT-1,intact
CGCTATTCAATGTATG-1,intact
CGCTATTCTTAGGCTC-1,intact
CGCTCGACATAATGAT-1,intact
CGCTCTCCGTAGATTA-1,intact
CGCTGAGGACGTCCAA-1,intact
CGCTGGTGACTACCCT-1,lesioned
CGCTGTGACGCCGCAC-1,intact
CGCTTATTCCCGGTCG-1,intact
CGCTTCCACTGAAATC-1,intact
CGCTTCGGTCTAAGAC-1,lesioned
CGCTTGGACGGATAGA-1,lesioned
CGCTTTCATACCGGTG-1,intact
CGCTTTCTTGCATTCG-1,lesioned
CGGAAAGAATCAAACG-1,intact
CGGAAAGCAAATGTGC-1,intact
CGGAACGTAAACATAG-1,intact
CGGACGTTACTTGAAG-1,intact
CGGAGCAATTTAATCG-1,lesioned
CGGAGCATGGCGATCC-1,lesioned
CGGAGTTTGAGAGACA-1,intact
CGGATAAGCGGACATG-1,intact
CGGATCCTCAAGGACT-1,lesioned
CGGCAAACATCGTGCG-1,lesioned
CGGCAATAAGATCGCC-1,lesioned
CGGCACTCAAGAAAGT-1,intact
CGGCAGGGTCGGGTTG-1,lesioned
CGGCCACGCACAAAGT-1,intact
CGGCCCAACCTGTAGT-1,lesioned
CGGCCCAGGTATATCC-1,lesioned
CGGCGCCATCAATCCC-1,lesioned
CGGCTCTAAAGCTGCA-1,lesioned
CGGGAATATAGTATAC-1,lesioned
CGGGAATTTATGTAAA-1,lesioned
CGGGAGCTTCAGTGTA-1,lesioned
CGGGAGTATACCGCCG-1,intact
CGGGATCAATGTAAGA-1,intact
CGGGCAGCTAAACCGC-1,intact
CGGGCCATAGCCGCAC-1,intact
CGGGCCTTCTTTGTAA-1,intact
CGGGCGATGGATCACG-1,lesioned
CGGGTGTACCCATTTA-1,lesioned
CGGGTTGTAGCTTTGG-1,intact
CGGGTTTGTTAGGGCT-1,lesioned
CGGTACTAGAATCAAA-1,lesioned
CGGTAGAGGTGCAGGT-1,lesioned
CGGTCAAGTGGGAACC-1,lesioned
CGGTCAGTCCATATTT-1,lesioned
CGGTCTATCAACCCGT-1,lesioned
CGGTGAAGACTAAAGT-1,intact
CGGTGCAGATAGAACG-1,intact
CGGTGCGCGTTGGTCC-1,intact
CGGTGTACTTGATCCC-1,intact
CGGTTATCCAACAGTG-1,lesioned
CGGTTCCGGCTTCTTG-1,intact
CGGTTGACCTGGCATA-1,intact
CGTAAACGCTTGAGTG-1,intact
CGTAATAATTACGAGT-1,intact
CGTACCGAAAGTCTAG-1,intact
CGTACCTGATAGGCCT-1,intact
CGTAGAGAGTAATTAT-1,lesioned
CGTATCTAGAACTAAG-1,lesioned
CGTCAAGGCTATAAAT-1,intact
CGTCAATCTTTAACAT-1,intact
CGTCACGTCCATTGGT-1,intact
CGTCAGCTATTTACTC-1,intact
CGTCAGTGCGCACAAG-1,intact
CGTCATACCATATCCA-1,intact
CGTCCAGATGGCTCCA-1,intact
CGTCCTCATCGCGTGC-1,lesioned
CGTCGCATGTGAGCCA-1,lesioned
CGTCGCGGCGGGATTT-1,intact
CGTCGGATAGTGTTGA-1,lesioned
CGTCGTCCTTCGCGAA-1,lesioned
CGTCTGGAAGGGCCCG-1,intact
CGTCTTGAGTGTGACG-1,lesioned
CGTGAAGTTAATTCAC-1,intact
CGTGCACACCACTGTA-1,lesioned
CGTGCAGACTGGGACA-1,lesioned
CGTGCATTGTCGACGC-1,intact
CGTGCCCTCCCGAAGA-1,lesioned
CGTGCTGGCCTAGTCG-1,intact
CGTGGAAGCCTCGTAC-1,lesioned
CGTGGCCGAATATCTA-1,lesioned
CGTGTATGGGAGCTGA-1,lesioned
CGTGTCCCATTCGCGA-1,intact
CGTGTGTTAAACCCTG-1,lesioned
CGTTAAACTAGTTAGG-1,lesioned
CGTTAATGTCCCGACG-1,lesioned
CGTTGAATACCGCGCT-1,lesioned
CGTTGAGCGACCGTCG-1,lesioned
CGTTGTAAACGTCAGG-1,intact
CGTTGTAAGATTGATT-1,lesioned
CGTTGTCGGCAATTGA-1,lesioned
CGTTGTTTCAATTCCC-1,intact
CGTTTCGCTCATTACA-1,intact
CGTTTGGTGTTGTGGG-1,lesioned
CGTTTGTGTAGAGGGT-1,intact
CTAAACGGGTGTAATC-1,intact
CTAAAGAATGCCTACT-1,intact
CTAAAGGGAAATAGGA-1,lesioned
CTAAAGTCCGAAGCTA-1,intact
CTAAATCCTATTCCGG-1,lesioned
CTAACCGCGCGCCCGT-1,intact
CTAACGAAACTTGCTG-1,lesioned
CTAACTGATAATCGCC-1,lesioned
CTAACTGGTCCGGTTC-1,intact
CTAAGGGAATGATTGG-1,lesioned
CTAATTCGCACGCGCT-1,intact
CTAATTCTCAGATATT-1,lesioned
CTAATTTCAACAACAC-1,intact
CTACACTAGCTTGTTC-1,intact
CTACACTCGCAGATGG-1,lesioned
CTACCCTAAGGTCATA-1,lesioned
CTACGACTAGCTATAA-1,intact
CTACGCACGGAGTACC-1,intact
CTACGTGTTGCCACCA-1,intact
CTACTATCTTTCAGAG-1,lesioned
CTACTCTAGGCCCGGC-1,intact
CTACTGCCACCTGACC-1,intact
CTAGATAAACTCCTCG-1,intact
CTAGATGTGAGTGTAA-1,lesioned
CTAGATTTACGACGGC-1,lesioned
CTAGCAACTAATTTAC-1,intact
CTAGCATAGTATAATG-1,lesioned
CTAGCCACAGGCGAGC-1,lesioned
CTAGCTTAATGGTCCC-1,lesioned
CTAGGCGCCCTATCAG-1,lesioned
CTAGGCGGCAGAGAAT-1,intact
CTAGGTCTGAAGGAAT-1,lesioned
CTAGGTTCGGACGTGA-1,lesioned
CTAGTAGAAAGGGATT-1,lesioned
CTAGTCACGTCTTAAG-1,lesioned
CTAGTGAAGGACAGGA-1,intact
CTAGTTACAACCCGGT-1,lesioned
CTAGTTGGGCCCGGTA-1,intact
CTATAAGAGCCAATCG-1,lesioned
CTATCGACGAAATACA-1,lesioned
CTATCGCGTAGAGAAC-1,lesioned
CTATCGGGTCTCAACA-1,lesioned
CTATGCCCGAATGCAA-1,lesioned
CTATGGGAAGCGGAAT-1,lesioned
CTATGTCACTAGCCCA-1,intact
CTATGTGAGTCACGGC-1,intact
CTATTCATGTGTCCCA-1,lesioned
CTATTTGGTTACGGAT-1,lesioned
CTCAACTAACCCGGAT-1,lesioned
CTCACATTTACTAAAT-1,lesioned
CTCACCAGTACAAGTG-1,intact
CTCACTGTGATACTTA-1,lesioned
CTCACTTGGCTGGTAA-1,intact
CTCAGGACTCACCTGT-1,intact
CTCAGTCACGACAAAT-1,lesioned
CTCATGGTAATTTGCG-1,intact
CTCATTCGTGAACATC-1,intact
CTCATTGCTCTAACAA-1,lesioned
CTCATTTGATGGGCGG-1,intact
CTCCCAATGAGTCGCG-1,lesioned
CTCCGCCCACATGAGG-1,intact
CTCCGGCCTAATATGC-1,intact
CTCCGGCTTGTAGACA-1,intact
CTCCTAAGTTATGTCT-1,intact
CTCCTGTTCAAGGCAG-1,lesioned
CTCGAGATCCAAAGCA-1,intact
CTCGAGGTCGAACAGT-1,intact
CTCGCACCTATATAGT-1,intact
CTCGCCGAATGTAGGG-1,lesioned
CTCGCTAGGTAAGCGA-1,lesioned
CTCGGGATAACACCTA-1,lesioned
CTCGGTACCACTGCTC-1,lesioned
CTCGGTCCGTAGCCTG-1,intact
CTCGTCTGTGCCTTCG-1,lesioned
CTCTACACTGGCGATT-1,intact
CTCTAGCCCTCGGAAA-1,lesioned
CTCTATTTGGCTGCAG-1,lesioned
CTCTCACAATCGATGA-1,lesioned
CTCTCGCTGTACTATG-1,intact
CTCTGCGAAGCAAGCA-1,intact
CTCTGGACGCCTGGTG-1,intact
CTCTTCTATTGACTGG-1,lesioned
CTCTTGTCCCGCTTGG-1,lesioned
CTGAAAGAGATCCGAC-1,intact
CTGAATCCGAGACCTC-1,intact
CTGACATAGAAATAGA-1,lesioned
CTGACTGCGCAGCTCG-1,lesioned
CTGAGAAAGTTCGGCG-1,lesioned
CTGAGAGTAGAAATAC-1,lesioned
CTGAGCAAGTAACAAG-1,intact
CTGAGCGAGACTTATT-1,lesioned
CTGATAGTGTATCTCA-1,intact
CTGCAAGCACGTTCCG-1,lesioned
CTGCACAACTACATAT-1,lesioned
CTGCACCTAGTCCACA-1,lesioned
CTGCACCTGGAACCGC-1,intact
CTGCACTCCAGTACAG-1,lesioned
CTGCAGAGAATCAGAG-1,lesioned
CTGCAGGTGCTCGGCC-1,intact
CTGCCAAGGTTGGAAG-1,lesioned
CTGCCATGCATCACAT-1,lesioned
CTGCCCACGAAGCGTT-1,intact
CTGCCTCATATGCAAC-1,lesioned
CTGCCTTTCTAGTAAA-1,lesioned
CTGCGGGTGAAATGTT-1,intact
CTGCTGAGGCCACGAA-1,intact
CTGCTGTCTAACGAGC-1,lesioned
CTGCTTGGCGATAGCT-1,lesioned
CTGGAAATGGATGCTT-1,intact
CTGGAAGACACGGTGG-1,lesioned
CTGGATTTACACTTGA-1,lesioned
CTGGCATCCGAATGAG-1,intact
CTGGCGACATAAGTCC-1,lesioned
CTGGCGCACAGGTCTG-1,lesioned
CTGGCGGGAATAAGTA-1,intact
CTGGCTCCTGCGGGAT-1,intact
CTGGCTGATTCATCCT-1,lesioned
CTGGCTGCTAACGTAA-1,intact
CTGGCTGGTTGTCAGT-1,lesioned
CTGGGATAAATAATGG-1,lesioned
CTGGGATACGCTACCC-1,lesioned
CTGGGCCTGCTATATC-1,intact
CTGGGTAGGCAGTTAA-1,lesioned
CTGGTAAAGACTTACA-1,lesioned
CTGGTAAAGTGTGGGC-1,lesioned
CTGGTAACACATAGAA-1,lesioned
CTGGTAACGAGCTCTT-1,lesioned
CTGGTCATTCCAATCC-1,intact
CTGGTTCAACGCATCA-1,intact
CTGGTTCGCGAGCTAC-1,lesioned
CTGGTTTCGAGCAAGA-1,lesioned
CTGTACTTCTTAGCAT-1,intact
CTGTAGCCATCTCACT-1,intact
CTGTATGGTGTAGAAA-1,intact
CTGTCAAATGGCTCGG-1,lesioned
CTGTCTGTGGCTGGCT-1,intact
CTGTGCAGGGTAGGTC-1,lesioned
CTGTGGTCGGGAGATA-1,lesioned
CTGTTACCCAATCTAG-1,lesioned
CTGTTCACTGCCTGTG-1,intact
CTGTTCATCTCACGGG-1,intact
CTGTTGGCTCTTCTGA-1,intact
CTTAAATAAGACCCAT-1,intact
CTTAACTTACAGTATA-1,lesioned
CTTACACGGTATTCCA-1,intact
CTTACACTGGGAAATA-1,intact
CTTAGCCCGGATAGTG-1,intact
CTTAGCCTTCCACATG-1,lesioned
CTTAGTAGGCCTACAG-1,lesioned
CTTAGTGTAGTAGCAT-1,lesioned
CTTATAGATGGCTGTT-1,lesioned
CTTATGCGCTCAGGGC-1,intact
CTTATGTTGACTACCA-1,intact
CTTCAACTCCACTTGG-1,lesioned
CTTCAGTTGGACAACG-1,lesioned
CTTCATAGCTCAAGAA-1,intact
CTTCATTGTCAGTGGA-1,intact
CTTCCGCTCCGTGAAG-1,lesioned
CTTCGATTGCGCAAGC-1,lesioned
CTTCGGCCAATTGTTT-1,lesioned
CTTCGTAGATAGGTGA-1,intact
CTTCTATGTTGAAGTA-1,intact
CTTCTATTAATGCTAG-1,intact
CTTGAGGTTATCCCGA-1,intact
CTTGAGTTAGGGTAAT-1,lesioned
CTTGATGACCATCCAG-1,lesioned
CTTGCAACCGCCTCCT-1,intact
CTTGCCCACCCACGCA-1,lesioned
CTTGCCCAGGCTCTAC-1,intact
CTTGGCCAAGCTGGGA-1,lesioned
CTTGTACTTGTTGACT-1,intact
CTTGTCAACATTCGAG-1,lesioned
CTTGTGAGGACAGCGG-1,intact
CTTGTGAGTCTTTGAC-1,intact
CTTGTGCTCACCGATT-1,lesioned
CTTGTTGCTGAGTCAA-1,lesioned
CTTGTTTATGTAGCCA-1,intact
CTTTAACTTTCAAAGG-1,intact
CTTTAATATTGGTCGA-1,lesioned
CTTTACCGAATAGTAG-1,lesioned
CTTTAGGAACACTGTT-1,lesioned
CTTTAGTGCTATTATT-1,lesioned
CTTTCTGTGCGGGCTT-1,lesioned
CTTTGCATCGCTCTTG-1,lesioned
CTTTGCTGTCATGGAT-1,lesioned
CTTTGGCGCTTTATAC-1,intact
CTTTGGCTTTAGTAAA-1,intact
GAAACAGATGACCACC-1,lesioned
GAAACCATGGTGCGCT-1,lesioned
GAAACCGAATTACCTT-1,intact
GAAACCTATACAAATG-1,lesioned
GAAACTCGTGCGATGC-1,intact
GAAAGAACAGCGTTAT-1,lesioned
GAAAGCAGTGCACTTT-1,lesioned
GAAAGCCCTTTGGACC-1,intact
GAAAGTGACTAACTGC-1,intact
GAAATACTAAACGTTT-1,intact
GAAATATCACCATCAG-1,intact
GAAATCGCGCGCAACT-1,intact
GAAATCTGACCAAGTT-1,intact
GAAATGGCGGTGTTAG-1,intact
GAAATGGGATGTAAAC-1,intact
GAAATTCACATCGCTG-1,intact
GAAATTGTCTCTATAA-1,intact
GAACAACTGGGATGAA-1,lesioned
GAACACACATCAACCA-1,intact
GAACAGATTACTAAAT-1,lesioned
GAACCCTCTGTGTTCT-1,lesioned
GAACCTCGACCTACAC-1,intact
GAACCTTTAACGATCC-1,lesioned
GAACGACCGAATGATA-1,intact
GAACGCGGGTCACACG-1,lesioned
GAACGTCTCATGGTCG-1,lesioned
GAACGTTAGGAAGACG-1,intact
GAAGAACGGTGCAGGT-1,intact
GAAGCCACTGATTATG-1,lesioned
GAAGCCGGGTAAGCTC-1,intact
GAAGCCTGCACATTCC-1,lesioned
GAAGCGTGAGGAATTT-1,intact
GAAGCTCTTTGCTTAG-1,intact
GAAGCTTGCTGACCGC-1,intact
GAAGGACTAAATTGAA-1,intact
GAAGGGCATAACCATG-1,intact
GAAGTCAGTTGCACTA-1,lesioned
GAAGTCTCCCTAGCGA-1,lesioned
GAAGTGATTTATCGTG-1,intact
GAAGTTTCCACTCAAT-1,intact
GAATAGACGCGACCCA-1,lesioned
GAATAGCATTTAGGGT-1,lesioned
GAATCGACATGGTCAC-1,intact
GAATCGCCGGACACGG-1,intact
GAATCTGAACATTCTC-1,lesioned
GAATGCCGAAATGACC-1,intact
GAATGCGAATCGGTTC-1,lesioned
GAATGGGCTTATCGAC-1,intact
GAATGTGGTCCGGATT-1,lesioned
GAATGTTGGGTAATCT-1,intact
GAATTATAGTGAAAGG-1,lesioned
GAATTCACCCGGGTGT-1,intact
GAATTTCTCGCTGCAG-1,intact
GACAAACATATGCAGG-1,lesioned
GACAACGACCATTGAA-1,lesioned
GACAACGCAGCTTACG-1,intact
GACAAGAGATGAGATT-1,lesioned
GACACAAGGGAAGAAA-1,lesioned
GACACAGCCGGGACTG-1,lesioned
GACACGAGTTAGAGGA-1,intact
GACACTGAGTTCAGTG-1,intact
GACACTGGAACCCGAT-1,lesioned
GACACTTCCAATTACC-1,lesioned
GACAGATTTCTGGCTC-1,intact
GACAGCCAGACCTGAC-1,lesioned
GACAGGCACACACTAT-1,intact
GACATACTGTCGCAGA-1,intact
GACATCCGTCGAACTG-1,lesioned
GACATCGATTTATAAC-1,intact
GACCAAACGTTGACTG-1,lesioned
GACCACACTTCCCTTT-1,lesioned
GACCAGAGCCCTGTAG-1,intact
GACCGACGTGAAAGCA-1,lesioned
GACCGACTGAAGCGTC-1,intact
GACCGCGTCTGACGTG-1,lesioned
GACCGTGCTGACGGTG-1,intact
GACCGTTACATGCGAC-1,intact
GACCTGGTCTGGGCGT-1,intact
GACCTTCCACGTCTAC-1,lesioned
GACGACGATCCGCGTT-1,lesioned
GACGAGGCTAATAAAC-1,lesioned
GACGCCGTAAAGGCTA-1,lesioned
GACGCCTGTTGCAGGG-1,intact
GACGCTTGCTTCTAAA-1,intact
GACGGTCAATAGAAGC-1,lesioned
GACGGTCCTAGGGTGT-1,lesioned
GACGTGAGACTCCATG-1,intact
GACGTGTAGGGATTAT-1,intact
GACTAAGATCATGCAC-1,intact
GACTAAGTAGGCTCAC-1,intact
GACTAGGCCGTTAGGT-1,lesioned
GACTCACCCACGTGAG-1,lesioned
GACTCCCAGAATAAGG-1,lesioned
GACTCGCGGGAATGAC-1,lesioned
GACTGCAAATCGAGCT-1,lesioned
GACTGCACCAGCCCAG-1,lesioned
GACTGCGGCACGTGTA-1,intact
GAGAAACTGGATCCCA-1,lesioned
GAGAACGGTTCTGACT-1,lesioned
GAGAATCTCACGATCA-1,intact
GAGACTGATGGGTAGA-1,intact
GAGACTTCGCGACCGA-1,lesioned
GAGAGCGCAGTCCCTG-1,intact
GAGAGGCCTATGTGTA-1,lesioned
GAGAGGGCGCGAGGTT-1,intact
GAGAGGTGCATTCTGG-1,intact
GAGATCTGCTTGGCAT-1,intact
GAGATCTGTCACTCCG-1,lesioned
GAGATCTTCCATGACA-1,lesioned
GAGATGGCTTTAATCA-1,lesioned
GAGATGGGAGTCGACA-1,lesioned
GAGCACCTGTGTCCAG-1,lesioned
GAGCACGGCGCCTCTT-1,lesioned
GAGCATCATCCCTGGG-1,intact
GAGCCACGGTAGTAGG-1,intact
GAGCCAGCTACCTGTG-1,lesioned
GAGCGCAAATACTCCG-1,lesioned
GAGCGCGCACGAGTAG-1,lesioned
GAGCTAAGGGCATATC-1,lesioned
GAGCTCTCGGACCTAA-1,intact
GAGGAATGGAGAGGTT-1,intact
GAGGAGATCCTCATGC-1,intact
GAGGATAAACAGTGCT-1,lesioned
GAGGCCTGTTGATACA-1,lesioned
GAGGCTATCAAAGTCG-1,intact
GAGGGCATCGCGTATC-1,intact
GAGGGCGCAGCTCTGC-1,lesioned
GAGGTACGCGTGTCCC-1,lesioned
GAGGTCCCAAAGATCT-1,intact
GAGTAAACCGGAAAGT-1,lesioned
GAGTAAATTAAGAACC-1,lesioned
GAGTACGGGTATACAA-1,intact
GAGTAGATACTAGTTG-1,lesioned
GAGTATCAAAGTTACA-1,lesioned
GAGTATGCCCGCCTTG-1,intact
GAGTATGCGCGTGCAT-1,lesioned
GAGTCAGACCAGAATC-1,intact
GAGTCCGCTTACCGGA-1,lesioned
GAGTCGACAGACCCTC-1,intact
GAGTGTCAACCAGAAA-1,lesioned
GAGTGTGCGGTACCCA-1,lesioned
GATAAATCGGTGGATG-1,intact
GATAACTCGCACTGTG-1,lesioned
GATAAGGCAGATGCAA-1,intact
GATACCGTGTCGGAGT-1,lesioned
GATACGATGGGAGTCA-1,intact
GATAGATAGTACAGTC-1,lesioned
GATAGCGTACCACGCG-1,intact
GATAGGATTAATTACA-1,lesioned
GATAGGTAACGTTGAC-1,lesioned
GATAGGTGTCCCGGGC-1,lesioned
GATATCAGTATGTATC-1,intact
GATATGAGACACTAAC-1,lesioned
GATATGGATTACGCGG-1,intact
GATATTGAGATTGGCG-1,lesioned
GATCATTCCAAACATT-1,intact
GATCCCTTTATACTGC-1,intact
GATCCGAATATAAGTG-1,lesioned
GATCCGGGAATTAACA-1,lesioned
GATCCTAAATCGGGAC-1,lesioned
GATCCTCGACACTGGC-1,intact
GATCGACACTATCTGA-1,intact
GATCGCGGGCTCTCCA-1,intact
GATCGCTACCCGATTT-1,lesioned
GATCGGATAGAACCAT-1,intact
GATCGGCGATAAGTCG-1,intact
GATCGGTGGCCATAAC-1,intact
GATCGTGACTGATATC-1,lesioned
GATCTCGACGCTGTGG-1,lesioned
GATCTGCTATCTAAGG-1,lesioned
GATCTTCATTGTCCTC-1,intact
GATCTTGGAGGGCATA-1,lesioned
GATCTTTGCAGGGTAT-1,intact
GATGAGGAACCTTCGG-1,lesioned
GATGCCAGCAGAAGGC-1,intact
GATGCGAATGGTATTA-1,intact
GATGCGTCCTGCATTC-1,intact
GATGCTACAAGCGCCT-1,intact
GATGCTGTATTTCATC-1,lesioned
GATGGCGCACACATTA-1,intact
GATGTCCGGATCACAT-1,intact
GATGTTCAATCCACGA-1,intact
GATGTTTGTGCGAGAT-1,intact
GATTAACCGAAAGCCC-1,lesioned
GATTAATCCTGGCTCA-1,intact
GATTACTGAATTTGGG-1,intact
GATTCCCTTGTCGCAG-1,intact
GATTCCGCGTTTCCGT-1,intact
GATTCCTATACGGCGC-1,intact
GATTCGACGGTTCACG-1,lesioned
GATTGGGAAAGGTTGT-1,lesioned
GCAAACCCTACATTAT-1,lesioned
GCAAACCTTGGCCATA-1,lesioned
GCAAACGTCGCCAGGT-1,lesioned
GCAAATATTACGCTTT-1,intact
GCAAATGAGGACACTT-1,intact
GCAACAGCAGTATGCG-1,lesioned
GCAACCACGGCCGCGT-1,intact
GCAACCCAAGTTGTTT-1,intact
GCAACGGCTAGTTATG-1,lesioned
GCAAGAATTCCTTGGC-1,intact
GCAAGTGCACAGAGAA-1,intact
GCAATTAGTCGCACCG-1,lesioned
GCACAAACGAGGCGTG-1,lesioned
GCACAAGTGGATCATA-1,intact
GCACACACTGGTAGCC-1,lesioned
GCACACGCCCATGGTC-1,intact
GCACCTTCCCGAAGGT-1,lesioned
GCACGCCTACTTAGAT-1,intact
GCACGTGGTTTACTTA-1,lesioned
GCACTAGTCGCGCTAT-1,intact
GCACTGCCTACCTTTA-1,lesioned
GCACTGTGCAAATGTA-1,intact
GCAGAAGGTAATCTCC-1,lesioned
GCAGACCCAGCACGTA-1,lesioned
GCAGATCCATAAGACT-1,lesioned
GCAGATCCTCGCAAAT-1,intact
GCAGATTAGGGATATC-1,intact
GCAGCACACAGCCCAG-1,intact
GCAGCCTATATCACAT-1,lesioned
GCAGCGGTGGGCATTA-1,intact
GCAGCTGTCAACGCAT-1,lesioned
GCAGGACTATAGAATA-1,intact
GCAGTGCGGGCGGATG-1,lesioned
GCAGTGTGGCTATAGG-1,lesioned
GCAGTTCGATCCGAGC-1,lesioned
GCATACGAGGTCTTTA-1,intact
GCATAGAGCACTCAGG-1,intact
GCATCCCTAACTTTGA-1,intact
GCATCGGCCGTGTAGG-1,lesioned
GCATGAGGGACGCGGC-1,lesioned
GCATGCTAATAACGAT-1,lesioned
GCATGGGTACTGACGC-1,intact
GCATTCAAGGCAACGC-1,lesioned
GCATTCGAAATGAACA-1,intact
GCATTGTAATTCATAT-1,intact
GCATTTCCAAGGCTCC-1,lesioned
GCCAACCATTTCCGGA-1,lesioned
GCCAATAGGGCATCTC-1,lesioned
GCCACAATTTAAGGAC-1,intact
GCCACTCAGAGCGCGA-1,lesioned
GCCACTCCTTACGGTA-1,lesioned
GCCAGGAGTAACCGAT-1,lesioned
GCCAGGCTTAGTGGTA-1,intact
GCCATATTGCACACAG-1,lesioned
GCCATCGAGCTGCGTG-1,intact
GCCATCGATGCTGCAT-1,lesioned
GCCCACCAAGGCTGTC-1,intact
GCCCAGATGCTGGAGA-1,lesioned
GCCCAGTTGGTATGCC-1,intact
GCCCGACTTCTTCCCG-1,intact
GCCCGATCTGTGGTCG-1,lesioned
GCCCGCGCGTAAACGG-1,intact
GCCCGCGCGTTTGACA-1,intact
GCCCGTAATACCTTCT-1,lesioned
GCCCTGAGGATGGGCT-1,lesioned
GCCGAAATTCCTACGT-1,intact
GCCGATTGGCCAAGCT-1,lesioned
GCCGCACTCCGTTTCA-1,lesioned
GCCGCATTAGTCCGGC-1,intact
GCCGCTTGTGAGAAAC-1,intact
GCCGGGTTAGGGTCGC-1,intact
GCCGTGGAAGAAATGT-1,lesioned
GCCTACGTTCTGTGCA-1,lesioned
GCCTAGCGATCTGACC-1,intact
GCCTATAGTGTCAGGG-1,lesioned
GCCTATCAGGTAAGAT-1,lesioned
GCCTATTCCGATATAG-1,intact
GCCTATTTGCTACACA-1,intact
GCCTCATCTGGAAATA-1,lesioned
GCCTCCGACAATTCAC-1,lesioned
GCCTCTATACATAGCA-1,lesioned
GCCTTCAGCCCTACCG-1,intact
GCCTTGTATATGCAGT-1,intact
GCGAAACGATCGGGAG-1,lesioned
GCGAAACTTAACTGGA-1,lesioned
GCGAAGAATCTGACGG-1,lesioned
GCGAAGCCATACCCGT-1,intact
GCGACATGTAAACATC-1,lesioned
GCGACGATAGTTGTAC-1,intact
GCGAGAAACGGGAGTT-1,intact
GCGAGAGTTGCGTCCA-1,lesioned
GCGAGCGCATGCTCCC-1,lesioned
GCGAGGCCCGAGCAGA-1,intact
GCGAGTTCTGCAAAGA-1,intact
GCGATGTCTGTGCTTG-1,intact
GCGATTGTTAACGTTA-1,lesioned
GCGCAAGAGCGCGCTG-1,lesioned
GCGCATCCAGTCAGCA-1,lesioned
GCGCCGTTCCACGATA-1,lesioned
GCGCCTCCCACTCCGA-1,lesioned
GCGCGTCATTGGTACA-1,lesioned
GCGCTAATTGAATAGA-1,lesioned
GCGCTATGCCGAGGCA-1,intact
GCGCTCGATCACCTGT-1,lesioned
GCGCTGCTTTGCATTT-1,lesioned
GCGCTGGCGGAAAGTC-1,intact
GCGCTTAAATAATTGG-1,lesioned
GCGGACCGCGTTGTGG-1,intact
GCGGAGAGGGAGAACG-1,lesioned
GCGGCTCTGACGTACC-1,intact
GCGGCTTTAGCAAGTT-1,lesioned
GCGGGAACCAGGCCCT-1,intact
GCGGGCATTACGATGC-1,lesioned
GCGGGCGAGCCTTACC-1,lesioned
GCGGTAACCCAAATGA-1,intact
GCGGTCCCTAGACGCA-1,intact
GCGGTCTTGCTTTCAC-1,lesioned
GCGGTGCGGAGCATCG-1,intact
GCGGTTCCCTATCATG-1,intact
GCGTAAATGGCCATAA-1,lesioned
GCGTCCAGCTCGTGGC-1,intact
GCGTCGAAATGTCGGT-1,intact
GCGTCGCCAGGGTGAT-1,lesioned
GCGTCTAACCTCCTAA-1,lesioned
GCGTCTCTGCATTGGG-1,intact
GCGTGGTACTGGGTTA-1,lesioned
GCGTTATATTTGGAAC-1,intact
GCGTTCTGACTAAGCG-1,lesioned
GCTAAACCTGAGGTGA-1,intact
GCTAACTGAAGTCTGA-1,lesioned
GCTAAGTAAAGGCGAT-1,intact
GCTAAGTAGTTTCTCT-1,lesioned
GCTAATACCGAATGCC-1,intact
GCTACAATCGAGGATA-1,lesioned
GCTACACTGTCCGAAC-1,intact
GCTACAGTACGGACCG-1,intact
GCTACGACTTATTGGG-1,lesioned
GCTACTATAGTAGAGT-1,lesioned
GCTAGACCGTCTACTG-1,lesioned
GCTAGAGTAGAGATGT-1,lesioned
GCTAGCACCTGGGCCA-1,lesioned
GCTAGCTTGAATAGCT-1,intact
GCTAGGCACCACGGAG-1,lesioned
GCTAGTAGAGCTTGTA-1,lesioned
GCTAGTTTCATTGAGG-1,intact
GCTATACGTCTCGGAC-1,lesioned
GCTATCATACTCATGG-1,lesioned
GCTATCGCGGCGCAAC-1,intact
GCTCAACCTCTTAGAG-1,intact
GCTCAATCCGTTTATT-1,intact
GCTCAATGTAATACCG-1,lesioned
GCTCCATGAGTGCAGA-1,lesioned
GCTCCCAGTCGGTCCA-1,lesioned
GCTCCGCTCGCTTCAG-1,lesioned
GCTCGCGGTTCCGCTC-1,intact
GCTCGCTCATGTCCAA-1,lesioned
GCTCGGAATTTAAAGC-1,lesioned
GCTCTAAACCCTGACG-1,intact
GCTCTATGTTACGTGC-1,intact
GCTCTCGGGTACCGAA-1,intact
GCTGAACTCTCCAGGG-1,lesioned
GCTGAGCAACGGTTCT-1,intact
GCTGAGGCGTGAGTAT-1,lesioned
GCTGCACGGTTTCTTA-1,lesioned
GCTGCGCCTCCCACGT-1,intact
GCTGCTAAGTAGTCGA-1,lesioned
GCTGCTACTGCGTAGC-1,lesioned
GCTGCTCTCCGGACAC-1,intact
GCTGGCAGGTGCCGTG-1,intact
GCTGGCATATTCACCT-1,intact
GCTGGCGGCGCATGCT-1,lesioned
GCTGGGTCCGCTGTTA-1,intact
GCTGTATTACTGGCCC-1,intact
GCTGTTGCTACCGAAC-1,lesioned
GCTTAATGTAACTAAC-1,lesioned
GCTTACGTAGTTAGTA-1,lesioned
GCTTATGAAGCAGGAA-1,lesioned
GCTTCCAGCTTAGATT-1,intact
GCTTCCGTCCCTAGAC-1,lesioned
GCTTGATGATAATCAG-1,intact
GCTTGGATCGATTAGG-1,lesioned
GCTTTACACAACTGGG-1,lesioned
GCTTTCAGAGGAGGTG-1,lesioned
GGAAACTAAATGGGCC-1,lesioned
GGAAAGTGCCCATGCC-1,lesioned
GGAACCCGAACAAGAA-1,intact
GGAACCGTGTAAATTG-1,intact
GGAACGGCCTGCAGCC-1,intact
GGAACTTTGGCGATTA-1,lesioned
GGAATGCGCTAGCGTG-1,lesioned
GGACAACCATGAAGCC-1,lesioned
GGACAAGTTGCAGTGA-1,intact
GGACACAAGTTTACAC-1,lesioned
GGACCAACAGGATAAC-1,lesioned
GGACGGGCGACCAACC-1,lesioned
GGACTAAGTCAGGAGT-1,intact
GGACTCACAAATTAGG-1,lesioned
GGACTCGAAGCTTTCA-1,lesioned
GGACTCTTCCGGTTGA-1,lesioned
GGACTCTTTGACTAAG-1,lesioned
GGAGAAGTCATTGGCA-1,intact
GGAGACATTCACGGGC-1,intact
GGAGACGACACCTTTG-1,lesioned
GGAGCAACATTTCAAG-1,lesioned
GGAGCACCAAGAACTA-1,lesioned
GGAGCGAGGCCTACTT-1,lesioned
GGAGGCCGAAGTCGTC-1,lesioned
GGAGGGCTTGGTTGGC-1,lesioned
GGAGGGTCAAGTAAGA-1,lesioned
GGAGTACACATGAGCT-1,intact
GGAGTGCCGCCCTGGA-1,intact
GGAGTTGATTCTGTGT-1,lesioned
GGATACTCATGAATTG-1,intact
GGATCAAAGGACGAGG-1,intact
GGATCCCTACCAGCTA-1,intact
GGATCCGGAATATACT-1,lesioned
GGATGAAGATCGCTGA-1,lesioned
GGATGACGCGAGTTTA-1,intact
GGATGCTGGCGTTCCT-1,intact
GGATGGCTTGAAGTAT-1,lesioned
GGATGTCCTTACCGCA-1,lesioned
GGATTCAGTACGGTGG-1,intact
GGATTCCGCTATACCC-1,lesioned
GGATTGCTGTGACTCC-1,lesioned
GGATTTCACTTCTATA-1,lesioned
GGCAAAGGCGCCAATA-1,intact
GGCAAATTACTTTACT-1,intact
GGCAAGGCGAAATAGC-1,lesioned
GGCAATAGTCAATGAG-1,lesioned
GGCACTCAGCCGACCC-1,lesioned
GGCACTCCACTGGGCA-1,intact
GGCACTGCGGTGGTTT-1,lesioned
GGCAGAGAGATCGGGA-1,intact
GGCAGCAAACCTATGC-1,lesioned
GGCATACAGGTAGCGG-1,intact
GGCATATCGGTTCTGC-1,lesioned
GGCATCAACGAGCACG-1,intact
GGCCACAAGCGATGGC-1,intact
GGCCACACGAAAGCCT-1,intact
GGCCCAGCTGGTTTGC-1,lesioned
GGCCCGGAGCATGTCT-1,lesioned
GGCCCGTATACCATGC-1,lesioned
GGCCCTCACCCACTTA-1,intact
GGCCGCAGGAACCGCA-1,lesioned
GGCCGGCGTCTGCTAT-1,lesioned
GGCCTGCTTCTCCCGA-1,lesioned
GGCCTTTGCAACTGGC-1,intact
GGCGAAATCTAACTTG-1,lesioned
GGCGCAGGACATCTTC-1,intact
GGCGCATGAATTGATG-1,intact
GGCGCGGAGATCTTTC-1,lesioned
GGCGCGTTCGAGTTTA-1,lesioned
GGCGCTCCTCATCAAT-1,intact
GGCGCTTCATTCCCTG-1,lesioned
GGCGGAGTAATATTAG-1,intact
GGCGGGCTCTAAGAGT-1,lesioned
GGCGGTAGGATCATTG-1,lesioned
GGCGGTTTGCCGGTGC-1,intact
GGCGTAGGGAAAGCTG-1,lesioned
GGCGTCCTATCCGCTG-1,intact
GGCTATTAAGTTGTAT-1,intact
GGCTCGCGTTGAGGTA-1,lesioned
GGCTCGTGCCACCAGC-1,intact
GGCTCTGCTCCAACGC-1,lesioned
GGCTGAAATAGCAAAG-1,lesioned
GGCTGGCTAGCTTAAA-1,intact
GGCTTGGCTCTCACCT-1,intact
GGCTTTCAATAAGGGT-1,lesioned
GGGAAAGAATGCCAAC-1,lesioned
GGGAACGGGAGGTTAG-1,intact
GGGAAGACGGTCTGTC-1,lesioned
GGGAAGGGCTTTCTCA-1,lesioned
GGGAATTCTGTCCAGT-1,intact
GGGACCCGTATATCTT-1,lesioned
GGGACTGCATAGATAG-1,intact
GGGAGAACTCACAGTA-1,intact
GGGAGCGACCGTAGTG-1,lesioned
GGGAGGATGCCCGAAA-1,intact
GGGAGTAATGGCTGGC-1,intact
GGGAGTTAATGAGGCG-1,lesioned
GGGATACGGTAATAAT-1,intact
GGGATGGTCGTAACCG-1,intact
GGGATTTACCGCACCT-1,lesioned
GGGCACGAATTGGCCG-1,intact
GGGCAGAGCAATCGTT-1,lesioned
GGGCAGTCAACGCCAA-1,lesioned
GGGCCCGTCTTAAACA-1,intact
GGGCCCTACGAAAGGG-1,intact
GGGCCCTTATCTATAC-1,intact
GGGCCGGCCGAAGTAC-1,lesioned
GGGCGAATTTCTCCAC-1,intact
GGGCGATATGTGTGAA-1,intact
GGGCGCAGCGTTACTC-1,lesioned
GGGCGGCAAATGAATT-1,intact
GGGCGGGTTCCCTACG-1,intact
GGGCGGTCCTATTGTC-1,intact
GGGCGTACATTTATAT-1,intact
GGGCGTCACCACGTAA-1,intact
GGGCGTGGTTTCCCAG-1,lesioned
GGGCTATGATCGATGG-1,lesioned
GGGCTCATCGAACCCA-1,lesioned
GGGCTGCCTAGGGCGA-1,lesioned
GGGCTGGTTAGTCGCG-1,intact
GGGTAATGCTGTGTTT-1,intact
GGGTACACTCTGGAGG-1,intact
GGGTACCCACGGTCCT-1,intact
GGGTACTTCATGAACT-1,intact
GGGTATGTATGCACTT-1,intact
GGGTCACCGTGACGGT-1,intact
GGGTCATGCGTACCAT-1,intact
GGGTCGTGGCAAGTGT-1,lesioned
GGGTCTATCGCTTTCC-1,lesioned
GGGTGACACCTTAACT-1,intact
GGGTGCATATGAAAGC-1,lesioned
GGGTGTTTCAGCTATG-1,intact
GGGTTAACATTTGAGT-1,intact
GGGTTCAGACGAACAA-1,intact
GGGTTTAGGATAGGAT-1,lesioned
GGTAAACTCTGCGCTG-1,lesioned
GGTAACCGGCAAAGGT-1,intact
GGTAACTATGTATCTG-1,intact
GGTACAAACATGCTAT-1,intact
GGTACATCTGGGACGA-1,intact
GGTACCATTAAGACGG-1,lesioned
GGTACGTTGCGGCCGG-1,lesioned
GGTACTAAGTGCTTTG-1,lesioned
GGTAGAAGACCGCCTG-1,lesioned
GGTAGACCGTTGGGCG-1,lesioned
GGTAGTGCTCGCACCA-1,lesioned
GGTATAGTGACACATA-1,lesioned
GGTATCAAGCATAGAA-1,intact
GGTATGAAAGAACTGA-1,intact
GGTATTGCCGAGTTTA-1,intact
GGTCAAGACTACTTCG-1,lesioned
GGTCACGTTAGATTCA-1,intact
GGTCAGTGGGTCCCAC-1,lesioned
GGTCCTTCATACGACT-1,intact
GGTCGGCCAGGAGCTT-1,lesioned
GGTCGGTAATTAGACA-1,intact
GGTCGGTCGTCCACAG-1,lesioned
GGTCTCCAAGTAGTGC-1,lesioned
GGTCTCCGTCCAGGTT-1,lesioned
GGTCTCTGAATGGACT-1,intact
GGTCTGAGAATCTGGA-1,lesioned
GGTCTTGAGCGCTCTT-1,lesioned
GGTCTTGGTGTTAACT-1,intact
GGTGAAACCGGGAATG-1,intact
GGTGAACGGGCTAGCC-1,intact
GGTGAAGTACAGGGAT-1,intact
GGTGACTGATAGAGAG-1,lesioned
GGTGAGATGCAGATAA-1,intact
GGTGATAAGGAGCAGT-1,lesioned
GGTGATGAAGGAAGTG-1,intact
GGTGATTTCATCTTGT-1,intact
GGTGCGGATAAGTGGC-1,intact
GGTGCTGATCACAAAG-1,intact
GGTGCTGGTACACATT-1,intact
GGTGGACTGCTCTGGC-1,lesioned
GGTGGAGGTTGATACG-1,lesioned
GGTGTTGGGCGTCTTA-1,lesioned
GGTTACCACCCTCGGG-1,intact
GGTTACCCGACACTTT-1,lesioned
GGTTAGCTATATGTCT-1,lesioned
GGTTAGGCTTGGAGAA-1,intact
GGTTAGTTACGGCGCC-1,intact
GGTTCGGATTATACTA-1,intact
GGTTCTACTCGTCTGA-1,lesioned
GGTTGTGCTCTTGTCC-1,intact
GGTTGTGTAGCCTGGC-1,intact
GGTTTAATTGAGCAGG-1,lesioned
GGTTTACAATCTCAAT-1,lesioned
GGTTTAGCCTTTCTTG-1,lesioned
GGTTTCAATCGGTCAG-1,lesioned
GGTTTGAGTGCTGGAA-1,intact
GGTTTGTGACCTGAGG-1,lesioned
GTAACATCTAAGATAA-1,lesioned
GTAACTTGCGGCAGTC-1,intact
GTAAGCGGGCAGTCAG-1,intact
GTAAGTAACAGTCTGG-1,lesioned
GTAAGTAGGGTATACC-1,intact
GTAAGTCCACACTCTA-1,lesioned
GTAATAAAGGGCTCCC-1,lesioned
GTAATCTGATTCTTCG-1,intact
GTACACTTACCTGAAG-1,lesioned
GTACAGAGGCAAGGGT-1,lesioned
GTACGACGGCGCTGCG-1,intact
GTACGAGATTGCGACA-1,intact
GTACGCTTCATTGCAC-1,lesioned
GTACGTTTGCCCGTCA-1,lesioned
GTACTAAGATTTGGAG-1,intact
GTACTCCCTTATCGCT-1,intact
GTACTCCTGGGTATGC-1,lesioned
GTACTGAGGTCGTAAC-1,intact
GTACTGCATGAAGCGT-1,intact
GTACTGGAGTTAGACC-1,lesioned
GTACTTGGGCACTTCT-1,intact
GTAGAAACGGGTGGAG-1,intact
GTAGACACGCCTGACT-1,lesioned
GTAGACGTCGTTACAT-1,intact
GTAGAGGGAGACAAGT-1,intact
GTAGCCAAACATGGGA-1,lesioned
GTAGCGCTGTTGTAGT-1,intact
GTAGCGGCTATACACT-1,lesioned
GTAGCTTCCTCTTGTT-1,lesioned
GTAGGTGATCCGTGTA-1,intact
GTAGTCGCGGGAATCA-1,lesioned
GTAGTCTACGATATTG-1,lesioned
GTAGTGAGCAACCTCA-1,lesioned
GTATAATCTCCCGGAT-1,intact
GTATAGGACTCAGTAG-1,intact
GTATATGTTACGGCGG-1,intact
GTATCAAACGTTAGCT-1,lesioned
GTATCAGCTTGGGTTC-1,intact
GTATCCTTTGGTAACC-1,lesioned
GTATCGGGACGAGCTG-1,intact
GTATCTTTCATAACCA-1,lesioned
GTATGACGTGGGAAAC-1,intact
GTATGTGGGTCTAGTT-1,lesioned
GTATTAAGGCGTCTAA-1,intact
GTATTCTGAGAAACGA-1,intact
GTATTCTTACCGTGCT-1,intact
GTATTTAATGGCATAA-1,lesioned
GTCAAAGTTTACATAG-1,intact
GTCAACCAGGCCTATA-1,lesioned
GTCAATTGTACTGAAG-1,intact
GTCACTCTCCAAATCT-1,intact
GTCAGAATAGTCTATG-1,intact
GTCAGACAGCGTTGGA-1,intact
GTCAGTTTGGTAGTCG-1,intact
GTCATCTCCTACAGCT-1,intact
GTCATGCACCTCCGTT-1,intact
GTCATGCGCGAGGGCT-1,lesioned
GTCATGGACATGACTA-1,intact
GTCATTAGAGCGAACG-1,lesioned
GTCATTGCATTGACCC-1,intact
GTCCACGTCGCATTCG-1,lesioned
GTCCATTACTGCTACG-1,lesioned
GTCCCAACGTAAAGTA-1,lesioned
GTCCCGCGACGTTATG-1,lesioned
GTCCGAGAGCAATCAT-1,intact
GTCCGGACCTGAAATT-1,lesioned
GTCCGGCTGAATTGCG-1,intact
GTCCTACAGGCGGCTC-1,intact
GTCCTACGAATAGTCT-1,lesioned
GTCCTATTGTTGTGGT-1,intact
GTCCTTCTACAACCCA-1,intact
GTCGATAGGTGACTTT-1,lesioned
GTCGCCGTTGTGTGTT-1,intact
GTCGCGTAACCCGTTG-1,lesioned
GTCGGATATCTCAGAC-1,intact
GTCGGATGTAGCGCGC-1,intact
GTCGGGAACATGGTAG-1,intact
GTCGGGAAGCAGAAAC-1,lesioned
GTCGTACCATCTCGGG-1,lesioned
GTCGTACCTACGATTG-1,intact
GTCGTCAATTATAAGG-1,intact
GTCGTCTGGTTGGCTA-1,lesioned
GTCGTGTCTGGTCATC-1,lesioned
GTCGTTATTCGCTTAT-1,lesioned
GTCTACTCAATTACAA-1,intact
GTCTAGTGAGCCGCTT-1,lesioned
GTCTATCTGAGTTTCT-1,intact
GTCTATTGCATGCTCG-1,lesioned
GTCTATTGGTTCCGGT-1,lesioned
GTCTCAAGGCCCGGCT-1,lesioned
GTCTCCCGAGTCCCGT-1,lesioned
GTCTCGACTAAGTTTG-1,lesioned
GTCTCGATCTGCTTTC-1,lesioned
GTCTGCCGACTCGACG-1,lesioned
GTCTGGGCGGTCGAGA-1,intact
GTCTTCCTCACCTAAG-1,intact
GTCTTGAGGAGCAGTG-1,lesioned
GTCTTGTAGCTATTCA-1,lesioned
GTGAAACGGCGCCACC-1,lesioned
GTGAAACGTGCTCCAC-1,intact
GTGAACTCCCATTCGA-1,lesioned
GTGACAGCTTCCCACT-1,lesioned
GTGACCGCACACTACG-1,lesioned
GTGACCTAAAGAATAA-1,lesioned
GTGACGAGGGTGACCC-1,lesioned
GTGACGCAGGTTTCAT-1,lesioned
GTGACTTCAGTAGTGC-1,intact
GTGAGCGTGCTGCACT-1,intact
GTGAGGACACTTAAGG-1,lesioned
GTGAGTCGACTAATAG-1,lesioned
GTGAGTCTAAGACGGA-1,intact
GTGAGTGGTACAACGC-1,lesioned
GTGATCACTAACGCCT-1,lesioned
GTGATCATAGATCTGC-1,intact
GTGATCCTTGTCATGA-1,lesioned
GTGATTCGCCGCTCAA-1,intact
GTGCACGAAAGTGACT-1,intact
GTGCAGCGTAGAGTAG-1,lesioned
GTGCCATCACACGGTG-1,intact
GTGCCCGTTCGGATTC-1,lesioned
GTGCCGCTTCAAAGGT-1,intact
GTGCCTAGCTATGCTT-1,intact
GTGCCTGAGACCAAAC-1,lesioned
GTGCGAAATCGAACAC-1,intact
GTGCGACAGGGAGTGT-1,lesioned
GTGCGCAGCTTGCTCC-1,intact
GTGCGGGACCATCGGC-1,intact
GTGCGGGTCTCCAAAT-1,intact
GTGCGTGTATATGAGC-1,lesioned
GTGCTCAAGTACTGTC-1,intact
GTGCTGCAGATAAGGA-1,intact
GTGCTTACATCAGCGC-1,lesioned
GTGGACCAACCCGATT-1,intact
GTGGACGCATTTGTCC-1,lesioned
GTGGACGTGCTGAGAC-1,intact
GTGGAGCATGTCGGCC-1,lesioned
GTGGAGTCGGCGGTTG-1,intact
GTGGCCTAATATCATT-1,intact
GTGGCGGTCCCAGCGT-1,intact
GTGGCTGTTTCTGTTC-1,lesioned
GTGGGAAGACTGAATC-1,intact
GTGGGCTTAGACACAC-1,intact
GTGGGTCTTCTTTGCG-1,intact
GTGGTATAGTCTGCCG-1,intact
GTGGTGATGGTTTGTG-1,lesioned
GTGGTGGCCAAGTGAA-1,lesioned
GTGGTTACTTCTTTCG-1,lesioned
GTGGTTTCCGCCTTTC-1,intact
GTGTACCTTGGCTACG-1,lesioned
GTGTACGAACCGTTCC-1,lesioned
GTGTATATCAGCGGGC-1,lesioned
GTGTATGACTTTAAAG-1,intact
GTGTCGTATAGCGTTC-1,lesioned
GTGTGAATAACTTAGG-1,lesioned
GTGTGTCGACGTCGCT-1,intact
GTGTTACTATGCGTCC-1,lesioned
GTTAAAGTAGGACTGG-1,lesioned
GTTAACATCACTTAAA-1,lesioned
GTTAACTATGTTGTCA-1,lesioned
GTTAAGGGTGCGATGT-1,lesioned
GTTAAGTTAGAGTGGG-1,lesioned
GTTAATGTCTATCTTA-1,intact
GTTACAATTGGTGACG-1,intact
GTTACCTACAACTTGC-1,lesioned
GTTACGAAATCCACGC-1,intact
GTTACTTTGGGCCTAG-1,intact
GTTAGCCCATGACATC-1,lesioned
GTTAGCCGTAAATCAA-1,lesioned
GTTATAATACGGTGAA-1,lesioned
GTTATATTATCTCCCT-1,lesioned
GTTATCAAGCTATCGA-1,lesioned
GTTATTAACGTGGGAG-1,intact
GTTCAAATCAGATGTC-1,intact
GTTCACAGGAGTCTAG-1,intact
GTTCATCGTTTGGCTG-1,lesioned
GTTCCAAGACAGCGAC-1,intact
GTTCCAGTCTGACCAT-1,intact
GTTCCCGTAAACATAT-1,lesioned
GTTCGCCATAAGTGCC-1,intact
GTTCGCTGAGACGTCT-1,lesioned
GTTCGGAGCACTCAAC-1,lesioned
GTTCGGATCGGGAACA-1,lesioned
GTTCGGGCGTACCATT-1,lesioned
GTTCGTCTAAAGAACT-1,lesioned
GTTCTTCCCTCGATGT-1,intact
GTTGAACCGGTTCCAT-1,intact
GTTGAGTCCCGCCGGT-1,lesioned
GTTGCACGGAGTTTCG-1,intact
GTTGCAGTCGACAACA-1,lesioned
GTTGCGCTAACATTAC-1,lesioned
GTTGCGGACGGTCAGG-1,lesioned
GTTGGATTGAGAACAC-1,lesioned
GTTGGATTTGCGTTGG-1,intact
GTTGGTCATGCTATCC-1,lesioned
GTTGTCGTGTTAGTTG-1,intact
GTTGTTGCAAGATGGC-1,lesioned
GTTTACGTTCCATCTG-1,lesioned
GTTTATGGGATTTAGA-1,intact
GTTTCAAACGAGTTGT-1,lesioned
GTTTCATATCGTCGCT-1,intact
GTTTCCTGGAGGGTGA-1,intact
GTTTCTAGAGGCGCGG-1,lesioned
GTTTCTGCAGTCTCCC-1,lesioned
GTTTGACCAAATCCTA-1,intact
GTTTGGCCCAAGTTAT-1,lesioned
GTTTGGCCGCTCAGCG-1,intact
GTTTGGGCTTGTGAGC-1,lesioned
GTTTGGGTTTCGCCCG-1,lesioned
GTTTGGTAGGGTCAAC-1,lesioned
TAAACCCAGGAGGGCA-1,intact
TAAACGTCGTCAATGA-1,intact
TAAAGACAACCCTTTA-1,lesioned
TAAAGAGCCCGAAACC-1,intact
TAAAGCGTTAGGAGAA-1,lesioned
TAAATGAATCCGTTTC-1,intact
TAAATGGGCTACTGAG-1,lesioned
TAACAAAGGGAGAAGC-1,intact
TAACAATATTTGTTGC-1,intact
TAACATACAATGTGGG-1,lesioned
TAACCGCCCGCAGTGC-1,intact
TAACCTACCGTCCGAG-1,lesioned
TAACCTAGGGAGTCCA-1,lesioned
TAACGCTTTGAGAGCG-1,intact
TAACTATCGAAGGTCC-1,intact
TAACTATTACGCCAAA-1,lesioned
TAACTCATCCGCGCGG-1,intact
TAACTCCATGGAGGCT-1,intact
TAAGATTTAGCGGGAG-1,intact
TAAGCAGGCGACACGC-1,intact
TAAGGAACTTGTGGGA-1,intact
TAAGGCAACATAAGAT-1,intact
TAAGGCATAACATCAA-1,intact
TAAGGCCCGTCACCCT-1,lesioned
TAAGGCTGAATCCCTC-1,lesioned
TAAGGGCCTGTCCGAT-1,lesioned
TAAGGGCTGGGAGAGG-1,intact
TAAGTAACATCTTGAC-1,intact
TAAGTTGCGACGTAGG-1,lesioned
TAATACACAGTAGTAT-1,intact
TAATACTAGAACAGAC-1,lesioned
TAATAGAACAGAGTTA-1,intact
TAATAGTGACGACCAG-1,lesioned
TAATATTGAAATTCGC-1,intact
TAATCAACCAAATGGG-1,lesioned
TAATCGATCCGTACGT-1,lesioned
TAATGAAAGACCCTTG-1,intact
TAATTACGTCAGTAGA-1,lesioned
TAATTAGATGGATATG-1,intact
TAATTAGGACATCCGT-1,lesioned
TAATTCCAATGCTTCA-1,lesioned
TAATTTCCGTCCAGTA-1,intact
TACAACGCACAACTCA-1,intact
TACAAGGGCTTCTTTA-1,lesioned
TACAAGTCTCGTGCAT-1,intact
TACACCTCTTCGAATC-1,lesioned
TACAGAAACGGTGGGC-1,lesioned
TACATAGGCATACACC-1,intact
TACATCCCTATCCCTG-1,intact
TACATCTTGTTTCTTG-1,intact
TACATGACCTTATCCG-1,intact
TACATGCCGGAATTGT-1,lesioned
TACATTTCTAACGTGC-1,intact
TACCAAATAGCCCAGA-1,lesioned
TACCAATAAAGTACCA-1,lesioned
TACCAGAAGTAGGTTC-1,intact
TACCATGTATTGATTT-1,lesioned
TACCCTCGGTAACCCT-1,lesioned
TACCGAATAATTGTAA-1,lesioned
TACCGCGGACTTGCAG-1,lesioned
TACCGGCTCACTGCCC-1,lesioned
TACCGGTCGTTTCCAT-1,intact
TACCGTAGGTTAACTA-1,lesioned
TACCGTGCCTCGGACC-1,lesioned
TACCTACTCCCAGTAT-1,lesioned
TACCTATCCCTAGAGG-1,intact
TACCTCACGCTTGTAC-1,intact
TACCTCTTTACCATCC-1,lesioned
TACCTGCTGCACTGTG-1,intact
TACCTTAAGATTTCCC-1,intact
TACGACGCTTGCTGCG-1,intact
TACGACTGCCTCTTAG-1,lesioned
TACGAGAACTTCACGT-1,intact
TACGATGTTGATCATC-1,intact
TACGCAGTTCTTTCCT-1,intact
TACGCCATATTCTAAT-1,intact
TACGCCGCCTCAGAAG-1,lesioned
TACGCCTCCATTCCGA-1,lesioned
TACGCTATAGAAACCT-1,lesioned
TACGCTCGGTATTGGA-1,lesioned
TACGGAAGCCAAACCA-1,lesioned
TACGGCATGGACGCTA-1,lesioned
TACGGGATGCTAGCAG-1,lesioned
TACGGGTAATAACATA-1,lesioned
TACGTAAAGCGGAGTG-1,lesioned
TACGTGCAAGGTTCCT-1,lesioned
TACGTGCACTATGCTG-1,intact
TACGTGGGCCCAGGGC-1,lesioned
TACGTTTACCGGCAAT-1,intact
TACTACGTGCAATGCG-1,lesioned
TACTATGGTTCCTCAG-1,intact
TACTCGGCACGCCGGG-1,intact
TACTCGTTTGAATCAA-1,lesioned
TACTCTCCGAACAAAT-1,lesioned
TACTCTTACTTTACTG-1,lesioned
TACTCTTTCGTCTTCA-1,intact
TACTGAACAGATTTAG-1,intact
TACTGGACAGCTCGGC-1,intact
TACTGTTTCTCTGGTA-1,lesioned
TACTTAAACATGTACA-1,lesioned
TACTTGTTAGTAGTCC-1,lesioned
TACTTTACTGAGCCGG-1,lesioned
TAGAAACACAATAGTG-1,intact
TAGAAAGGTGGCGCTA-1,lesioned
TAGAAATTCACGTATA-1,intact
TAGAACGCCAGTAACG-1,intact
TAGAAGAAGGGTTACA-1,lesioned
TAGAATAGCCGATGAA-1,lesioned
TAGACGAAACGCCAAT-1,lesioned
TAGACGCCCGTACCGG-1,lesioned
TAGACTACCTAGCGTT-1,lesioned
TAGAGATCATGCAACT-1,intact
TAGAGCTACGAAGAAC-1,intact
TAGAGGTTCTACTTGT-1,lesioned
TAGAGTCTAAGCGAAC-1,intact
TAGATATGGACTGGAA-1,intact
TAGATGGTTCCTTACT-1,lesioned
TAGATTCCTGGTTATT-1,intact
TAGCAACCTGTCACAA-1,intact
TAGCAGATACTTAGGG-1,lesioned
TAGCAGTATGACTAAA-1,lesioned
TAGCCAGAGGGTCCGG-1,intact
TAGCCATTTCAAAGTC-1,lesioned
TAGCCGGCGGTCAGCG-1,lesioned
TAGCGTCCCTCGATTG-1,lesioned
TAGCGTCCGGTGTGGT-1,lesioned
TAGCGTCGAATATTGA-1,intact
TAGCGTTGGGTCTTAC-1,lesioned
TAGCTAAGTCCGGGAG-1,intact
TAGCTAGAAGGCATGA-1,intact
TAGCTCGCCTGATAAC-1,lesioned
TAGCTGATGTGAAGCG-1,intact
TAGGCATGTTACGCCA-1,lesioned
TAGGCCTATATAGTCT-1,lesioned
TAGGCTAAAGTGGCAC-1,lesioned
TAGGGAGCTTGGGATG-1,lesioned
TAGGGTGTTTCAAGAG-1,intact
TAGGTCCAAGTAAGGA-1,intact
TAGGTCGCCGGAACTG-1,lesioned
TAGGTGACGATAACCT-1,lesioned
TAGGTGAGCCCTACTC-1,intact
TAGGTGCTCGCCTAGC-1,lesioned
TAGGTGTTCCACAGAT-1,lesioned
TAGGTTCGAGTTCGTC-1,lesioned
TAGTACCTTAGTGGTC-1,intact
TAGTCCGCAGAGAATG-1,intact
TAGTCCGTATGCATAA-1,intact
TAGTCGATCACGGGTT-1,lesioned
TAGTCGGGATTCTTCG-1,intact
TAGTCTAACAACGAGA-1,intact
TAGTCTTTCCGAATTG-1,lesioned
TAGTGCTTGAATCCTT-1,intact
TAGTGTCAGAAACGGC-1,intact
TATAAATCCACAAGCT-1,intact
TATAAGTGAGGATAGC-1,intact
TATACACAGACGCCTT-1,lesioned
TATACACGCAAAGTAT-1,intact
TATACCGAGTGCCACA-1,lesioned
TATACGCGTCATCACT-1,lesioned
TATACTCATGCGGCAA-1,intact
TATAGATGGTCGCAGT-1,lesioned
TATAGGGTACTCATGA-1,intact
TATATCATTGATCAGT-1,intact
TATATCCCTGGGAGGA-1,lesioned
TATATGCTGGGTTGCC-1,intact
TATCAAAGGTCTGTAA-1,intact
TATCCAATTGGTTATC-1,lesioned
TATCCATATCATGCGA-1,intact
TATCCGCACCGTCGGG-1,lesioned
TATCCTGCATGGGAAT-1,intact
TATCGATCTATGCATA-1,lesioned
TATCGATGATTAAACG-1,intact
TATCTACAGAGGTAAT-1,intact
TATCTACCACAGCGGG-1,lesioned
TATCTAGCCTAAAGGA-1,intact
TATGAAGAATTAAGGT-1,lesioned
TATGAAGACAGGTGCG-1,intact
TATGATCCGGCACGCC-1,lesioned
TATGATCTTCTCTTTA-1,lesioned
TATGATTCTGCTTGGT-1,intact
TATGCTCCCTACTTAC-1,intact
TATGGAGTTTCTCGTT-1,intact
TATGGATGTGCTACGC-1,intact
TATGGCCCGGCCTCGC-1,intact
TATGGGACCGAGCAGG-1,intact
TATGGGTACGTATCGT-1,intact
TATGGTCTGAGTAACA-1,intact
TATGGTTAGTGGGAGA-1,lesioned
TATGTCTCATTGTGCC-1,lesioned
TATTAACCTGACCGCG-1,intact
TATTACCATCCTGCTT-1,lesioned
TATTCAATTCTAATCC-1,lesioned
TATTCCACTCAGCTCG-1,lesioned
TATTCCGAGCTGTTAT-1,lesioned
TATTCCTCCGCCCACT-1,intact
TATTCGTGCCAGAATA-1,intact
TATTGACATTTCTGCC-1,lesioned
TATTGCCGGGCTTGTA-1,lesioned
TATTTAGTCTAGATCG-1,intact
TATTTATACCGAGTAG-1,intact
TATTTGATTTGCACAG-1,lesioned
TATTTGTTACCCTTTA-1,intact
TCAAACAACCGCGTCG-1,intact
TCAAACTTAGATTGTT-1,intact
TCAAATTGTTGTGCCG-1,lesioned
TCAAATTTGAGACTCA-1,lesioned
TCAACACATTGGGTAA-1,intact
TCAACATCGACCGAGA-1,intact
TCAACCATGTTCGGGC-1,intact
TCAACGAGGAGACAAA-1,intact
TCAACGCAGGAAATAA-1,intact
TCAACGCGACCGGCAG-1,intact
TCAACTAACGTATAAC-1,intact
TCAACTGCAGAGTCAG-1,lesioned
TCAAGAAATACTAGCT-1,lesioned
TCAAGCGCGGACGGTA-1,lesioned
TCAAGGTTACTACACC-1,lesioned
TCAATACAATTGCTGC-1,intact
TCAATACGCCGTCATG-1,lesioned
TCAATATACAGGAGGC-1,lesioned
TCAATCCCGCGCCAAA-1,lesioned
TCACAAACCGAGGTAC-1,lesioned
TCACAGATCCTCAAAC-1,intact
TCACAGCAAACTCGAA-1,intact
TCACAGGAGAATAAGA-1,intact
TCACAGGGAATCGCAA-1,lesioned
TCACAGGTTATTGGGC-1,intact
TCACATCTTATCTGAT-1,intact
TCACCCTCTTAAGATT-1,lesioned
TCACCGCTCGGCACTC-1,lesioned
TCACGCATTGTAGATC-1,intact
TCACGGTCATCGCACA-1,intact
TCACGTGCCCGATTCA-1,intact
TCACTATCCCTTCGGT-1,lesioned
TCACTATCGTGCAATC-1,intact
TCACTCTTCGTCTGTC-1,intact
TCAGAACCTCCACAGG-1,lesioned
TCAGACGCTATAGAAG-1,lesioned
TCAGAGTGTGAGCATG-1,lesioned
TCAGCAAATGCATCTC-1,lesioned
TCAGCCAATCCGTAAA-1,lesioned
TCAGGGCGACTTCCTT-1,intact
TCAGGGCGCAAACTCG-1,intact
TCAGGGTGTAACGTAA-1,lesioned
TCAGGTTCTTTGAGAA-1,intact
TCAGTACTGACCCGCG-1,intact
TCAGTAGGGACTATAA-1,intact
TCATAAGTCCAAGAAG-1,lesioned
TCATACTTACAGATCC-1,intact
TCATATGAGCTTTGTT-1,lesioned
TCATCACTCGAGCTCG-1,intact
TCATCCTCAGCTGCTT-1,lesioned
TCATCGACGACCGTCG-1,lesioned
TCATGCAGGTTCTCAT-1,lesioned
TCATTTAAGTCTCCGA-1,lesioned
TCATTTAGAAGTGTGA-1,lesioned
TCCAACTCAGCTATCT-1,lesioned
TCCAACTTTAAATTCT-1,intact
TCCAAGCCTAGACACA-1,lesioned
TCCACAATGGTTTACG-1,intact
TCCACCAAGACATAGG-1,lesioned
TCCACCTCTAGCCTTT-1,lesioned
TCCACTTTATCTAGGT-1,lesioned
TCCAGAGCACCGGTTC-1,lesioned
TCCAGCGCTATAAGCG-1,lesioned
TCCAGGCGAGTACGGT-1,intact
TCCAGGGTATATACGA-1,lesioned
TCCATTAGTTGGATAG-1,intact
TCCCAAAGACGAAGGA-1,intact
TCCCAAAGCCCTAAAT-1,lesioned
TCCCACTCTCTTCCGG-1,lesioned
TCCCAGCACACGACAT-1,lesioned
TCCCAGCTTTAGTCTG-1,intact
TCCCAGGCTTAGCTAA-1,intact
TCCCGCCTATGTGCGT-1,lesioned
TCCCGCGTACTCCTGG-1,intact
TCCCGGGTGTGCTGCT-1,intact
TCCCGGTCAGGAATTT-1,intact
TCCCGTCAGTCCCGCA-1,lesioned
TCCCGTCGCGTCATAG-1,lesioned
TCCCGTGTGCAATTTG-1,lesioned
TCCCTAGATCAATAGG-1,lesioned
TCCCTCCGAAATCGTT-1,intact
TCCCTCTTCTCAAGGG-1,lesioned
TCCCTGGCTCGCTGGA-1,intact
TCCCTTAGATTACTCG-1,lesioned
TCCCTTGTCTGAAACT-1,lesioned
TCCGAACGTTGCCGCT-1,lesioned
TCCGAACTTGGCTTAC-1,intact
TCCGAATGGTCCTGAG-1,lesioned
TCCGAGAAGGCTAAGC-1,intact
TCCGATAATTGCCATA-1,intact
TCCGATGACTGAGCTC-1,lesioned
TCCGATGGTGCGACAT-1,intact
TCCGATTACATTGCCG-1,intact
TCCGCAGCCACCTAGC-1,intact
TCCGCCTGTCTACAAG-1,lesioned
TCCGCGGCAGCATCTG-1,lesioned
TCCGCGGCCCAATGAA-1,lesioned
TCCGCTGTCATCCCGG-1,lesioned
TCCGCTTATCCCATTA-1,lesioned
TCCGGCCTAGCGTACA-1,lesioned
TCCGGCTGTCGGGTCG-1,lesioned
TCCGGGCTTGACGGGA-1,lesioned
TCCGGTTCGTCCGGTC-1,lesioned
TCCGTAACCACAATCC-1,intact
TCCGTTAAGCTAATAT-1,lesioned
TCCGTTTAGCCTTGAA-1,lesioned
TCCTAAAGATTCAGAC-1,lesioned
TCCTAAATTGGGAAGC-1,lesioned
TCCTACATCCACGGCC-1,lesioned
TCCTAGCAAAGAAGCT-1,intact
TCCTATCATAGGTAAC-1,lesioned
TCCTCCTAAGACATTC-1,intact
TCCTCGGGCTGGGCTT-1,lesioned
TCCTCTACGAGATGGC-1,intact
TCCTCTCCAGTTGTCC-1,intact
TCCTGCGTTGATACTC-1,intact
TCCTTACGACGGTCCG-1,lesioned
TCCTTCAATCCCTACG-1,intact
TCCTTTAAATCCGCTT-1,lesioned
TCCTTTCTTACGCTTA-1,intact
TCGAAATTTAGGACCA-1,intact
TCGAAGAACCGAGCAC-1,lesioned
TCGAGACCAACACCGT-1,intact
TCGAGGGCAACAGACG-1,lesioned
TCGATAGGCTAGTCGC-1,intact
TCGCAAAGATGCATTT-1,lesioned
TCGCACCAGGAGGCAG-1,lesioned
TCGCACTAACGTTTGT-1,intact
TCGCATAAAGGGCGCA-1,lesioned
TCGCATCCCTAAGTGT-1,intact
TCGCATTCAATGACTT-1,intact
TCGCCCACTGCGAGAG-1,intact
TCGCCGAAGTTGCGTC-1,intact
TCGCCGACATATTCGC-1,lesioned
TCGCCGGATGGGCAAG-1,intact
TCGCCGGTCGATCCGT-1,intact
TCGCCTCGACCTGTTG-1,intact
TCGCGTAGCAGTGTCC-1,lesioned
TCGCGTCCAGAAGGTC-1,intact
TCGCTAAACCGCTATC-1,lesioned
TCGCTACTGGCTTTGA-1,lesioned
TCGCTCGATATATTCC-1,intact
TCGCTGCCAATGCTGT-1,lesioned
TCGCTGGGCGGATTGT-1,lesioned
TCGCTGTGCGTAAATC-1,intact
TCGCTTTAAACGTTTG-1,lesioned
TCGGAATGCGCTCTGA-1,intact
TCGGACGCCCAGCCCA-1,lesioned
TCGGAGAGTATCGGGA-1,intact
TCGGAGTACATGAGTA-1,lesioned
TCGGCGAACCCAAACC-1,lesioned
TCGGCTTGTATCGACG-1,lesioned
TCGGGAACGTGCCTAG-1,lesioned
TCGGGAGACAGCGTAC-1,lesioned
TCGGGATTCAAACATA-1,intact
TCGGGCCGTCGTGGTA-1,lesioned
TCGTAACTCCCAAGAC-1,lesioned
TCGTAAGACGACATTG-1,lesioned
TCGTATTACCCATTGC-1,intact
TCGTCACACTGTTAGC-1,intact
TCGTCCGCTGGCGTCT-1,intact
TCGTCTTAGGCGTTAA-1,lesioned
TCGTGTACTATGGATG-1,lesioned
TCGTGTATTGGTCACG-1,lesioned
TCGTGTCACGCTGACA-1,intact
TCGTGTTCGACCACAA-1,lesioned
TCGTTAGGAGTCCCTA-1,lesioned
TCGTTGACAGGGTCCC-1,intact
TCGTTGCTATCCGGTC-1,intact
TCGTTGGCTCGTCAAT-1,intact
TCGTTTACGCGACCCT-1,lesioned
TCTAACTGTATGTAAA-1,intact
TCTACCCAATAGAGAG-1,lesioned
TCTACCGTCCACAAGC-1,intact
TCTAGCAATCTCCGCC-1,intact
TCTAGCATCTTCGATG-1,intact
TCTAGCATGCCCAGAA-1,lesioned
TCTAGGTGGCGACGCT-1,lesioned
TCTAGTGATATCGTGG-1,lesioned
TCTAGTTATCAGAAGA-1,intact
TCTATAGGTGGGTAAT-1,lesioned
TCTATCATGCAGTTAC-1,intact
TCTATCCGATTGCACA-1,lesioned
TCTATCGGTCGCAACA-1,intact
TCTATGCTATAACGAC-1,lesioned
TCTATTACGCTGGCGA-1,intact
TCTATTACTAGAGGAT-1,intact
TCTCAAATCAATCGGG-1,lesioned
TCTCATGAGATAGGGT-1,lesioned
TCTCCAACGTAGGTTA-1,lesioned
TCTCCACAAGTTGAAT-1,lesioned
TCTCCCTGGGCAGCGT-1,lesioned
TCTCGACGTATCGCCG-1,lesioned
TCTCGAGGAGGTTCGC-1,lesioned
TCTCGGCTCCAGGACT-1,intact
TCTCTAATAGCTGGTA-1,intact
TCTCTCGCCGCACATA-1,lesioned
TCTGAACCGGTCGGCT-1,intact
TCTGAACTCGTACCCG-1,lesioned
TCTGAAGCACGTGGTC-1,lesioned
TCTGAATTCCGTACAA-1,lesioned
TCTGACGGGCTAACCC-1,lesioned
TCTGACTGTAATGGTT-1,intact
TCTGAGCAATTGACTG-1,lesioned
TCTGATCGGGTGCTAG-1,lesioned
TCTGATGTATTCTGTC-1,lesioned
TCTGATTGGAAATGGA-1,lesioned
TCTGCAGATTCGAGTC-1,intact
TCTGCATACCTTGCTT-1,lesioned
TCTGCCAGAAACTGCA-1,lesioned
TCTGCGTCCGGTTTCT-1,intact
TCTGCTTAGAACAAGC-1,lesioned
TCTGGAGCGTAAGAGT-1,lesioned
TCTGGCCGTTCAAGTT-1,lesioned
TCTGGCGCAAGCCGGG-1,intact
TCTGGGAACCTTTGAA-1,lesioned
TCTGGGTAGCGCTCAT-1,intact
TCTGTCATACAAGAGC-1,intact
TCTGTGACTGACCGTT-1,intact
TCTGTGCCATCATAGT-1,lesioned
TCTGTTACCCAGCATA-1,intact
TCTTAACTCGGATGTA-1,intact
TCTTACAGAGGTACCG-1,intact
TCTTACCGGAACTCGT-1,lesioned
TCTTACGGCATCCGAC-1,intact
TCTTACTTATGCCTCT-1,lesioned
TCTTAGAGCTCCAATT-1,lesioned
TCTTAGAGTGAACTCT-1,lesioned
TCTTCCCATGGGCACA-1,lesioned
TCTTCGAATAGACGTT-1,lesioned
TCTTCGATACCAATAA-1,intact
TCTTCGCGGTGAGAGG-1,lesioned
TCTTCTATAACCCGCC-1,lesioned
TCTTGATGCGTAGCGA-1,lesioned
TCTTGCTCCCGATACT-1,lesioned
TCTTGGTAACACCAAA-1,intact
TCTTTAAGACTATGAA-1,lesioned
TCTTTAGAGTCTAACA-1,lesioned
TCTTTAGCAGGCGAAC-1,lesioned
TCTTTCCTTCGAGATA-1,lesioned
TGAAAGGACCTGACTC-1,lesioned
TGAACACCCGAAGCAG-1,intact
TGAACTGCTATGACTT-1,intact
TGAAGAGCGGTCCTAG-1,intact
TGAAGTAGCTTACGGA-1,intact
TGAATACCGACGCGTA-1,lesioned
TGAATGTCAGCCGGCC-1,lesioned
TGAATTTCACTTGCCT-1,intact
TGACAACGCATGTCGC-1,lesioned
TGACATATATGACGAT-1,intact
TGACATCGAGCGGACC-1,lesioned
TGACCCACGTTAGACA-1,intact
TGACGAATATTTCCCT-1,intact
TGACGATGCACTAGAA-1,lesioned
TGACTATAATCCTTTC-1,lesioned
TGACTCTAACTGGTAA-1,lesioned
TGAGAATGCTTTACCG-1,intact
TGAGACGTACCTCTCA-1,intact
TGAGAGATTTACCACG-1,lesioned
TGAGCAGTCGTGAAGT-1,intact
TGAGCCATACAGTCTC-1,intact
TGAGCGGAAAGTGTTC-1,lesioned
TGAGCTCAACTGTATA-1,lesioned
TGAGCTTTAATGACGC-1,lesioned
TGAGGAGTGCCAGCTT-1,lesioned
TGAGTAAATTAGCGTA-1,lesioned
TGAGTGCCTCTTAAAT-1,intact
TGAGTGGTCCGTGACG-1,lesioned
TGAGTTAAAGACATTC-1,lesioned
TGATACATTTAGCCGT-1,intact
TGATAGCGGGATTCTA-1,intact
TGATCAGGGAACTGCT-1,intact
TGATCCCAGCATTAGT-1,lesioned
TGATCGGTTTGACCCT-1,intact
TGATCTATCACACTCT-1,lesioned
TGATCTCCGGCGCCAG-1,intact
TGATGGCTGTTTCTGA-1,lesioned
TGATGGGACTAAGTCA-1,intact
TGATGTCAATTAAGTG-1,lesioned
TGATTCGTCTATCACT-1,intact
TGATTCTGTCGCCGGT-1,intact
TGATTTATTAGCTGTG-1,intact
TGATTTCCTCCTGACG-1,intact
TGCAACCCATCTGCGG-1,lesioned
TGCAACTACTGGTTGA-1,lesioned
TGCAAGAATGACGTAA-1,intact
TGCAATCTAACACGGT-1,lesioned
TGCACTATGTGAGTGC-1,intact
TGCAGAACTATATCGT-1,intact
TGCAGAGTACCGAGCA-1,intact
TGCAGATCGTCCTAGG-1,intact
TGCAGCTACGTACTTC-1,intact
TGCAGGATCGGCAAAG-1,lesioned
TGCAGTTTCCTCCCAT-1,lesioned
TGCATATGTCTGTCAC-1,lesioned
TGCATGGATCGGATCT-1,intact
TGCATGTGGTAATCTA-1,lesioned
TGCCAAAGTCAGACTT-1,intact
TGCCAATGGGTACTCT-1,lesioned
TGCCACCTGGCGAAAC-1,intact
TGCCAGTACGTGGAGA-1,lesioned
TGCCATTACTAAAGAA-1,lesioned
TGCCCGTACCGTTAAA-1,lesioned
TGCCGAAAGCGTATTC-1,lesioned
TGCCGATGTCATCAAT-1,intact
TGCCGTGGATCGTCCT-1,lesioned
TGCCTAAATTTAATAG-1,lesioned
TGCCTAATTGAAGATT-1,lesioned
TGCCTGACATCGGTCA-1,intact
TGCCTGATCAAACGAT-1,intact
TGCCTTGGCCAGGCAA-1,lesioned
TGCGAATATGGGATTT-1,intact
TGCGACACCCTAGTGC-1,intact
TGCGAGAAACGTTACG-1,intact
TGCGAGAATATTACCC-1,intact
TGCGATGCTAATGGCT-1,intact
TGCGCAAAGCATTTGG-1,intact
TGCGCCGTTAATAACG-1,lesioned
TGCGCGATTAACGGAG-1,intact
TGCGGACTTGACTCCG-1,lesioned
TGCGGAGTAAAGGTGC-1,intact
TGCGTAAGAACCTGAT-1,intact
TGCGTACGGCTAATTG-1,lesioned
TGCGTGATTGGGTGTC-1,intact
TGCGTTTGTTGACACT-1,lesioned
TGCTAAGTGTCTATTT-1,lesioned
TGCTCCACAGTTCTTA-1,lesioned
TGCTCGGCGAAACCCA-1,lesioned
TGCTCGGTGGGTCACC-1,lesioned
TGCTCTTGAGAGTTTG-1,lesioned
TGCTGGTTGGACAATT-1,intact
TGCTGTTGAAGAACTC-1,lesioned
TGCTTCCCAAGCAGTA-1,lesioned
TGCTTGAAACCATGCA-1,intact
TGGAAACGGAGTGAAC-1,intact
TGGAAGAAGGGAACGT-1,intact
TGGAAGACGAACACCA-1,intact
TGGAAGGATAAAGATG-1,intact
TGGAATTAGACGCTTT-1,intact
TGGACACCGTTGCTTG-1,intact
TGGACCAATCTAAGAT-1,lesioned
TGGACCACGGCGTTGA-1,intact
TGGACGTAGGCGAATC-1,intact
TGGACTGTTCGCTCAA-1,lesioned
TGGAGTGATGCGATGA-1,intact
TGGATAGAGTAACAGA-1,intact
TGGCAAACTAAATTAC-1,lesioned
TGGCAACTCGCGCGCC-1,lesioned
TGGCAATGGGACGGCG-1,lesioned
TGGCAGATTACGATCA-1,intact
TGGCAGCAGTAATAGT-1,intact
TGGCCAAACTGAAGTA-1,lesioned
TGGCCGTATATTGACC-1,intact
TGGCGACTGCTCCAAA-1,intact
TGGCGATCAAGTTATG-1,lesioned
TGGCGGTGTGCGATTG-1,intact
TGGCTACACTCTACCT-1,lesioned
TGGCTATGTGACATAC-1,lesioned
TGGCTCTTGTCGCGTA-1,intact
TGGCTTTGGGTAGACA-1,intact
TGGGAAATGCCTTTCC-1,intact
TGGGACCATTGGGAGT-1,intact
TGGGCAATAGTTGGGT-1,lesioned
TGGGCACAAACAGAAC-1,intact
TGGGCAGGCCACCGCA-1,lesioned
TGGGCCACAAGAGCGC-1,intact
TGGGCCCATACTAATT-1,lesioned
TGGGCCTTGCCTGCAT-1,intact
TGGGTGCACAAGCCAT-1,lesioned
TGGGTGTAATAGATTT-1,lesioned
TGGGTTCCCGGACGGA-1,intact
TGGTAAGCAGGATTGA-1,intact
TGGTAGAATATATGGG-1,lesioned
TGGTCCCACGCTACGG-1,lesioned
TGGTCGTGCAAGGCAA-1,intact
TGGTCTAGCTTACATG-1,intact
TGGTCTGTTGGGCGTA-1,intact
TGGTGATCGTATTTGT-1,intact
TGGTTAAGGGCGCTGG-1,lesioned
TGGTTATGCTTGCGGT-1,intact
TGGTTCAACGGGTAAT-1,lesioned
TGGTTCGTAGCAAAGG-1,intact
TGTAACTTGTCAACCT-1,intact
TGTAATGACCACAATA-1,intact
TGTACCTACACGAGGG-1,lesioned
TGTACGAACAAATCCG-1,intact
TGTACTGTGCCAAAGT-1,intact
TGTACTTCCGGGCATG-1,lesioned
TGTAGCCAATTCCGTT-1,lesioned
TGTAGCCATCCCATTC-1,lesioned
TGTAGGAGAAATTTCC-1,lesioned
TGTAGTGATCTATAAT-1,intact
TGTATAACAGATCCTG-1,lesioned
TGTATCCTTATTCCAT-1,intact
TGTATGGCGCAGACAG-1,lesioned
TGTCCACGGCTCAACT-1,lesioned
TGTCCGTGGCGCCTTT-1,intact
TGTCCTAAGTCACCGC-1,intact
TGTCGGCATGGTGGAA-1,intact
TGTCTACAGTTTCTGT-1,intact
TGTGACTACGCCAGTC-1,intact
TGTGACTAGAGTTTGC-1,lesioned
TGTGAGACTAGCCCAA-1,lesioned
TGTGCCGGTGCCGGAA-1,lesioned
TGTGCTTTACGTAAGA-1,intact
TGTGGACTATCTACGT-1,lesioned
TGTGGCAAAGCGTATG-1,lesioned
TGTGGCTCCCACCAAC-1,lesioned
TGTGGTAGGGTGCCTT-1,lesioned
TGTGTAGTAGCACGTG-1,lesioned
TGTGTCGCGAGTTGCA-1,intact
TGTGTTCGTATCCAAG-1,intact
TGTTATTGTATGTGGC-1,lesioned
TGTTCATAAATGTGCT-1,intact
TGTTCCGCTTCCATGA-1,intact
TGTTCGTATTGCGGTG-1,lesioned
TGTTCTTCCATTGACT-1,intact
TGTTGCCGTCGTCCCA-1,lesioned
TGTTGTCAAGAAGTCT-1,lesioned
TGTTTCGGTACTTCTC-1,intact
TGTTTGAGATCGTCAG-1,lesioned
TTAAACAGAGTCCCGC-1,intact
TTAAACCGGTAGCGAC-1,intact
TTAAACCTGGTTCCTT-1,intact
TTAAACTCGAATTCAT-1,lesioned
TTAAAGTAAGTCGCCA-1,lesioned
TTAACACCTCGAACAT-1,intact
TTAACCAACCCTCCCT-1,intact
TTAACGTTAAAGCCTG-1,intact
TTAACTCACGCGTGGA-1,intact
TTAACTTCAGGTAGGA-1,intact
TTAAGATAGGATTGAC-1,lesioned
TTAAGCGCCTGACCCA-1,intact
TTAAGGATACGGAGGT-1,intact
TTAAGTATTGTTATCC-1,lesioned
TTAATCAGTACGTCAG-1,intact
TTAATGTAGACCAGGT-1,intact
TTAATGTGTTTGCAGG-1,intact
TTAATTGCTTTGGGTG-1,lesioned
TTAATTTCAGACGCGG-1,intact
TTACAACTACGCATCC-1,intact
TTACACGATCTGCGAC-1,lesioned
TTACAGACCTAAATGA-1,lesioned
TTACATCGTGGCCTGG-1,intact
TTACATGCCACAACTA-1,lesioned
TTACCATTGATTACCC-1,intact
TTACCCTAACAGTCCT-1,intact
TTACCCTAGGGATTGG-1,lesioned
TTACCGCCTTAGGGAA-1,intact
TTACGGATGGTTCGAG-1,lesioned
TTACGGTGTCACCGAG-1,intact
TTACGTATCTATGACA-1,lesioned
TTACTAAAGGACTTTA-1,lesioned
TTACTATCGGCTTCTC-1,intact
TTACTCCGGCCGGGAA-1,lesioned
TTACTCTGGTACGTAC-1,intact
TTACTGGGATATTTCA-1,intact
TTAGAAGAACATGACT-1,lesioned
TTAGACGAGTCACCTC-1,lesioned
TTAGAGTTTAGAAGGA-1,lesioned
TTAGATAGGTCGATAC-1,intact
TTAGCAACATGGATGT-1,intact
TTAGCTCTGTAATCCG-1,intact
TTAGCTGATTTGCCGT-1,lesioned
TTAGGATGGGAGGGTA-1,lesioned
TTAGTAAACCTGCTCT-1,lesioned
TTAGTAGGGCGGCGGG-1,intact
TTAGTTATTCGTGGCA-1,lesioned
TTATAGGTAATTGTCT-1,lesioned
TTATATACGCTGTCAC-1,lesioned
TTATATTTGGCAATCC-1,intact
TTATCATACTCGCAAA-1,intact
TTATCCAATCGAACTC-1,intact
TTATCCGGGATCTATA-1,lesioned
TTATCGCCTGCGAAGC-1,intact
TTATCTGTATCATAAC-1,intact
TTATGAATGAAAGGGA-1,lesioned
TTATGACAAACTGGAT-1,intact
TTATGATCTTAACGAA-1,lesioned
TTATGCGTCCCGGTCC-1,intact
TTATGTTTGCGATAGA-1,intact
TTATTAGAGCGTGTTC-1,lesioned
TTATTATCTGGAAGGC-1,lesioned
TTATTTAGGTTCCTTA-1,lesioned
TTCAAAGTCTCTAGCC-1,lesioned
TTCAACGACCCGACCG-1,intact
TTCAATACTCTGAATC-1,lesioned
TTCACGAAAGGATCAC-1,intact
TTCACTCGAGCACCTA-1,lesioned
TTCAGAGTAACCTGAC-1,intact
TTCAGCCCTGGTCCAC-1,lesioned
TTCAGCTGGCGTGCCC-1,lesioned
TTCAGGCGTCAAAGCC-1,intact
TTCAGTTTGTGGCAGC-1,intact
TTCATAGCCTTGTAAC-1,intact
TTCATAGGGTGTCCAT-1,intact
TTCATGGCGCAACAGG-1,intact
TTCCAATCAGAGCTAG-1,lesioned
TTCCAATCTGGCTATC-1,intact
TTCCACACAGATTTGA-1,intact
TTCCAGACGAGATTTA-1,lesioned
TTCCATCGACAGCGTG-1,lesioned
TTCCGCGTGAGGCGAT-1,lesioned
TTCCGGCCTTGAGGCT-1,intact
TTCCGGTATCTGTGTC-1,lesioned
TTCCGGTTACCCACTT-1,lesioned
TTCCTCGAGGGTGTCT-1,intact
TTCCTCGGACTAACCA-1,lesioned
TTCCTCTGCCCGAATA-1,intact
TTCCTTTCTGTGTTGC-1,intact
TTCGACAGAGCCCGTG-1,lesioned
TTCGACGGGAAGGGCG-1,intact
TTCGCACTCGCGTGCT-1,intact
TTCGCACTGTACGACA-1,lesioned
TTCGCATCCGGAAGCA-1,intact
TTCGCTAGGAAGTTGT-1,lesioned
TTCGGCTAGAGATGGT-1,intact
TTCGGGACTAATCGCG-1,lesioned
TTCGGGCGCTAGTCTT-1,intact
TTCGGGTTGCCACGGG-1,lesioned
TTCGGTGGAGACGCCC-1,lesioned
TTCGTACTCCAGAACG-1,intact
TTCTAACCGAAGCTTA-1,lesioned
TTCTACTTGCGAGGGC-1,intact
TTCTAGGCCAATTGTG-1,intact
TTCTATGCCTTTCGCA-1,lesioned
TTCTGACCGGGCTCAA-1,lesioned
TTCTGCCGCGCCTAGA-1,lesioned
TTCTGCGAGCGCCCTT-1,intact
TTCTGCGGGTTAGCGG-1,lesioned
TTCTGCTAGACTCCAA-1,lesioned
TTCTGTTTCCTGTCGC-1,intact
TTCTTAGTGAACGGTG-1,intact
TTCTTAGTGGCTCAGA-1,intact
TTCTTATCCGCTGGGT-1,lesioned
TTCTTGAGCCGCGCTA-1,intact
TTCTTGCTAGCATCTC-1,lesioned
TTCTTGGACGATCTGC-1,intact
TTCTTGGAGTAATGAG-1,lesioned
TTCTTGTAACCTAATG-1,intact
TTCTTGTGTCCATCAG-1,intact
TTCTTTGGTCGCGACG-1,lesioned
TTGAAACCCTCATTCC-1,lesioned
TTGAACGAATCCTTTG-1,intact
TTGAACGACGTGCTGA-1,lesioned
TTGAAGAATTCCCAGG-1,intact
TTGAATATGGACTTTC-1,lesioned
TTGAATTCACGTGAGG-1,lesioned
TTGACAGGAGCTCCCG-1,lesioned
TTGACATGAACGTGGA-1,intact
TTGACCAGGAACAACT-1,lesioned
TTGACCATGTTCTCCG-1,lesioned
TTGACCGTGTTAATGA-1,intact
TTGACGATTCAGCACG-1,intact
TTGACGCTCCATGAGC-1,lesioned
TTGACTACCATATGGT-1,intact
TTGACTATTGTCCGGC-1,lesioned
TTGAGAAGTTTAGCAT-1,lesioned
TTGAGAGTACTGCTAA-1,intact
TTGAGCAGCCCACGGT-1,lesioned
TTGAGCGCCACGTGAT-1,lesioned
TTGAGTCCCGCTGCTG-1,lesioned
TTGATAGTCAATACAT-1,lesioned
TTGATCTAACTTTGTC-1,intact
TTGATGTGTAGTCCCG-1,lesioned
TTGATTAGCTGTTTCT-1,intact
TTGATTATGCAGATGA-1,intact
TTGCACAATTCAGAAA-1,intact
TTGCACGGAGCAGCAC-1,intact
TTGCATGCTGATCACG-1,intact
TTGCCAAGCAGAACCC-1,lesioned
TTGCCCTGATCACGGG-1,intact
TTGCCGCTTTCTAGTA-1,lesioned
TTGCCTTCTCGCCGGG-1,lesioned
TTGCGCTCTCTCGCTT-1,intact
TTGCGCTTGATCAATA-1,lesioned
TTGCGGCATCAGAAAG-1,intact
TTGCGTAGTTTGAGGA-1,intact
TTGCGTCGGCCAACCG-1,intact
TTGCGTGTGTAGGCAT-1,lesioned
TTGCTAGCTACCAATC-1,intact
TTGCTCATAGTACGTG-1,lesioned
TTGCTCCCATACCGGA-1,intact
TTGCTGAAGGAACCAC-1,intact
TTGCTGATCATGTTCG-1,intact
TTGCTGCACCTATCCA-1,intact
TTGGACATGTGGCTTA-1,intact
TTGGACCATCTGGCAA-1,lesioned
TTGGACCTATAACAGT-1,lesioned
TTGGAGTCTCCCTTCT-1,intact
TTGGATATCGTCTACG-1,intact
TTGGATTGGGTACCAC-1,intact
TTGGCCATCTTGCGCT-1,intact
TTGGCGATCCGAATAT-1,lesioned
TTGGCTCAATATGTGT-1,lesioned
TTGGCTCGCATGAGAC-1,intact
TTGGGACACTGCCCGC-1,lesioned
TTGGGACGTAAGAGTT-1,lesioned
TTGGGCGGCGGTTGCC-1,lesioned
TTGGTATGGCTTGTGT-1,lesioned
TTGGTCACACTCGTAA-1,intact
TTGGTTCGCTCAAAGG-1,lesioned
TTGTAAGGACCTAAGT-1,intact
TTGTAAGGCCAGTTGG-1,lesioned
TTGTAATCCGTACTCG-1,intact
TTGTCGTTCAGTTACC-1,intact
TTGTGAACCTAATCCG-1,lesioned
TTGTGAGGCATGACGC-1,intact
TTGTGATCTGTTCAGT-1,lesioned
TTGTGCAGCCACGTCA-1,lesioned
TTGTGGCCCTGACAGT-1,intact
TTGTGGTAGGAGGGAT-1,intact
TTGTGGTGGTACTAAG-1,lesioned
TTGTGTATGCCACCAA-1,lesioned
TTGTGTTTCCCGAAAG-1,lesioned
TTGTTAGCAAATTCGA-1,intact
TTGTTCAGTGTGCTAC-1,intact
TTGTTCTAGATACGCT-1,intact
TTGTTGTGTGTCAAGA-1,lesioned
TTGTTTCCATACAACT-1,intact
TTGTTTGTGTAAATTC-1,intact
