Barcode,RegionLoupe
AAACAAGTATCTCCCA-1,CP
AAACAGCTTTCAGAAG-1,
AAACATTTCCCGGATT-1,CP
AAACCCGAACGAAATC-1,CTX
AAACCGGAAATGTTAA-1,CTX
AAACCGGGTAGGTACC-1,ACB
AAACCGTTCGTCCAGG-1,LSX
AAACCTAAGCAGCCGG-1,OT
AAACCTCATGAAGTTG-1,CP
AAACGAGACGGTTGAT-1,cc
AAACGGGCGTACGGGT-1,CTX
AAACTCGGTTCGCAAT-1,
AAACTGCTGGCTCCAA-1,LSX
AAACTTGCAAACGTAT-1,OT
AAAGAATGTGGACTAA-1,CTX
AAAGACCCAAGTCGCG-1,CTX
AAAGACTGGGCGCTTT-1,CP
AAAGGCTCTCGCGCCG-1,MSC
AAAGGGATGTAGCAAG-1,CTX
AAAGGGCAGCTTGAAT-1,CP
AAAGTAGCATTGCTCA-1,
AAAGTCACTGATGTAA-1,
AAAGTCGACCCTCAGT-1,CTX
AAAGTGCCATCAATTA-1,CTX
AAAGTGTGATTTATCT-1,CP
AAAGTTGACTCCCGTA-1,CP
AAATAAGGTAGTGCCC-1,CTX
AAATACCTATAAGCAT-1,LSX
AAATAGCTTAGACTTT-1,CTX
AAATAGGGTGCTATTG-1,ACB
AAATCCGATACACGCC-1,CTX
AAATCGTGTACCACAA-1,LSX
AAATCTAGCCCTGCTA-1,CP
AAATGCTCGTTACGTT-1,CTX
AAATGGTCAATGTGCC-1,VL
AAATGTATCTTATCCC-1,
AAATTAACGGGTAGCT-1,LSX
AAATTAATAAGCGCGA-1,CTX
AAATTACCTATCGATG-1,CTX
AAATTCCAGGTCCAAA-1,CTX
AAATTGCGGCGGTTCT-1,CTX
AAATTTGCGGGTGTGG-1,ACB
AACAACTGGTAGTTGC-1,CP
AACAATTACTCTACGC-1,CP
AACACACGCTCGCCGC-1,CP
AACACGAGACGCGGCC-1,OT
AACACGCGGCCGCGAA-1,CTX
AACAGGATGGGCCGCG-1,CP
AACAGGTAGTATGGAT-1,cc
AACATATCAACTGGTG-1,CTX
AACATTGGTCAGCCGT-1,CTX
AACCAAGACTTCTCTG-1,CP
AACCATGGGATCGCTA-1,CTX
AACCCAGAGACGGAGA-1,CTX
AACCCGAGCAGAATCG-1,cc
AACCCTACTGTCAATA-1,CP
AACCGAGCTTGGTCAT-1,CTX
AACCGCTAAGGGATGC-1,CP
AACCTCGCTTTAGCCC-1,ACB
AACCTGTCACGGAATT-1,CTX
AACCTTTAAATACGGT-1,ACB
AACGATAATGCCGTAG-1,ACB
AACGATAGAAGGGCCG-1,
AACGATATGTCAACTG-1,CTX
AACGCGAACGGCAACA-1,CTX
AACGCGGTCTCCAGCC-1,CTX
AACGCTGTTGCTGAAA-1,CP
AACGGACGTACGTATA-1,CP
AACGGCCATCTCCGGT-1,ACB
AACGTACTGTGGGTAC-1,ACB
AACGTCAGACTAGTGG-1,CP
AACGTGCGAAAGTCTC-1,VL
AACGTTATCAGCACCT-1,CTX
AACTACCCGTTTGTCA-1,cc
AACTAGGCTTGGGTGT-1,ACB
AACTCAAGTTAATTGC-1,VL
AACTCCAGAGCGTGTT-1,CP
AACTCGATAAACACGT-1,CTX
AACTCGATGGCGCAGT-1,CTX
AACTCTCAATAGAGCG-1,cc
AACTCTCAGTGTGCTC-1,LSX
AACTGAGTTATACTGA-1,
AACTGATATTAGGCCT-1,
AACTGGGTCCCGACGT-1,CTX
AACTGGTGTGGGCCTT-1,CTX
AACTTCTGCGTCTATC-1,CTX
AACTTGCCCGTATGCA-1,CP
AACTTGCGTTCTCGCG-1,CTX
AACTTTACGGGAGCTT-1,CTX
AACTTTAGCTGCTGAG-1,
AAGAAGGATCAGTTAG-1,CTX
AAGACATACGTGGTTT-1,CTX
AAGACCCAACTGAACA-1,
AAGACTAACCCGTTGT-1,CTX
AAGACTGCAAGCTACT-1,cc
AAGAGATGAATCGGTA-1,CP
AAGAGCTCTTTATCGG-1,cc
AAGAGGATGTACGCGA-1,ACB
AAGAGGCATGGATCGC-1,VL
AAGAGGCCCTTTGGAA-1,cc
AAGATTGGCGGAACGT-1,CTX
AAGCACCCTGCGTATC-1,ACB
AAGCATACTCTCCTGA-1,ACB
AAGCCGAAGCGGTTTA-1,CP
AAGCCGGAGAGCAGGA-1,CTX
AAGCGCAGGGCTTTGA-1,
AAGCTAGATCGAGTAA-1,ACB
AAGCTCGTGCCAAGTC-1,cc
AAGCTCTTTCATGGTG-1,ACB
AAGGAGCGGTTGGTGC-1,CP
AAGGATCGATCGCTTG-1,CTX
AAGGATGAGGGACCTC-1,CTX
AAGGCAGGCTGTCTCC-1,CTX
AAGGCGCGTAAAGCTT-1,CP
AAGGCTGTGCTCATCG-1,CP
AAGGGACAGATTCTGT-1,CTX
AAGGTATCCTAATATA-1,CTX
AAGGTGATAAACCAGC-1,CP
AAGTAGAAGACCGGGT-1,CTX
AAGTAGTGACGCGAGG-1,CP
AAGTCAATTGTCGTCA-1,CP
AAGTCTTCTGTGGCCT-1,CTX
AAGTGACGACCGAATT-1,ACB
AAGTGCAAAGGTAGAC-1,CTX
AAGTGCCTTGACTGTA-1,CP
AAGTGCGTTAGAATCT-1,
AAGTGTTTGGAGACGG-1,ACB
AAGTTCACTCCAAGCT-1,CP
AAGTTCGGCCAACAGG-1,ACB
AAGTTGTGATGTTATA-1,CTX
AATAACAACGCTCGGC-1,CP
AATAACACTAGAACAA-1,ACB
AATAATCTTCGTATCG-1,CTX
AATACAATGTTTCAGG-1,CP
AATAGAACAGAGTGGC-1,LSX
AATAGAATCTGTTTCA-1,CP
AATAGTCCGTCCCGAC-1,LSX
AATAGTCGCGAGTCGG-1,CTX
AATATCAAGGTCGGAT-1,CTX
AATATCGAATCAATGC-1,CP
AATATCGAGGGTTCTC-1,CTX
AATATTGGAGTATTGA-1,CP
AATCAGACTGCAGGAC-1,CTX
AATCATGTAAAGACTC-1,CP
AATCCAAGGGCCTGAG-1,CTX
AATCCATGCAAGGGTG-1,CTX
AATCGCCTCAGCGCCA-1,VL
AATCGCGCAGAGGACT-1,CTX
AATCGGTATAGCCCTC-1,CTX
AATCGTGAGCCGAGCA-1,CTX
AATCTATGCCGGAGCC-1,CTX
AATCTCTACTGTGGTT-1,CTX
AATCTGCGTTGGGACG-1,CTX
AATGACAGCAATGTCT-1,ACB
AATGACGTAGGATGTC-1,CP
AATGACTGTCAGCCGG-1,cc
AATGAGTTCGCATATG-1,CTX
AATGATGATACGCTAT-1,
AATGATGCGACTCCTG-1,
AATGCAACCGGGTACC-1,CTX
AATGGTCCACCGTTCA-1,CP
AATGGTTCTCACAAGC-1,cc
AATGTTGTCGTGAGAC-1,CTX
AATTAAAGGTCGGCGT-1,LSX
AATTAACGGATTTCCA-1,ACB
AATTACTCGTACGCTC-1,CTX
AATTAGCGCTGCAGCG-1,ACB
AATTCATAAGGGATCT-1,CTX
AATTCCAACTTGGTGA-1,
AATTCGATTCGAGGAT-1,OT
AATTCTAGAGTTAGGC-1,LSX
AATTGAACGCTCTGGT-1,CP
AATTGCAGCAATCGAC-1,CTX
AATTGTGGTTGCCAAA-1,CTX
ACAAAGCATGACCTAG-1,CP
ACAAATCGCACCGAAT-1,CP
ACAAATGGTAGTGTTT-1,CP
ACAACAGCATGAGCTA-1,cc
ACAACGGTCCCTGCGA-1,CP
ACAAGCAGTGCCTAGC-1,CP
ACAAGCTATATGGAAG-1,CTX
ACAAGGAAATCCGCCC-1,ACB
ACAAGGACAAGAGGTT-1,CP
ACAAGGATGCTTTAGG-1,CP
ACAAGGGCAGGCTCTG-1,VL
ACAATAGTCGTACGTT-1,OT
ACAATCCATTTAAACC-1,CP
ACAATTGTGTCTCTTT-1,CP
ACAATTTAGGAGGCTC-1,CTX
ACAATTTGAGCAGTGG-1,CTX
ACAATTTGGCCATATT-1,CTX
ACACAAAGACGGGTGG-1,CTX
ACACACCAGGACCAGT-1,CP
ACACATTGACGCAACA-1,CTX
ACACCACATAATTAGC-1,CTX
ACACCCAGCATGCAGC-1,cc
ACACCCGAGAAATCCG-1,cc
ACACCGAGCGCTCTTT-1,CTX
ACACCTTAAGTAGGGC-1,CP
ACACCTTACTACTTGC-1,CTX
ACACGAGACTCCTTCT-1,CTX
ACACGGGAACTTAGGG-1,CTX
ACACGTAGGCCACAAG-1,cc
ACACTCCAATGTCACT-1,CTX
ACACTGATCAAGGTGT-1,MSC
ACACTGGGACAGTCGT-1,CTX
ACAGCGACATTCTCAT-1,CP
ACAGGCACGGATCCTT-1,CTX
ACAGGCTTGCCCGACT-1,CP
ACAGGTGGAGGTGAGG-1,ACB
ACAGGTGTGTTGTTGC-1,
ACATAATAAGGCGGTG-1,CTX
ACATCAGCTGGGACGC-1,CTX
ACATCCCGGCCATACG-1,MSC
ACATCCTGGTAACTGT-1,CP
ACATCGATCGTTTACC-1,LSX
ACATCGGTCAGCCGCG-1,aco
ACATCGTATGCAATGG-1,CP
ACATGGCGCCAAAGTA-1,cc
ACATGGCTCAATTTAG-1,CTX
ACATTAGTTTATATCC-1,LSX
ACATTTGAAACCTAAC-1,
ACCAACCGCACTCCAC-1,CTX
ACCAACGCTTATTTAT-1,MSC
ACCAAGAACGCGTGTC-1,CTX
ACCAAGTCATCGGCAG-1,CTX
ACCAATATGCAAGTTA-1,aco
ACCACAAGTTTCTATC-1,VL
ACCACCAATGTAACAA-1,cc
ACCACGTGCAGCTATA-1,CP
ACCACTGTTCAAGAAG-1,CTX
ACCAGACCATAACAAC-1,CTX
ACCAGTGCGGGAGACG-1,CP
ACCATATCCGCAATAA-1,LSX
ACCATCCGCCAACTAG-1,
ACCATCGTATATGGTA-1,ACB
ACCATTAAGGGTGTCA-1,CTX
ACCCAACGCCCGTGGC-1,CTX
ACCCACCTACATGCTC-1,CP
ACCCATCTTGAGGGTA-1,CP
ACCCATTTGTCCCTCT-1,CP
ACCCGGAAACTCCCAG-1,ACB
ACCCGGAGCACCACAA-1,CTX
ACCCGGATGACGCATC-1,cc
ACCCGGTTACACTTCC-1,LSX
ACCCGTAGTCTAGTTG-1,CTX
ACCCGTGTCATCAGTA-1,
ACCCTATAGGACTGAG-1,CTX
ACCCTATGCCATATCG-1,
ACCCTCCCGTCAGGGC-1,CTX
ACCCTCCCTTGCTATT-1,CP
ACCGAAAGGGCCCTGC-1,
ACCGACACATCTCCCA-1,ACB
ACCGACTGAGTCCCAC-1,CTX
ACCGAGTCTCCTTATT-1,
ACCGATAGGCATAACC-1,CTX
ACCGATATTTAATCAT-1,CTX
ACCGATGGTAGCATCG-1,cc
ACCGCAATAACTGCCT-1,ACB
ACCGCGGTGGAAGTCG-1,CP
ACCGGGCCTTTGTTGA-1,CP
ACCTAAGTACCTTTCA-1,OT
ACCTAATCGACTTCCT-1,CP
ACCTACAGTATGTGGT-1,CTX
ACCTCCGCCCTCGCTG-1,CP
ACCTCCGTTATTCACC-1,CTX
ACCTGCGTGTCATGTT-1,
ACGAAATGGGCGGCAC-1,CP
ACGACCCATGAGTTGC-1,CTX
ACGACTCTAGGGCCGA-1,CTX
ACGAGAACCCATCACG-1,CTX
ACGAGTACGGATGCCC-1,CTX
ACGAGTCGCCGGCGTT-1,
ACGATACATAGAACTA-1,CTX
ACGATACCTATCCTGA-1,CTX
ACGATCATACATAGAG-1,CTX
ACGATCATCTTGTAAA-1,CTX
ACGATGCATATGTTAT-1,CP
ACGCAATCACTACAGC-1,CTX
ACGCATACGTTTACTA-1,CP
ACGCATTCGTGAGTAC-1,cc
ACGCCAGATGATTTCT-1,
ACGCCAGTGCGTTTGC-1,
ACGCCGCTAGACGACC-1,LSX
ACGCGAAGTCAGACGA-1,LSX
ACGCGCTACACAGGGT-1,aco
ACGCGGGCCAAGGACA-1,cc
ACGCGTTTCTTAAGAG-1,CTX
ACGCTAGTGATACACT-1,CTX
ACGCTGTGAGGCGTAG-1,CTX
ACGGAATTTAGCAAAT-1,CTX
ACGGACTCTCAAAGCG-1,ACB
ACGGATGGTGCGGATA-1,ACB
ACGGCACTTGCTTGGG-1,LSX
ACGGCCAACATGGACT-1,MSC
ACGGCGACGATGGGAA-1,CP
ACGGCGGGTTGCCCTG-1,CTX
ACGGGAGTGTCGGCCC-1,OT
ACGGGTCATGTGACTT-1,CTX
ACGGTACAGTTCAATG-1,CTX
ACGTAGATTGCTGATG-1,cc
ACGTATTACTCCGATC-1,CP
ACGTGCGCCTCGTGCA-1,
ACGTTAATGTCGAAGA-1,LSX
ACGTTAGATTTGCCCG-1,ACB
ACGTTATTGGTCACTC-1,CTX
ACGTTCGCAATCAATT-1,CTX
ACGTTCTGTACAAGTC-1,CTX
ACTACCAGCTCTCTGG-1,CP
ACTACGCGTTAGAATT-1,
ACTAGTTGCGATCGTC-1,CP
ACTATCCAGGGCATGG-1,CTX
ACTATCGCCGGCTAAA-1,CTX
ACTATCTGCCCGCGTA-1,CP
ACTCAACGAATGTATT-1,CTX
ACTCAAGTGCAAGGCT-1,CP
ACTCAATAAAGGCACG-1,CTX
ACTCAGACCTGCTTCT-1,CTX
ACTCCCGAATTCGTTT-1,CTX
ACTCCCTAATGCTAAA-1,ACB
ACTCCCTAGAATAGTA-1,LSX
ACTCCGGCCGACCACT-1,CTX
ACTCGATGTATTTCAT-1,CTX
ACTCGCCGTTCGATAA-1,CTX
ACTCGCGATCTGACGC-1,CTX
ACTCGTCAGTAATCCC-1,VL
ACTCTAAACCTGGGAT-1,CTX
ACTCTCTGACTTAGGT-1,CP
ACTCTGACCTAATAGA-1,CTX
ACTCTTCAGCTCCCGC-1,CTX
ACTCTTGTATAGTAAC-1,cc
ACTGAAACGCCGTTAG-1,CP
ACTGAATGGCGAAAGT-1,CP
ACTGCCGTCGTAACTC-1,
ACTGCGGACACACCGT-1,CTX
ACTGTACGATACACAT-1,CTX
ACTGTAGCACTTTGGA-1,CP
ACTGTATACGCGAGCA-1,CTX
ACTGTCCAGGATTATA-1,VL
ACTGTCTTCTTTAGAA-1,cc
ACTGTGCTAGTAGATC-1,CTX
ACTTACGCATCCACGC-1,ACB
ACTTAGTACGACAAGA-1,CTX
ACTTATACTTACCCGG-1,cc
ACTTATTAGGATCGGT-1,LSX
ACTTATTTATGTGCCA-1,CP
ACTTCAGGCTGATCCC-1,CP
ACTTCCATGCGGGACA-1,CP
ACTTCGCCATACGCAC-1,CTX
ACTTCGCTAGCGAGTG-1,
ACTTGACTCCCTCTTT-1,LSX
ACTTGGGACCCGGTGG-1,CP
ACTTGTAGTCCCTTCA-1,
ACTTGTGGATGGAACG-1,CP
ACTTTACCCTCATGAA-1,CTX
ACTTTCCTATAGCTTC-1,CTX
ACTTTGACTGCATCCT-1,CTX
ACTTTGTCGACGCACT-1,CTX
AGAAATTATGACTCGC-1,cc
AGAACCCAGCGTGACA-1,CTX
AGAACGTGGTACATTC-1,CTX
AGAAGAGCGCCGTTCC-1,CP
AGAAGGTTGCCGAATT-1,ACB
AGAAGGTTGTAGGTCG-1,OT
AGAAGTGATTCGTGAT-1,OT
AGAATAAATCTTCAGG-1,CTX
AGAATTATGGATTCGA-1,CTX
AGAATTGTTTGACATA-1,CTX
AGACAGCTCAGAATCC-1,cc
AGACAGGCATCTCAGC-1,CTX
AGACATAGATCCTTCC-1,CTX
AGACCATGGGATACAA-1,CP
AGACCCACCGCTGATC-1,LSX
AGACCCGCCCTCCTCG-1,cc
AGACCGCTCCGCGGTT-1,CP
AGACCGGGAAACCCTG-1,CTX
AGACGAAGTGCCGGTC-1,CP
AGACGACGATGCCGCT-1,
AGACGCCCACTTCGCC-1,CTX
AGACTAGCCTTCCAGA-1,CP
AGAGAACCGTCTAGGA-1,CTX
AGAGATCTCTAAAGCG-1,CP
AGAGCAGTTATGAGAC-1,CP
AGAGCCGCCGAGATTT-1,CTX
AGAGCGGGCTAATCAT-1,
AGAGCGTACAAGCTCG-1,CP
AGAGCTACGAAAGCAT-1,CTX
AGAGGCTTCGGAAACC-1,CP
AGAGTAAACTTCACTA-1,CP
AGAGTATAGTGTTACG-1,
AGATAACTTCAGGGCC-1,CP
AGATACCAATAGAACC-1,CTX
AGATACCGGTGTTCAC-1,ACB
AGATACGACTTCATAT-1,CTX
AGATACTCAAGATCGA-1,CP
AGATATAATACGACTA-1,OT
AGATCTCAGGTGTGAT-1,CTX
AGATGACTCGCCCACG-1,CTX
AGATGATGGAGTCTGG-1,CTX
AGATGCTATAACGAGC-1,CTX
AGATTATAGGACGTTT-1,LSX
AGCAAAGGCCGCTAGT-1,ACB
AGCAACATATCTTATT-1,CP
AGCACCAGTACTCACG-1,CTX
AGCACTACCGGCCTGT-1,CP
AGCACTACCTCACCAG-1,ACB
AGCACTTAAGGACGCC-1,CP
AGCAGAAGGAGAAAGA-1,OT
AGCAGCCAGATGAATA-1,ACB
AGCATATCAATATGCT-1,CP
AGCATCGTCGATAATT-1,cc
AGCATTACGAGGCAAG-1,CTX
AGCCACAGGTTACCCG-1,CP
AGCCACTCCCGTGCTT-1,CTX
AGCCCATACATGTAAG-1,ACB
AGCCCTGTCGCACCGT-1,CTX
AGCCCTTGGACATCCC-1,CTX
AGCCGCAAATTCAAAT-1,CTX
AGCCGCTTGATTAGCG-1,CTX
AGCCTTAAAGCGGAAG-1,cc
AGCGACAGGAACGGTC-1,ACB
AGCGACATCCCATTCA-1,CTX
AGCGACCAACGATATT-1,cc
AGCGATGCGCCTAATA-1,CTX
AGCGCATAATGAATCG-1,MSC
AGCGCGGGTGCCAATG-1,CTX
AGCGCTAGAGCGATGT-1,CTX
AGCGGACACTTCGTAG-1,
AGCGGGAAGGGTCCAT-1,CTX
AGCGGGTCTGACACTC-1,
AGCGTACGAGAGCTAG-1,CTX
AGCGTAGCGCTAGACC-1,
AGCGTCTGAACCCGCA-1,CTX
AGCGTGGTATTCTACT-1,LSX
AGCTAAGTACGCAGGC-1,CP
AGCTATTTAATCCAAC-1,
AGCTCCATATATGTTC-1,CP
AGCTCCTTCGCACATC-1,CP
AGCTCTTCGTAACCTT-1,CTX
AGCTCTTTACTCAGTT-1,ACB
AGCTGAAGTAAACCAA-1,CTX
AGCTTATAGAGACCTG-1,
AGCTTCTTCTCGAGCA-1,CTX
AGCTTGATCTTAACTT-1,ACB
AGGAAAGCCTCTGATG-1,CTX
AGGAACGAACGACTTC-1,CTX
AGGAAGCTGTCCGCCG-1,ACB
AGGACAGTCGAATCCC-1,CP
AGGACATCGCACGTCG-1,CTX
AGGACATCGGCACACT-1,
AGGACGACCCATTAGA-1,ACB
AGGACTTATAGGAGAA-1,CTX
AGGAGGCCTTCGCGCG-1,CP
AGGATAAAGTCGGGAT-1,ACB
AGGATATAGGGATTTA-1,CP
AGGATATCCGACTGCA-1,CTX
AGGATTGCTTACGACA-1,CTX
AGGCACGTGACTGTCC-1,CTX
AGGCAGATGCGTAAAC-1,CTX
AGGCAGGGAGCGTACT-1,
AGGCATTGTCGTAGGG-1,CP
AGGCCACATTGGTTAC-1,CTX
AGGCCACCCGTTATGA-1,CP
AGGCCCAGTGACTGGT-1,CTX
AGGCCCATTGTACAGG-1,
AGGCCCTAGAACGCCA-1,OT
AGGCCTGAGAATCTCG-1,CP
AGGCGATAACTGGCGT-1,CTX
AGGCTATGGTTAGCTT-1,CP
AGGCTTCCCGAAGAAG-1,ACB
AGGCTTGCTAGACACC-1,CP
AGGGACCGGCTGCGTT-1,CTX
AGGGACTCTACGCGAC-1,MSC
AGGGAGACATACTTCG-1,CTX
AGGGCCCTAATGTTCT-1,CTX
AGGGCGAGCAGCTGAT-1,OT
AGGGCGTGATCGGCTA-1,CTX
AGGGCTGCAGTTACAG-1,cc
AGGGTCGATGCGAACT-1,cc
AGGGTCTGGACGCAGT-1,
AGGGTGCTCTCGAGGG-1,cc
AGGGTGGATAGTGCAT-1,CTX
AGGGTTCCCTTTGGTT-1,CTX
AGGGTTTAGTTCGGGA-1,cc
AGGTAACCTCCTATTC-1,CTX
AGGTAGGTACAAAGCT-1,CP
AGGTATAATTGATAGT-1,CTX
AGGTATGCGGACATTA-1,CTX
AGGTCAGGTGAGAGTG-1,
AGGTCGCCACTTCGGT-1,
AGGTCGCCTCCCAACA-1,CTX
AGGTCGCGGAGTTACT-1,CTX
AGGTGCACGTCCACAT-1,CTX
AGGTGTATCGCCATGA-1,CP
AGGTGTTGCCGACCAC-1,CTX
AGGTTACACCATGCCG-1,CTX
AGGTTGAGGCACGCTT-1,CTX
AGGTTTCACACACCTT-1,LSX
AGTAACTATAGCAGCC-1,CTX
AGTAATGTCTTGCCGC-1,
AGTACAGAAGCTTATA-1,
AGTACATCATTTATCA-1,CTX
AGTACGGCCCGTATCG-1,CTX
AGTACGGGCACCTGGC-1,CTX
AGTACTCTTATGCCCA-1,CP
AGTAGGTAACATACAT-1,CTX
AGTATAATACTAGGCA-1,CP
AGTATCCATAATAACG-1,CTX
AGTATTTGGCACGACC-1,
AGTCAACACCACCATC-1,LSX
AGTCAAGATGACACTT-1,CP
AGTCACTAGCTCTCGA-1,CP
AGTCACTCCGCCTCAT-1,CTX
AGTCAGCCACCGCCTG-1,CTX
AGTCCAGCGGGTACGT-1,CTX
AGTCCATTGGCTGATG-1,CP
AGTCGACGGTCTCAAG-1,CP
AGTCGGCCCAAACGAC-1,CP
AGTCGGCTCAACTTTA-1,
AGTCGGTTGCGTGAGA-1,CTX
AGTCGTATAAAGCAGA-1,OT
AGTCGTCGACCACCAA-1,CP
AGTCGTGGGCATTACG-1,
AGTCTAAAGTATACTC-1,CTX
AGTCTGGACATCCTTG-1,CTX
AGTCTTCTCCTCAAAT-1,CTX
AGTCTTTAAAGTGTCC-1,OT
AGTGAACAAACTTCTC-1,CP
AGTGACCTACTTTACG-1,LSX
AGTGAGACTTCCAGTA-1,cc
AGTGAGCCTCGCCGCC-1,CTX
AGTGAGTCGAATTAAC-1,CTX
AGTGATAACCTGCGCG-1,CP
AGTGATATGAGTAGTT-1,LSX
AGTGATTCAAGCAGGA-1,cc
AGTGCACGCTTAAGAA-1,CP
AGTGCGTAGCTCGTAA-1,ACB
AGTGCTAAACACAGCA-1,CP
AGTGCTTGCACGAATA-1,CP
AGTGGCCCGCAAATGG-1,
AGTGGCGGCAATTTGA-1,
AGTGGCGTCTGAAGGT-1,CP
AGTGGCTCCGTCGGCC-1,CTX
AGTGGTTGCGTATAGG-1,CTX
AGTGTGCTAAGATCGC-1,CTX
AGTGTGGTCTATTGTG-1,CP
AGTTAAACACTTGCGA-1,VL
AGTTAAGCGGTCCCGG-1,
AGTTACCCTTAAGACT-1,CTX
AGTTACCGCACATGGT-1,CP
AGTTCACCGGTTGGAC-1,CTX
AGTTCCTACAGAATTA-1,VL
AGTTCCTATTTATGTT-1,LSX
AGTTCTGCGTTGTATC-1,CTX
AGTTGACATCGGCTGG-1,CTX
AGTTGACGGTCCTTGC-1,
AGTTGCTGACTGATAT-1,CTX
AGTTGGCAAGGCTAGA-1,CTX
AGTTTGCACCTGCCTC-1,ACB
AGTTTGGCACGGGTTG-1,CP
AGTTTGGCCAGACCTA-1,ACB
ATAAACGGACCCGTAA-1,LSX
ATAAACGTTGCACCAC-1,CP
ATAAAGGCTCGGTCGT-1,VL
ATAAATATTAGCAGCT-1,ACB
ATAACGCCGGAGGGTC-1,cc
ATAACGGAGTCCAACG-1,CTX
ATAAGGTGGAGAACAT-1,VL
ATAAGTAGGATTCAGA-1,CTX
ATAAGTAGGGCGACTC-1,CTX
ATAAGTTACCGCGACG-1,LSX
ATAATACCGTTAGCCG-1,CTX
ATAATAGCTGTTGAAT-1,LSX
ATAATAGTGTAGGGAC-1,cc
ATAATCTTGGAGAACC-1,ACB
ATAATTAGCTAAGTAG-1,
ATACAGGCCCTCCAAT-1,ACB
ATACCACGGGCAACTT-1,CP
ATACCTAACCAAGAAA-1,ACB
ATACGAAGGCTTTCCA-1,CTX
ATACGCCGGCGAAACC-1,VL
ATACGGGTTTCGATTG-1,CTX
ATACGGTGAAGATGCA-1,CTX
ATACGTACTTAGCCAC-1,aco
ATACGTCCACTCCTGT-1,CP
ATACGTTATGCACGGA-1,
ATACTACCCGTACCAC-1,CP
ATACTAGCATGACCCT-1,CTX
ATACTCTCGCCACTCT-1,CTX
ATACTGCCTTACACCG-1,CP
ATACTTGTTCTCGAGC-1,CTX
ATAGACAACGGGACCT-1,CTX
ATAGACGAAGAGAAAG-1,CP
ATAGAGTACTGGGACA-1,CP
ATAGAGTTATCAACTT-1,CTX
ATAGCAACTAGGGAAG-1,CP
ATAGCCTCAGTACCCA-1,CTX
ATAGCTGCTCTTGTTA-1,CTX
ATAGGCGGCTATAGAA-1,aco
ATAGGCTAGCTTCGCA-1,
ATAGGGATATCCTTGA-1,CTX
ATAGGTTGGGCAGATG-1,CTX
ATAGTGAAGCGTTCTC-1,LSX
ATAGTTCCACCCACTC-1,cc
ATATAAAGCGCTCGTG-1,ACB
ATATAAATGTAGCTGC-1,ACB
ATATAACACGGGCGCA-1,CTX
ATATACGCTCGTGACG-1,CTX
ATATCAACCTACAGAG-1,CTX
ATATCGGTAGGGAGAT-1,CTX
ATATCGTTCCTCGAAC-1,CP
ATATCTCCCTCGTTAA-1,
ATATCTTAGGGCCTTC-1,cc
ATATGTCTCCCTAGCC-1,CTX
ATATTATCCCGTATTT-1,CTX
ATATTCAGTTAAACCT-1,ACB
ATATTCCACATAGTGA-1,ACB
ATATTGCTGTCAAAGT-1,cc
ATATTGGAGAGGCCTT-1,CTX
ATATTTAACCCTCAAG-1,VL
ATCAAACACTGTTCCA-1,CP
ATCAAACGAAGGTTTG-1,ACB
ATCAATCTGGGCTGCA-1,cc
ATCACATTAGAATATC-1,CTX
ATCACGTGCTAATTAA-1,ACB
ATCACTTCATCCTCGC-1,CTX
ATCAGACGGCACGCCG-1,ACB
ATCAGCCTCATGCTGC-1,CP
ATCAGGTAGCTGACAG-1,
ATCAGTAGGCAGGGAT-1,CTX
ATCATAGCCCTATGTA-1,CTX
ATCATCCAATATTTGT-1,LSX
ATCATGGACTACCGAC-1,CTX
ATCCAACGCAGTCATA-1,CP
ATCCAATGGAGGGTCC-1,ACB
ATCCAATGGTACCGAA-1,CTX
ATCCACATCGACAGAA-1,ACB
ATCCAGAGCAACAACC-1,MSC
ATCCAGGATTCGTGAA-1,LSX
ATCCGGACCAGCCTGA-1,
ATCCTACCTAAGCTCT-1,LSX
ATCCTGAATCGCTGCG-1,CP
ATCCTGCGTGGAATGG-1,LSX
ATCCTGCTGCAGATAG-1,CTX
ATCCTTCTGAAAGAAC-1,CTX
ATCGACCCAATACAGA-1,LSX
ATCGACTCTTTCCGTT-1,CTX
ATCGCACGATTGTTCA-1,CTX
ATCGCACGCCGGGAGA-1,CTX
ATCGCCAGTCAACATT-1,CP
ATCGCTTTACGTCTCA-1,CTX
ATCGGAGACAGACGGC-1,ACB
ATCGGTTACCTAGTAA-1,CTX
ATCGTATTCCGAGAAC-1,CTX
ATCGTCCAATCGAGTC-1,CTX
ATCGTTAGCTAGCGGA-1,CP
ATCTAACGTCCCTATG-1,CTX
ATCTAATATCCTACGG-1,ACB
ATCTACCATCTGCTCC-1,CTX
ATCTCCCACGGAATAT-1,CTX
ATCTCCCTGCAATCTA-1,
ATCTCGTGAGCGAAAC-1,CTX
ATCTGATAGTGTCTTA-1,CTX
ATCTGCACCTCTGCGA-1,CTX
ATCTGGGCTGTTCTTG-1,ACB
ATCTGGTTAAGACTGT-1,CTX
ATCTTATCGCACACCC-1,CTX
ATCTTGACCTGCAACG-1,CP
ATCTTGACTTGTCCAA-1,CTX
ATGAAGCCAAGGAGCC-1,cc
ATGAAGTGGACCCAGC-1,CTX
ATGACGCCGGCTCTAA-1,
ATGACGCGTTCTATCC-1,
ATGACTATGCGACATT-1,CP
ATGAGGAGTGTTAATC-1,CP
ATGAGGGCAGCGGCTA-1,CTX
ATGATCGGGAATAGAC-1,CTX
ATGATGCAATGGTACA-1,LSX
ATGCACCTTCCTTAAT-1,CTX
ATGCACTACCGCATTG-1,CP
ATGCATGATCCAGGAT-1,CTX
ATGCCATTTGCGACCA-1,CP
ATGCCGGTCTTGCATA-1,CTX
ATGCCGGTTGATGGGA-1,CTX
ATGCGACAGTCCCATT-1,cc
ATGCGAGTCCCACCAC-1,CP
ATGCTCAGTGTTGCAT-1,CP
ATGCTCTGGCGCGGTA-1,ACB
ATGCTTAGGAGTTGAT-1,CP
ATGGAACCTTTGCACA-1,CTX
ATGGAGCAGGCCGTGA-1,cc
ATGGATCCGGCGTCCG-1,CTX
ATGGATTGACCAAACG-1,CTX
ATGGCAGCCGAGAAAC-1,CTX
ATGGCGGAATAGTCGC-1,CTX
ATGGGCCTCGGCCTCT-1,CP
ATGGTCGCGTGGTTTC-1,CP
ATGTAAGGCTGCTCTT-1,CTX
ATGTACATGCGGTGAG-1,CTX
ATGTACGATGACGTCG-1,
ATGTAGCGCGCGTAGG-1,
ATGTCATTTCCCATTG-1,CTX
ATGTGAAAGCCTAATG-1,OT
ATGTGCATCCGACGCA-1,CTX
ATGTGGACATCTTGAT-1,LSX
ATGTTACGAGCAATAC-1,CTX
ATGTTCCTGCCCACCT-1,CTX
ATGTTCGTCGACCCAC-1,CP
ATGTTGATTAGAGACT-1,CTX
ATGTTTCGGCCCGGAG-1,CTX
ATTAAACATGCGGACC-1,LSX
ATTAACACCTGAGATA-1,CTX
ATTAATACTACGCGGG-1,CTX
ATTAATGAACCAGTCG-1,CTX
ATTACATGTCAGTCTT-1,CP
ATTACCACACTGCCTG-1,CTX
ATTACGCGCTGGCAGG-1,ACB
ATTACTAGCCTCTTGC-1,CTX
ATTAGATTCCTCAGCA-1,
ATTAGATTGATAGCGG-1,CTX
ATTAGGCGATGCTTTC-1,VL
ATTATACTTTGCTCGT-1,CTX
ATTATAGCTACTTTAC-1,CTX
ATTATGCCATAGGGAG-1,cc
ATTATTCAGAGTCACT-1,CTX
ATTCAAAGTACCTGTT-1,CTX
ATTCAACCATTTAAGG-1,CP
ATTCACTGATGTTGGA-1,ACB
ATTCAGTAGCAGGGTC-1,CP
ATTCATATACTGTCCA-1,LSX
ATTCATCGTTGAGGCA-1,CP
ATTCCCACATAAACAA-1,CP
ATTCCTCCGCCAGTGC-1,CP
ATTCCTTCCAGGCGGT-1,CTX
ATTCGACGCCGGGCCT-1,CP
ATTCGCGCCTTGAGAG-1,CTX
ATTCGTGCTATCTCTT-1,cc
ATTCTCGTCTCTTTAG-1,CTX
ATTGAAGATCTTAGTG-1,CP
ATTGATAGCAACGAGA-1,CTX
ATTGATGAGTCCTAAC-1,CTX
ATTGCCTTTATGTTTG-1,OT
ATTGCGATCAGTAACT-1,CP
ATTGCTGCTCCTCCAT-1,CP
ATTGGATTACAGCGTA-1,CP
ATTGGGAATATCTTGG-1,
ATTGGTAGGATCCGCT-1,CTX
ATTGGTTGTGCATTAC-1,
ATTGTACAACTCGGCT-1,CTX
ATTGTTCAACGATCCG-1,CTX
ATTTAACTCGTATTAC-1,
ATTTACAGTTTACTGG-1,CP
ATTTACTAAGTCCATT-1,CTX
ATTTCCGGGTTCTGCG-1,
ATTTGCGCGAGTAGCT-1,
ATTTGTCTTGGGAGCT-1,CP
ATTTGTTCCAGGGCTC-1,CTX
CAAACCAGGTCTGCAT-1,
CAAACGAGTATCGCAG-1,LSX
CAAACGGTCGCACTTT-1,CP
CAAACTCGCGACGCCG-1,cc
CAAAGGTCATCTGAAA-1,CTX
CAAAGTCAGGTTAGCT-1,CTX
CAAATCTCTCACAAGG-1,OT
CAAATGTCCTTCCGTG-1,LSX
CAACACATCTCCTGCC-1,CTX
CAACATGGCCTGATAA-1,CTX
CAACCAGTGGCCTACC-1,CTX
CAACCGCACCTAGACA-1,CTX
CAACCTACCGAGCAGT-1,CP
CAACGACCCGTTTACA-1,cc
CAACGGTTCTTGATAC-1,CTX
CAACGTGGTGGAGTCT-1,CP
CAACTCCTTGATCCCG-1,CTX
CAACTGCTCATCCGAT-1,
CAACTTGTAGTGGGCA-1,CTX
CAAGACTCAGAAGCGC-1,
CAAGAGGGCGGAGTAC-1,VL
CAAGATATTATAACGT-1,CP
CAAGCAACGTCGGAGT-1,CP
CAAGCACCAAATGCCT-1,CTX
CAAGCGGCACATAATT-1,ACB
CAAGGATCGCATGTTC-1,LSX
CAAGGCCAGTGGTGCA-1,CTX
CAAGGTCCTATAGGCT-1,CTX
CAAGTGTGGTTGCAAA-1,CP
CAATAAACCTTGGCCC-1,CTX
CAATACGAGAGTCTGA-1,CTX
CAATACGCTCTGAGGC-1,CTX
CAATATTCTTGACCTA-1,LSX
CAATATTGGACTAGTG-1,CTX
CAATCCTGCCGTGGAG-1,CTX
CAATGAGGTTCGACTA-1,
CAATGCGAGAAGTATC-1,ACB
CAATGGATCTCTACCA-1,CTX
CAATGTGCCAACCCTT-1,CTX
CAATTAAGGGTGATGA-1,CTX
CAATTTCGTATAAGGG-1,LSX
CAATTTGACCGGGAAG-1,CTX
CACAAACCGCAGAACT-1,
CACAATGAGCTGCTAT-1,LSX
CACACACGCTAACGAG-1,CP
CACACAGCTTGCGCTC-1,CTX
CACACAGGGATAGATT-1,CP
CACACGCGCTGTCTTA-1,cc
CACAGCACCCACGGCA-1,cc
CACAGCTAGGGAGTGA-1,CTX
CACAGGGCCATATAGT-1,CP
CACAGGGCCGTTGTCA-1,
CACAGTCCCGCTTCGC-1,CTX
CACAGTTCGCTTCCCA-1,cc
CACATATTAGCAGGAT-1,VL
CACATCTCACCGACGA-1,aco
CACATGATTCAGCAAC-1,LSX
CACATGTTTGGACATG-1,CTX
CACATTTCTTGTCAGA-1,cc
CACCACGCCACACAGA-1,CTX
CACCCAAATCTTATGT-1,CTX
CACCCACACGTCACCC-1,CTX
CACCCACGAGGCAATT-1,CTX
CACCCGGTTTGTGACT-1,LSX
CACCCTAACAAGATCT-1,ACB
CACCCTTTCCTCGCTC-1,CTX
CACCGCCAGAAGGTTT-1,CTX
CACCGGGCATCACAAG-1,
CACCGTATCCCATCCG-1,CP
CACCGTTAGGGATCAC-1,ACB
CACCGTTGCGCGATAT-1,ACB
CACCTAATAGAGTCGT-1,CTX
CACCTAATCAGTTTAC-1,CTX
CACCTCGATGGTGGAC-1,CTX
CACCTTGCGAAACTCG-1,CTX
CACCTTGGCGCCTTTG-1,CP
CACGAAAGTTAGTCCC-1,CP
CACGCACAGCGCAGCT-1,CTX
CACGCAGCGAGGCTTT-1,CP
CACGCGGAACTGTTGC-1,CP
CACGGGATTGAGGGTT-1,CTX
CACGTCAATCAATGGA-1,CTX
CACGTCGGCAACCTCT-1,ACB
CACGTCGGGTTCTAGA-1,CTX
CACGTTCGTGCTCTAG-1,VL
CACGTTTCGTACACAC-1,CP
CACTAAAGTTGCCTAT-1,VL
CACTACGGGAGCTGCC-1,cc
CACTCAAGAGCTATGG-1,LSX
CACTCGAGCTGAACAA-1,VL
CACTCGGTTAGGAGGA-1,CTX
CACTCTTCTGCTAGCC-1,CP
CACTGTCCAAGTGAGA-1,cc
CACTTAATCAGACGGA-1,CP
CACTTCGCCACAGGCT-1,CP
CACTTCGTCTTATCTC-1,CTX
CAGAACTTAGCCCTCT-1,CP
CAGAATAACACACGGA-1,CP
CAGAATATTCGTTATC-1,CTX
CAGACACCGATCGCTG-1,MSC
CAGACCTGTAAGTGTT-1,CTX
CAGACGAACCTGATAC-1,MSC
CAGAGACGGTCACCCA-1,MSC
CAGAGCATGAGCTTGC-1,CTX
CAGAGGCGATGCATGA-1,MSC
CAGATAATGGGCGGGT-1,CTX
CAGATACTAACATAGT-1,CP
CAGCAGCCCGTTCCTT-1,CTX
CAGCAGTCCAGACTAT-1,CP
CAGCAGTCTGTGCTGC-1,ACB
CAGCCTCCTGCAGAGG-1,CTX
CAGCCTCGATAGCGGT-1,CTX
CAGCGATTCCCTTCAA-1,LSX
CAGCGCCAACACGATA-1,CTX
CAGCTCACTGAGACAT-1,cc
CAGCTCGACAAGTTAA-1,CTX
CAGCTCGTGCTTGTGT-1,CTX
CAGCTTAGTAGGTAGC-1,CP
CAGGACAGCTGCCCTT-1,
CAGGATATATCGTTGT-1,LSX
CAGGCAGTCTTACCAG-1,CTX
CAGGCCGTTTGGGTGT-1,VL
CAGGCGCCATGCTAGG-1,VL
CAGTAATCCCTCCCAG-1,CP
CAGTAGATGATGTCCG-1,CTX
CAGTAGCCCACGCGGT-1,CTX
CAGTAGCGAGGTAGTA-1,CTX
CAGTCGAGGATGCAAT-1,
CAGTCTCTCGGCTAAT-1,CTX
CAGTCTGTATACTGGG-1,LSX
CAGTGAATAAATGACT-1,CTX
CAGTGGTTGCACATGA-1,CTX
CAGTGTCCGCAGAATG-1,CTX
CAGTGTCGGCTGGCCC-1,CP
CAGTTCAAATTGACAC-1,VL
CAGTTCCGCGGGTCGA-1,CP
CATAACGGACAGTCGT-1,cc
CATAAGAAGCTTGGCT-1,ACB
CATAAGCTCTCCGTCT-1,CTX
CATAATGAGCGGGCGA-1,CTX
CATACAAAGCCGAACC-1,CTX
CATACACGGTTCCCAC-1,
CATACCCGTACCCAGT-1,CP
CATACGGCGTCTGGGC-1,LSX
CATACGGGTGCATGAT-1,CTX
CATACTATGTAATTGT-1,VL
CATACTTAGGCAATAC-1,CTX
CATAGAGGAGATACTA-1,CTX
CATAGCCGCCCGGGAT-1,CP
CATAGCGTTGCCCACC-1,LSX
CATAGTAGCATAGTAG-1,CTX
CATAGTCAAATACATA-1,CTX
CATAGTCCACAAGAAC-1,ACB
CATATAGGTACAGTCA-1,LSX
CATATGTCAGGCTACG-1,
CATCAACACCTACTAA-1,CTX
CATCATTACCCTGAGG-1,CP
CATCCCGAGATTCATA-1,CTX
CATCCGCAGGCCCGAA-1,CTX
CATCCTCTCAAAGATC-1,CP
CATCGAATGGATCTCT-1,CTX
CATCGCCCGCGGCCAA-1,CTX
CATCGGACGGGTTAAT-1,LSX
CATCGTCCGGTTACTA-1,CTX
CATCTAGTGAAGGGAA-1,CTX
CATCTGCAGGATCATT-1,CTX
CATCTTACACCACCTC-1,cc
CATGAACCGACATTTG-1,CTX
CATGACTTCGCTGAAT-1,cc
CATGAGATGCACTCTC-1,ACB
CATGATCGCTTTGAGA-1,CTX
CATGATGCACAATTCT-1,CTX
CATGATGGAAGTTAGC-1,CP
CATGCCAACTCGCAAA-1,OT
CATGCGACCAGTTTAA-1,CTX
CATGGATTGTCTTCCG-1,CP
CATGGCAGGAAGATCG-1,CTX
CATGGCTCCCTATGTC-1,CTX
CATGGGTATGCCTTAT-1,ACB
CATGGGTCGGGTGTGG-1,CTX
CATGGTAAGTAGCGTT-1,LSX
CATGGTCTAGATACCG-1,CTX
CATGGTTTATTAATCA-1,CTX
CATGTAAGAGACATTT-1,CP
CATGTCTCATTTATGG-1,CP
CATTACATAGATTGTG-1,
CATTACGCAGGAAGGG-1,CTX
CATTACGTCGGCCCGT-1,CTX
CATTATGCTTGTTGTG-1,cc
CATTCAGGTCAGTGCG-1,CTX
CATTCCCATTCCGTCG-1,CTX
CATTCCCTAAGTACAA-1,CTX
CATTCGTCGTAGCGGT-1,CTX
CATTGCGAAATGGGCG-1,CTX
CATTGTGTGCTAGATC-1,CTX
CATTTAGCGGACCATG-1,CTX
CATTTCTAGCAGACTA-1,CTX
CATTTGAGTGGTACGT-1,LSX
CCAAACAGAACCCTCG-1,cc
CCAAAGCAGTTGGTTG-1,CTX
CCAAAGTCCCGCTAAC-1,
CCAAATAACAAGATTC-1,CP
CCAACGATGCACTGAT-1,CP
CCAACTTGATAGATCC-1,CTX
CCAAGAAAGTGGGCGA-1,MSC
CCAAGACTTCTGCGAA-1,CTX
CCAAGCGTAACTCGTA-1,cc
CCAAGGAACAGAGAGG-1,CTX
CCAAGGTTGCCCTTTC-1,CTX
CCAAGTTTCTACAGAT-1,CTX
CCAATAGATTTCATCT-1,
CCAATAGTGCCGTCGA-1,CP
CCAATGTCACAGCAAG-1,LSX
CCAATTGAATGTTAAT-1,cc
CCACAATGTACGTCTT-1,CTX
CCACACTGAGATATTA-1,LSX
CCACAGCTGAAATCAT-1,CTX
CCACAGTACCCATCCT-1,CP
CCACATACTGCACCCA-1,CTX
CCACCAACTTTACTGT-1,LSX
CCACCCAAGGAAAGTG-1,VL
CCACCTGTATGGAATA-1,CTX
CCACGAATTTAACCTC-1,CTX
CCACGAGAAGAGAATC-1,
CCACGGAGCCATAAGA-1,OT
CCACGGTGCCCGGTAG-1,CTX
CCACGTAAATTAGACT-1,CTX
CCACTAAACTGAATCG-1,CTX
CCACTATCCGGGTCAC-1,CTX
CCACTGGTGGCTGGTT-1,CP
CCACTGTTTGGATTAA-1,CP
CCAGAAACTGATGCGA-1,CTX
CCAGAAAGCAACTCAT-1,ACB
CCAGAGACAAAGCCGG-1,CP
CCAGATAGTTGAGTGA-1,CTX
CCAGCCTGGACCAATA-1,cc
CCAGCGGGATCACCAG-1,CTX
CCAGCTACGCCTCATA-1,CTX
CCAGCTCGAACGCATT-1,ACB
CCAGCTGATGGTACTT-1,CP
CCAGCTTCCGCCCGCA-1,CP
CCAGGCTGGCGTCTGA-1,CTX
CCAGGGACGTGGCCTC-1,cc
CCAGTAGTCTGATCCA-1,CTX
CCAGTCAAATCTCTTA-1,CTX
CCAGTCCATTATTCGA-1,CTX
CCAGTCTAGACGGCGC-1,CTX
CCAGTCTTGTCATAGA-1,ACB
CCAGTTCGGTAACTCA-1,
CCATACCTTTACTTGT-1,CTX
CCATACTCGCCTCTCC-1,
CCATAGGTTGGCGTGG-1,CTX
CCATAGTCAGTAACCC-1,CTX
CCATATGGAAACTATA-1,CP
CCATATTGGATCATGA-1,CTX
CCATCCATACCAAGTC-1,CTX
CCATCGCAGTTAAACT-1,LSX
CCATCTCACCAGTGAA-1,cc
CCATCTTGTTCACAAT-1,CTX
CCATGCCCTAGATTTC-1,CP
CCATGCCTGTTTAGTA-1,LSX
CCATGCTCTGCAGGAA-1,cc
CCATGGCCCTTGTACC-1,CP
CCATTAGCGATAATCC-1,CP
CCATTCCCTGCCCACA-1,CP
CCATTGTTTCCTCCAT-1,
CCATTTCTACCTATTA-1,ACB
CCCAAACATGCTGCTC-1,cc
CCCAACATACGTCGCG-1,ACB
CCCAAGTCATTACACT-1,CTX
CCCAATTTCACAACTT-1,ACB
CCCAGGTCTGAAGGCT-1,CP
CCCAGTTAAGGCGCCG-1,CP
CCCATATAGGTCGATT-1,CTX
CCCGACCATAGTCCGC-1,CTX
CCCGAGTTTCTCCGTA-1,CP
CCCGATAGCCTCGCCT-1,
CCCGCAGCGCGAACTA-1,LSX
CCCGCCATGCTCCCGT-1,cc
CCCGCGCAATGCACCC-1,cc
CCCGGCTAGGTGAGAA-1,CTX
CCCGGTGGAAGAACCT-1,CP
CCCGTAAGTCTAGGCC-1,ACB
CCCGTCAGCGTCTGAC-1,cc
CCCGTTTCGCAGATGT-1,CP
CCCTACTTGAACAATG-1,
CCCTAGTGTCAGGTGT-1,CTX
CCCTCAAGCTCTTAGT-1,CTX
CCCTCATTCTGGAATT-1,CTX
CCCTCCTCGCTCGTAT-1,CP
CCCTGAAATGAGTTGA-1,CP
CCCTGACTAACAAATT-1,CTX
CCCTGATGTAACTCGT-1,CTX
CCCTGCCCAATCCGCT-1,ACB
CCCTGCGCTACGCATA-1,CP
CCCTGTTGGCAAAGAC-1,CTX
CCCTTTAATGGAGTTC-1,CTX
CCCTTTGACAGGTCTT-1,MSC
CCGAAAGTGGTGAGCA-1,CTX
CCGAACACTGGGCCTC-1,OT
CCGAACCTTCCCGGCC-1,ACB
CCGAAGTATATTGTTC-1,CP
CCGACAAACACATGAG-1,CTX
CCGACAAAGGGAGTGC-1,CP
CCGACAATAGGCCGCC-1,CP
CCGAGAAGTCGCATAA-1,cc
CCGATATGACGTAAGG-1,
CCGATCTCAACCTTAT-1,cc
CCGATTCGAGGGACCC-1,CP
CCGCACAAAGACCAAC-1,VL
CCGCACACGAACGTGT-1,CTX
CCGCACGTGACCTCGG-1,CP
CCGCACTTGCAATGAC-1,CTX
CCGCATGTGGTACGAT-1,ACB
CCGCCGTTGAGGATAA-1,CTX
CCGCCTTGCGATGTCG-1,
CCGCGATTTGGTAGGT-1,CTX
CCGCGGAATGCGTCAC-1,LSX
CCGCGGGTACGAAGAA-1,CP
CCGCGTAGGTAAGGGC-1,CP
CCGCTATCAGCACCAG-1,LSX
CCGCTCTTCCGAACTA-1,CP
CCGCTTACCTCACTCT-1,ACB
CCGCTTGCTGACATGG-1,CTX
CCGGAAGTTATCAGTC-1,
CCGGAATGGTTTCAGT-1,CP
CCGGAGCGTACTTTCT-1,MSC
CCGGCACGACCGTTTC-1,CTX
CCGGGACCCGCAGAGA-1,CTX
CCGGGCGGTCTCGTCA-1,CTX
CCGGGCTGCTCCATAC-1,cc
CCGGGTTCGAGGTTAC-1,ACB
CCGGTAATGGCTAGTC-1,CTX
CCGGTGCGAGTGATAG-1,CTX
CCGGTTTGTAATTGTG-1,
CCGTAAGTTGGTCCCA-1,cc
CCGTACCCAAGCGCCA-1,CTX
CCGTAGGAAATCCCTG-1,CP
CCGTAGGGTTGTTTAC-1,CP
CCGTGAGGCATTCATG-1,CTX
CCGTGCCCATGACGGC-1,CTX
CCGTGGAACGATCCAA-1,
CCGTGTTAAATTCCAT-1,ACB
CCGTTACGTTAGAACA-1,CTX
CCGTTCCGAATCTCGG-1,ACB
CCTAAATTAACGGTTC-1,LSX
CCTAAATTGTATCCTA-1,cc
CCTAACCCAAACAAGT-1,CP
CCTAAGTGTCTAACCG-1,
CCTACATTCACAGACG-1,ACB
CCTACGGCTCAGTCGA-1,CTX
CCTACTCAACACGATT-1,CTX
CCTACTGCTTACACTT-1,VL
CCTAGGCGTAGCGATC-1,cc
CCTATAATGAGTGCCC-1,ACB
CCTATACCGTCCTGTC-1,
CCTATCTATATCGGAA-1,CTX
CCTATGAAGTGGTGCC-1,CTX
CCTATGGGTTACCGTC-1,CTX
CCTATGTCCACTCCAC-1,CP
CCTCACCAATCTTGAC-1,CTX
CCTCACCTGAGGGAGC-1,CTX
CCTCACCTTAGCATCG-1,CTX
CCTCACGTCAGCTAAT-1,CTX
CCTCATGCAGCTACGA-1,CTX
CCTCCGACAATTCAAG-1,CP
CCTCCTGAGCCCACAT-1,CTX
CCTCCTGTTGTGTCGT-1,CP
CCTCGCCAGCAAATTA-1,CTX
CCTCGCGCTGTGCGAT-1,ACB
CCTCGGACCGGGATAG-1,CP
CCTCGGATGCTACCTG-1,CTX
CCTCTAATCTGCCAAG-1,CTX
CCTCTCTCCCATCTAG-1,CP
CCTCTGGCCTAGACGG-1,
CCTCTGTACTATTCTA-1,ACB
CCTGAACGATATATTC-1,CP
CCTGAATATTTACATA-1,CTX
CCTGACAAACTCGCGC-1,CTX
CCTGACCACCGATGGT-1,LSX
CCTGCCCGTTGTCTAG-1,CTX
CCTGCGATAGAACTGT-1,CTX
CCTGCGTTCTACGCTT-1,CP
CCTGCTATTTGAGAAG-1,cc
CCTGGAAACGTTCTGC-1,CTX
CCTGGCTAGACCCGCC-1,CP
CCTGGTCGAATGTGGG-1,ACB
CCTGTAAGACATGATA-1,CP
CCTGTACTCACGCCCA-1,ACB
CCTGTCACCCGGGCTC-1,CTX
CCTGTCCCTCACGTTA-1,CTX
CCTGTCGCCCGTAAAT-1,cc
CCTGTGAAACCGTAAC-1,CTX
CCTGTGCATAGGAGAC-1,CTX
CCTGTTTGAAGACACG-1,CP
CCTTCTCAGCGTTCCT-1,CTX
CCTTCTTGATCCAGTG-1,CTX
CCTTGACCACTTTATT-1,CP
CCTTTAAGGGAGCACT-1,
CCTTTCAATGAAGAAA-1,CTX
CGAAACGCAATTCATG-1,aco
CGAACAGTATGGGCGT-1,CP
CGAACCCGCATGCGTC-1,LSX
CGAAGACGGTGAGTGC-1,CTX
CGAAGTTGCTCTGTGT-1,CP
CGAATGACGCATAATG-1,
CGACAATTTGATCTAA-1,CP
CGACACGCTCCGACAG-1,CP
CGACAGTTCGCGTTAT-1,CP
CGACTCAGGATGTTAT-1,CTX
CGACTTTGTATAGCCT-1,CTX
CGAGACCCTAGAGTGT-1,LSX
CGAGACTACTGCTGCT-1,
CGAGAGATGTGAACCT-1,CTX
CGAGAGCTTTCACTAC-1,CP
CGAGAGGGTAGCCGCG-1,CP
CGAGATTTCGCTCGGG-1,CTX
CGAGCACTTCAAGTTT-1,CP
CGAGCCGAGCACTCGA-1,CTX
CGAGCGTTGATCAGCC-1,CTX
CGAGCTGGGCTTTAGG-1,
CGAGGATCGGGAACGA-1,
CGAGGCCAGGCATTGG-1,CTX
CGAGGCTAAATATGGC-1,CTX
CGAGGGTATCCAGGTG-1,
CGAGTACTAAAGAGGA-1,ACB
CGAGTGCTATAGTTCG-1,CTX
CGAGTTCTGTCCCACC-1,CTX
CGAGTTTATCGGACTG-1,cc
CGATAATACTCAGGTT-1,CTX
CGATACCTCGCGGACA-1,LSX
CGATAGTCGTACTGCA-1,CTX
CGATATTAGCCGCAGG-1,CTX
CGATCCGACCCAGTGC-1,LSX
CGATCTGTTGGAGGAC-1,OT
CGATTAAATATCTCCT-1,ACB
CGATTCGCCTGGCTGC-1,ACB
CGCAAACACGAGTTAC-1,CP
CGCAATCGATCATTAG-1,
CGCAATTACTTTCGGT-1,CP
CGCAATTAGGGTAATA-1,CP
CGCAATTCTACAATAA-1,CP
CGCACATGTCCACTAC-1,CP
CGCACGTGCGCTATCA-1,cc
CGCAGATCTTCACCCG-1,
CGCAGGCGATCCAAAC-1,CP
CGCATCCATCAGCCAG-1,CTX
CGCATGCCGAATGCGT-1,CTX
CGCATGGTGCGATGCT-1,LSX
CGCATTAGCTAATAGG-1,cc
CGCCAAGAAGCCGAGT-1,CP
CGCCAATTATTGCGTT-1,CTX
CGCCACCCGCATTAAC-1,CTX
CGCCATCCGATTATGA-1,CTX
CGCCCAGCACGCCTAG-1,
CGCCCAGCGTTTCACG-1,CTX
CGCCCGCTTCCGTACA-1,CTX
CGCCCTTGAAGGCTGA-1,CP
CGCCGACTATTCGCTA-1,CTX
CGCCGCCCATGCCTGT-1,CP
CGCCGTCTACCCATCG-1,CTX
CGCCGTTCAGCATAGT-1,CP
CGCCTCCCTCCTCTAT-1,LSX
CGCCTGGCCTACGTAA-1,ACB
CGCCTTTAGCATGCTC-1,CTX
CGCGAAGTGGCATACT-1,CTX
CGCGACACTGCGCAGC-1,CP
CGCGACCGCGACAGAT-1,ACB
CGCGCAAGGAACTACA-1,CTX
CGCGCATGTTTGATTG-1,MSC
CGCGCCCGACTTAATA-1,CTX
CGCGGCAGTATTACGG-1,CTX
CGCGGCTCAACTTGAA-1,CP
CGCGGGAATTAGGCAG-1,CTX
CGCGGGAATTCCTTTC-1,
CGCGGTAAGTCTAGCT-1,CTX
CGCGGTACGGTATACA-1,CTX
CGCGTTCATGAAATAC-1,VL
CGCTACGGGACATTTA-1,LSX
CGCTAGAGACCGCTGC-1,cc
CGCTATACCGCCCACT-1,CTX
CGCTATTCAATGTATG-1,cc
CGCTATTCTTAGGCTC-1,LSX
CGCTCGACATAATGAT-1,cc
CGCTCTCCGTAGATTA-1,CP
CGCTGAGGACGTCCAA-1,
CGCTGGTGACTACCCT-1,CP
CGCTGTGACGCCGCAC-1,CP
CGCTTATTCCCGGTCG-1,aco
CGCTTCCACTGAAATC-1,CTX
CGCTTCGGTCTAAGAC-1,CTX
CGCTTGGACGGATAGA-1,CTX
CGCTTTCATACCGGTG-1,CTX
CGCTTTCTTGCATTCG-1,cc
CGGAAAGAATCAAACG-1,
CGGAAAGCAAATGTGC-1,CTX
CGGAACGTAAACATAG-1,ACB
CGGACGTTACTTGAAG-1,
CGGAGCAATTTAATCG-1,ACB
CGGAGCATGGCGATCC-1,LSX
CGGAGTTTGAGAGACA-1,CP
CGGATAAGCGGACATG-1,cc
CGGATCCTCAAGGACT-1,ACB
CGGCAAACATCGTGCG-1,ACB
CGGCAATAAGATCGCC-1,CP
CGGCACTCAAGAAAGT-1,CTX
CGGCAGGGTCGGGTTG-1,CTX
CGGCCACGCACAAAGT-1,LSX
CGGCCCAACCTGTAGT-1,CTX
CGGCCCAGGTATATCC-1,CP
CGGCGCCATCAATCCC-1,CP
CGGCTCTAAAGCTGCA-1,cc
CGGGAATATAGTATAC-1,CP
CGGGAATTTATGTAAA-1,LSX
CGGGAGCTTCAGTGTA-1,CP
CGGGAGTATACCGCCG-1,CTX
CGGGATCAATGTAAGA-1,CTX
CGGGCAGCTAAACCGC-1,VL
CGGGCCATAGCCGCAC-1,CTX
CGGGCCTTCTTTGTAA-1,LSX
CGGGCGATGGATCACG-1,
CGGGTGTACCCATTTA-1,cc
CGGGTTGTAGCTTTGG-1,CTX
CGGGTTTGTTAGGGCT-1,CTX
CGGTACTAGAATCAAA-1,CP
CGGTAGAGGTGCAGGT-1,
CGGTCAAGTGGGAACC-1,CTX
CGGTCAGTCCATATTT-1,CTX
CGGTCTATCAACCCGT-1,
CGGTGAAGACTAAAGT-1,CP
CGGTGCAGATAGAACG-1,aco
CGGTGCGCGTTGGTCC-1,ACB
CGGTGTACTTGATCCC-1,CTX
CGGTTATCCAACAGTG-1,CTX
CGGTTCCGGCTTCTTG-1,CTX
CGGTTGACCTGGCATA-1,ACB
CGTAAACGCTTGAGTG-1,CTX
CGTAATAATTACGAGT-1,CTX
CGTACCGAAAGTCTAG-1,CTX
CGTACCTGATAGGCCT-1,CTX
CGTAGAGAGTAATTAT-1,CTX
CGTATCTAGAACTAAG-1,CTX
CGTCAAGGCTATAAAT-1,CP
CGTCAATCTTTAACAT-1,CTX
CGTCACGTCCATTGGT-1,LSX
CGTCAGCTATTTACTC-1,CTX
CGTCAGTGCGCACAAG-1,CTX
CGTCATACCATATCCA-1,cc
CGTCCAGATGGCTCCA-1,
CGTCCTCATCGCGTGC-1,
CGTCGCATGTGAGCCA-1,OT
CGTCGCGGCGGGATTT-1,CTX
CGTCGGATAGTGTTGA-1,CTX
CGTCGTCCTTCGCGAA-1,aco
CGTCTGGAAGGGCCCG-1,
CGTCTTGAGTGTGACG-1,CTX
CGTGAAGTTAATTCAC-1,LSX
CGTGCACACCACTGTA-1,
CGTGCAGACTGGGACA-1,VL
CGTGCATTGTCGACGC-1,ACB
CGTGCCCTCCCGAAGA-1,CP
CGTGCTGGCCTAGTCG-1,CTX
CGTGGAAGCCTCGTAC-1,CTX
CGTGGCCGAATATCTA-1,CP
CGTGTATGGGAGCTGA-1,CTX
CGTGTCCCATTCGCGA-1,CP
CGTGTGTTAAACCCTG-1,CTX
CGTTAAACTAGTTAGG-1,CP
CGTTAATGTCCCGACG-1,CP
CGTTGAATACCGCGCT-1,aco
CGTTGAGCGACCGTCG-1,VL
CGTTGTAAACGTCAGG-1,cc
CGTTGTAAGATTGATT-1,CTX
CGTTGTCGGCAATTGA-1,
CGTTGTTTCAATTCCC-1,CP
CGTTTCGCTCATTACA-1,VL
CGTTTGGTGTTGTGGG-1,CTX
CGTTTGTGTAGAGGGT-1,
CTAAACGGGTGTAATC-1,
CTAAAGAATGCCTACT-1,CP
CTAAAGGGAAATAGGA-1,LSX
CTAAAGTCCGAAGCTA-1,CTX
CTAAATCCTATTCCGG-1,CTX
CTAACCGCGCGCCCGT-1,CP
CTAACGAAACTTGCTG-1,CTX
CTAACTGATAATCGCC-1,CP
CTAACTGGTCCGGTTC-1,ACB
CTAAGGGAATGATTGG-1,LSX
CTAATTCGCACGCGCT-1,CP
CTAATTCTCAGATATT-1,CTX
CTAATTTCAACAACAC-1,CP
CTACACTAGCTTGTTC-1,
CTACACTCGCAGATGG-1,CP
CTACCCTAAGGTCATA-1,CTX
CTACGACTAGCTATAA-1,CP
CTACGCACGGAGTACC-1,LSX
CTACGTGTTGCCACCA-1,CTX
CTACTATCTTTCAGAG-1,CTX
CTACTCTAGGCCCGGC-1,CP
CTACTGCCACCTGACC-1,CTX
CTAGATAAACTCCTCG-1,CTX
CTAGATGTGAGTGTAA-1,CTX
CTAGATTTACGACGGC-1,VL
CTAGCAACTAATTTAC-1,
CTAGCATAGTATAATG-1,cc
CTAGCCACAGGCGAGC-1,CTX
CTAGCTTAATGGTCCC-1,CTX
CTAGGCGCCCTATCAG-1,CP
CTAGGCGGCAGAGAAT-1,CTX
CTAGGTCTGAAGGAAT-1,CTX
CTAGGTTCGGACGTGA-1,ACB
CTAGTAGAAAGGGATT-1,OT
CTAGTCACGTCTTAAG-1,LSX
CTAGTGAAGGACAGGA-1,CP
CTAGTTACAACCCGGT-1,ACB
CTAGTTGGGCCCGGTA-1,CTX
CTATAAGAGCCAATCG-1,
CTATCGACGAAATACA-1,CP
CTATCGCGTAGAGAAC-1,CTX
CTATCGGGTCTCAACA-1,cc
CTATGCCCGAATGCAA-1,
CTATGGGAAGCGGAAT-1,CP
CTATGTCACTAGCCCA-1,CTX
CTATGTGAGTCACGGC-1,
CTATTCATGTGTCCCA-1,ACB
CTATTTGGTTACGGAT-1,cc
CTCAACTAACCCGGAT-1,CP
CTCACATTTACTAAAT-1,ACB
CTCACCAGTACAAGTG-1,CTX
CTCACTGTGATACTTA-1,OT
CTCACTTGGCTGGTAA-1,ACB
CTCAGGACTCACCTGT-1,CTX
CTCAGTCACGACAAAT-1,
CTCATGGTAATTTGCG-1,
CTCATTCGTGAACATC-1,CTX
CTCATTGCTCTAACAA-1,ACB
CTCATTTGATGGGCGG-1,CTX
CTCCCAATGAGTCGCG-1,cc
CTCCGCCCACATGAGG-1,ACB
CTCCGGCCTAATATGC-1,CTX
CTCCGGCTTGTAGACA-1,CTX
CTCCTAAGTTATGTCT-1,CTX
CTCCTGTTCAAGGCAG-1,CTX
CTCGAGATCCAAAGCA-1,CTX
CTCGAGGTCGAACAGT-1,cc
CTCGCACCTATATAGT-1,CTX
CTCGCCGAATGTAGGG-1,ACB
CTCGCTAGGTAAGCGA-1,
CTCGGGATAACACCTA-1,CTX
CTCGGTACCACTGCTC-1,CP
CTCGGTCCGTAGCCTG-1,CTX
CTCGTCTGTGCCTTCG-1,
CTCTACACTGGCGATT-1,CTX
CTCTAGCCCTCGGAAA-1,CTX
CTCTATTTGGCTGCAG-1,LSX
CTCTCACAATCGATGA-1,cc
CTCTCGCTGTACTATG-1,CTX
CTCTGCGAAGCAAGCA-1,CTX
CTCTGGACGCCTGGTG-1,cc
CTCTTCTATTGACTGG-1,CP
CTCTTGTCCCGCTTGG-1,LSX
CTGAAAGAGATCCGAC-1,CTX
CTGAATCCGAGACCTC-1,LSX
CTGACATAGAAATAGA-1,CTX
CTGACTGCGCAGCTCG-1,CTX
CTGAGAAAGTTCGGCG-1,CTX
CTGAGAGTAGAAATAC-1,CTX
CTGAGCAAGTAACAAG-1,CTX
CTGAGCGAGACTTATT-1,
CTGATAGTGTATCTCA-1,CP
CTGCAAGCACGTTCCG-1,CTX
CTGCACAACTACATAT-1,ACB
CTGCACCTAGTCCACA-1,CTX
CTGCACCTGGAACCGC-1,CTX
CTGCACTCCAGTACAG-1,ACB
CTGCAGAGAATCAGAG-1,CP
CTGCAGGTGCTCGGCC-1,CTX
CTGCCAAGGTTGGAAG-1,CTX
CTGCCATGCATCACAT-1,LSX
CTGCCCACGAAGCGTT-1,CTX
CTGCCTCATATGCAAC-1,CTX
CTGCCTTTCTAGTAAA-1,CP
CTGCGGGTGAAATGTT-1,CP
CTGCTGAGGCCACGAA-1,ACB
CTGCTGTCTAACGAGC-1,CTX
CTGCTTGGCGATAGCT-1,ACB
CTGGAAATGGATGCTT-1,VL
CTGGAAGACACGGTGG-1,CP
CTGGATTTACACTTGA-1,MSC
CTGGCATCCGAATGAG-1,OT
CTGGCGACATAAGTCC-1,
CTGGCGCACAGGTCTG-1,cc
CTGGCGGGAATAAGTA-1,CP
CTGGCTCCTGCGGGAT-1,CTX
CTGGCTGATTCATCCT-1,CP
CTGGCTGCTAACGTAA-1,CTX
CTGGCTGGTTGTCAGT-1,MSC
CTGGGATAAATAATGG-1,CP
CTGGGATACGCTACCC-1,CTX
CTGGGCCTGCTATATC-1,ACB
CTGGGTAGGCAGTTAA-1,CP
CTGGTAAAGACTTACA-1,CTX
CTGGTAAAGTGTGGGC-1,CTX
CTGGTAACACATAGAA-1,CP
CTGGTAACGAGCTCTT-1,CTX
CTGGTCATTCCAATCC-1,CP
CTGGTTCAACGCATCA-1,CTX
CTGGTTCGCGAGCTAC-1,CTX
CTGGTTTCGAGCAAGA-1,CP
CTGTACTTCTTAGCAT-1,LSX
CTGTAGCCATCTCACT-1,
CTGTATGGTGTAGAAA-1,cc
CTGTCAAATGGCTCGG-1,CTX
CTGTCTGTGGCTGGCT-1,
CTGTGCAGGGTAGGTC-1,LSX
CTGTGGTCGGGAGATA-1,CP
CTGTTACCCAATCTAG-1,MSC
CTGTTCACTGCCTGTG-1,CTX
CTGTTCATCTCACGGG-1,CP
CTGTTGGCTCTTCTGA-1,CTX
CTTAAATAAGACCCAT-1,CTX
CTTAACTTACAGTATA-1,CTX
CTTACACGGTATTCCA-1,CP
CTTACACTGGGAAATA-1,CTX
CTTAGCCCGGATAGTG-1,CTX
CTTAGCCTTCCACATG-1,CTX
CTTAGTAGGCCTACAG-1,CTX
CTTAGTGTAGTAGCAT-1,ACB
CTTATAGATGGCTGTT-1,CTX
CTTATGCGCTCAGGGC-1,CTX
CTTATGTTGACTACCA-1,CTX
CTTCAACTCCACTTGG-1,ACB
CTTCAGTTGGACAACG-1,
CTTCATAGCTCAAGAA-1,cc
CTTCATTGTCAGTGGA-1,LSX
CTTCCGCTCCGTGAAG-1,MSC
CTTCGATTGCGCAAGC-1,CTX
CTTCGGCCAATTGTTT-1,CP
CTTCGTAGATAGGTGA-1,VL
CTTCTATGTTGAAGTA-1,ACB
CTTCTATTAATGCTAG-1,LSX
CTTGAGGTTATCCCGA-1,CTX
CTTGAGTTAGGGTAAT-1,CP
CTTGATGACCATCCAG-1,CTX
CTTGCAACCGCCTCCT-1,ACB
CTTGCCCACCCACGCA-1,CTX
CTTGCCCAGGCTCTAC-1,LSX
CTTGGCCAAGCTGGGA-1,
CTTGTACTTGTTGACT-1,cc
CTTGTCAACATTCGAG-1,ACB
CTTGTGAGGACAGCGG-1,CTX
CTTGTGAGTCTTTGAC-1,CTX
CTTGTGCTCACCGATT-1,
CTTGTTGCTGAGTCAA-1,VL
CTTGTTTATGTAGCCA-1,cc
CTTTAACTTTCAAAGG-1,CTX
CTTTAATATTGGTCGA-1,VL
CTTTACCGAATAGTAG-1,CP
CTTTAGGAACACTGTT-1,CP
CTTTAGTGCTATTATT-1,LSX
CTTTCTGTGCGGGCTT-1,ACB
CTTTGCATCGCTCTTG-1,CP
CTTTGCTGTCATGGAT-1,CTX
CTTTGGCGCTTTATAC-1,CP
CTTTGGCTTTAGTAAA-1,CP
GAAACAGATGACCACC-1,CP
GAAACCATGGTGCGCT-1,CTX
GAAACCGAATTACCTT-1,LSX
GAAACCTATACAAATG-1,
GAAACTCGTGCGATGC-1,CP
GAAAGAACAGCGTTAT-1,CTX
GAAAGCAGTGCACTTT-1,MSC
GAAAGCCCTTTGGACC-1,CP
GAAAGTGACTAACTGC-1,CP
GAAATACTAAACGTTT-1,CTX
GAAATATCACCATCAG-1,CP
GAAATCGCGCGCAACT-1,CTX
GAAATCTGACCAAGTT-1,CTX
GAAATGGCGGTGTTAG-1,VL
GAAATGGGATGTAAAC-1,CTX
GAAATTCACATCGCTG-1,CTX
GAAATTGTCTCTATAA-1,LSX
GAACAACTGGGATGAA-1,CTX
GAACACACATCAACCA-1,cc
GAACAGATTACTAAAT-1,ACB
GAACCCTCTGTGTTCT-1,ACB
GAACCTCGACCTACAC-1,CTX
GAACCTTTAACGATCC-1,OT
GAACGACCGAATGATA-1,CTX
GAACGCGGGTCACACG-1,cc
GAACGTCTCATGGTCG-1,cc
GAACGTTAGGAAGACG-1,CP
GAAGAACGGTGCAGGT-1,CTX
GAAGCCACTGATTATG-1,
GAAGCCGGGTAAGCTC-1,CTX
GAAGCCTGCACATTCC-1,ACB
GAAGCGTGAGGAATTT-1,cc
GAAGCTCTTTGCTTAG-1,CTX
GAAGCTTGCTGACCGC-1,CP
GAAGGACTAAATTGAA-1,CTX
GAAGGGCATAACCATG-1,CTX
GAAGTCAGTTGCACTA-1,MSC
GAAGTCTCCCTAGCGA-1,cc
GAAGTGATTTATCGTG-1,LSX
GAAGTTTCCACTCAAT-1,CP
GAATAGACGCGACCCA-1,CP
GAATAGCATTTAGGGT-1,CTX
GAATCGACATGGTCAC-1,CP
GAATCGCCGGACACGG-1,CTX
GAATCTGAACATTCTC-1,LSX
GAATGCCGAAATGACC-1,CP
GAATGCGAATCGGTTC-1,OT
GAATGGGCTTATCGAC-1,CTX
GAATGTGGTCCGGATT-1,CP
GAATGTTGGGTAATCT-1,CTX
GAATTATAGTGAAAGG-1,cc
GAATTCACCCGGGTGT-1,MSC
GAATTTCTCGCTGCAG-1,CP
GACAAACATATGCAGG-1,CP
GACAACGACCATTGAA-1,CTX
GACAACGCAGCTTACG-1,CTX
GACAAGAGATGAGATT-1,CTX
GACACAAGGGAAGAAA-1,CTX
GACACAGCCGGGACTG-1,
GACACGAGTTAGAGGA-1,cc
GACACTGAGTTCAGTG-1,ACB
GACACTGGAACCCGAT-1,CP
GACACTTCCAATTACC-1,CTX
GACAGATTTCTGGCTC-1,
GACAGCCAGACCTGAC-1,CP
GACAGGCACACACTAT-1,CP
GACATACTGTCGCAGA-1,CTX
GACATCCGTCGAACTG-1,OT
GACATCGATTTATAAC-1,MSC
GACCAAACGTTGACTG-1,CP
GACCACACTTCCCTTT-1,
GACCAGAGCCCTGTAG-1,CP
GACCGACGTGAAAGCA-1,CTX
GACCGACTGAAGCGTC-1,CP
GACCGCGTCTGACGTG-1,CP
GACCGTGCTGACGGTG-1,LSX
GACCGTTACATGCGAC-1,CTX
GACCTGGTCTGGGCGT-1,
GACCTTCCACGTCTAC-1,OT
GACGACGATCCGCGTT-1,ACB
GACGAGGCTAATAAAC-1,CP
GACGCCGTAAAGGCTA-1,MSC
GACGCCTGTTGCAGGG-1,CTX
GACGCTTGCTTCTAAA-1,ACB
GACGGTCAATAGAAGC-1,CTX
GACGGTCCTAGGGTGT-1,CTX
GACGTGAGACTCCATG-1,CTX
GACGTGTAGGGATTAT-1,CP
GACTAAGATCATGCAC-1,cc
GACTAAGTAGGCTCAC-1,CP
GACTAGGCCGTTAGGT-1,OT
GACTCACCCACGTGAG-1,CTX
GACTCCCAGAATAAGG-1,CTX
GACTCGCGGGAATGAC-1,CTX
GACTGCAAATCGAGCT-1,ACB
GACTGCACCAGCCCAG-1,CP
GACTGCGGCACGTGTA-1,CP
GAGAAACTGGATCCCA-1,CTX
GAGAACGGTTCTGACT-1,CTX
GAGAATCTCACGATCA-1,CTX
GAGACTGATGGGTAGA-1,cc
GAGACTTCGCGACCGA-1,MSC
GAGAGCGCAGTCCCTG-1,CTX
GAGAGGCCTATGTGTA-1,CTX
GAGAGGGCGCGAGGTT-1,ACB
GAGAGGTGCATTCTGG-1,ACB
GAGATCTGCTTGGCAT-1,CP
GAGATCTGTCACTCCG-1,CTX
GAGATCTTCCATGACA-1,CP
GAGATGGCTTTAATCA-1,
GAGATGGGAGTCGACA-1,ACB
GAGCACCTGTGTCCAG-1,ACB
GAGCACGGCGCCTCTT-1,CTX
GAGCATCATCCCTGGG-1,CTX
GAGCCACGGTAGTAGG-1,CTX
GAGCCAGCTACCTGTG-1,CP
GAGCGCAAATACTCCG-1,CP
GAGCGCGCACGAGTAG-1,CP
GAGCTAAGGGCATATC-1,CTX
GAGCTCTCGGACCTAA-1,CTX
GAGGAATGGAGAGGTT-1,CP
GAGGAGATCCTCATGC-1,CTX
GAGGATAAACAGTGCT-1,CTX
GAGGCCTGTTGATACA-1,CTX
GAGGCTATCAAAGTCG-1,CP
GAGGGCATCGCGTATC-1,CTX
GAGGGCGCAGCTCTGC-1,CTX
GAGGTACGCGTGTCCC-1,
GAGGTCCCAAAGATCT-1,cc
GAGTAAACCGGAAAGT-1,CTX
GAGTAAATTAAGAACC-1,
GAGTACGGGTATACAA-1,CTX
GAGTAGATACTAGTTG-1,ACB
GAGTATCAAAGTTACA-1,CTX
GAGTATGCCCGCCTTG-1,ACB
GAGTATGCGCGTGCAT-1,OT
GAGTCAGACCAGAATC-1,MSC
GAGTCCGCTTACCGGA-1,MSC
GAGTCGACAGACCCTC-1,CTX
GAGTGTCAACCAGAAA-1,OT
GAGTGTGCGGTACCCA-1,CP
GATAAATCGGTGGATG-1,CTX
GATAACTCGCACTGTG-1,CP
GATAAGGCAGATGCAA-1,CTX
GATACCGTGTCGGAGT-1,
GATACGATGGGAGTCA-1,ACB
GATAGATAGTACAGTC-1,
GATAGCGTACCACGCG-1,CTX
GATAGGATTAATTACA-1,CTX
GATAGGTAACGTTGAC-1,LSX
GATAGGTGTCCCGGGC-1,CTX
GATATCAGTATGTATC-1,CTX
GATATGAGACACTAAC-1,VL
GATATGGATTACGCGG-1,CP
GATATTGAGATTGGCG-1,CTX
GATCATTCCAAACATT-1,cc
GATCCCTTTATACTGC-1,cc
GATCCGAATATAAGTG-1,CTX
GATCCGGGAATTAACA-1,VL
GATCCTAAATCGGGAC-1,CTX
GATCCTCGACACTGGC-1,ACB
GATCGACACTATCTGA-1,CP
GATCGCGGGCTCTCCA-1,LSX
GATCGCTACCCGATTT-1,CP
GATCGGATAGAACCAT-1,CTX
GATCGGCGATAAGTCG-1,CTX
GATCGGTGGCCATAAC-1,CTX
GATCGTGACTGATATC-1,VL
GATCTCGACGCTGTGG-1,CTX
GATCTGCTATCTAAGG-1,
GATCTTCATTGTCCTC-1,CTX
GATCTTGGAGGGCATA-1,LSX
GATCTTTGCAGGGTAT-1,CP
GATGAGGAACCTTCGG-1,OT
GATGCCAGCAGAAGGC-1,CP
GATGCGAATGGTATTA-1,CTX
GATGCGTCCTGCATTC-1,LSX
GATGCTACAAGCGCCT-1,CTX
GATGCTGTATTTCATC-1,VL
GATGGCGCACACATTA-1,cc
GATGTCCGGATCACAT-1,CTX
GATGTTCAATCCACGA-1,VL
GATGTTTGTGCGAGAT-1,CP
GATTAACCGAAAGCCC-1,CP
GATTAATCCTGGCTCA-1,CTX
GATTACTGAATTTGGG-1,ACB
GATTCCCTTGTCGCAG-1,CTX
GATTCCGCGTTTCCGT-1,
GATTCCTATACGGCGC-1,CP
GATTCGACGGTTCACG-1,LSX
GATTGGGAAAGGTTGT-1,OT
GCAAACCCTACATTAT-1,CP
GCAAACCTTGGCCATA-1,ACB
GCAAACGTCGCCAGGT-1,CTX
GCAAATATTACGCTTT-1,CP
GCAAATGAGGACACTT-1,
GCAACAGCAGTATGCG-1,CP
GCAACCACGGCCGCGT-1,ACB
GCAACCCAAGTTGTTT-1,CTX
GCAACGGCTAGTTATG-1,CTX
GCAAGAATTCCTTGGC-1,ACB
GCAAGTGCACAGAGAA-1,CP
GCAATTAGTCGCACCG-1,
GCACAAACGAGGCGTG-1,CTX
GCACAAGTGGATCATA-1,CTX
GCACACACTGGTAGCC-1,CP
GCACACGCCCATGGTC-1,CTX
GCACCTTCCCGAAGGT-1,CTX
GCACGCCTACTTAGAT-1,
GCACGTGGTTTACTTA-1,CTX
GCACTAGTCGCGCTAT-1,CTX
GCACTGCCTACCTTTA-1,
GCACTGTGCAAATGTA-1,CTX
GCAGAAGGTAATCTCC-1,CTX
GCAGACCCAGCACGTA-1,cc
GCAGATCCATAAGACT-1,CP
GCAGATCCTCGCAAAT-1,cc
GCAGATTAGGGATATC-1,LSX
GCAGCACACAGCCCAG-1,ACB
GCAGCCTATATCACAT-1,CTX
GCAGCGGTGGGCATTA-1,CTX
GCAGCTGTCAACGCAT-1,
GCAGGACTATAGAATA-1,CP
GCAGTGCGGGCGGATG-1,CTX
GCAGTGTGGCTATAGG-1,ACB
GCAGTTCGATCCGAGC-1,CTX
GCATACGAGGTCTTTA-1,CTX
GCATAGAGCACTCAGG-1,LSX
GCATCCCTAACTTTGA-1,CTX
GCATCGGCCGTGTAGG-1,CP
GCATGAGGGACGCGGC-1,CTX
GCATGCTAATAACGAT-1,CTX
GCATGGGTACTGACGC-1,
GCATTCAAGGCAACGC-1,CTX
GCATTCGAAATGAACA-1,CP
GCATTGTAATTCATAT-1,ACB
GCATTTCCAAGGCTCC-1,CTX
GCCAACCATTTCCGGA-1,CTX
GCCAATAGGGCATCTC-1,
GCCACAATTTAAGGAC-1,ACB
GCCACTCAGAGCGCGA-1,CP
GCCACTCCTTACGGTA-1,CTX
GCCAGGAGTAACCGAT-1,CTX
GCCAGGCTTAGTGGTA-1,CTX
GCCATATTGCACACAG-1,CTX
GCCATCGAGCTGCGTG-1,MSC
GCCATCGATGCTGCAT-1,CTX
GCCCACCAAGGCTGTC-1,CTX
GCCCAGATGCTGGAGA-1,CTX
GCCCAGTTGGTATGCC-1,CP
GCCCGACTTCTTCCCG-1,
GCCCGATCTGTGGTCG-1,ACB
GCCCGCGCGTAAACGG-1,ACB
GCCCGCGCGTTTGACA-1,cc
GCCCGTAATACCTTCT-1,CTX
GCCCTGAGGATGGGCT-1,
GCCGAAATTCCTACGT-1,CP
GCCGATTGGCCAAGCT-1,LSX
GCCGCACTCCGTTTCA-1,CTX
GCCGCATTAGTCCGGC-1,CP
GCCGCTTGTGAGAAAC-1,CP
GCCGGGTTAGGGTCGC-1,LSX
GCCGTGGAAGAAATGT-1,CTX
GCCTACGTTCTGTGCA-1,CTX
GCCTAGCGATCTGACC-1,cc
GCCTATAGTGTCAGGG-1,CTX
GCCTATCAGGTAAGAT-1,CTX
GCCTATTCCGATATAG-1,CP
GCCTATTTGCTACACA-1,CTX
GCCTCATCTGGAAATA-1,CP
GCCTCCGACAATTCAC-1,CP
GCCTCTATACATAGCA-1,aco
GCCTTCAGCCCTACCG-1,CTX
GCCTTGTATATGCAGT-1,CTX
GCGAAACGATCGGGAG-1,CP
GCGAAACTTAACTGGA-1,CP
GCGAAGAATCTGACGG-1,CTX
GCGAAGCCATACCCGT-1,cc
GCGACATGTAAACATC-1,CTX
GCGACGATAGTTGTAC-1,MSC
GCGAGAAACGGGAGTT-1,CTX
GCGAGAGTTGCGTCCA-1,CTX
GCGAGCGCATGCTCCC-1,CTX
GCGAGGCCCGAGCAGA-1,VL
GCGAGTTCTGCAAAGA-1,cc
GCGATGTCTGTGCTTG-1,
GCGATTGTTAACGTTA-1,VL
GCGCAAGAGCGCGCTG-1,cc
GCGCATCCAGTCAGCA-1,CTX
GCGCCGTTCCACGATA-1,LSX
GCGCCTCCCACTCCGA-1,CP
GCGCGTCATTGGTACA-1,CP
GCGCTAATTGAATAGA-1,cc
GCGCTATGCCGAGGCA-1,LSX
GCGCTCGATCACCTGT-1,CTX
GCGCTGCTTTGCATTT-1,CTX
GCGCTGGCGGAAAGTC-1,CTX
GCGCTTAAATAATTGG-1,CP
GCGGACCGCGTTGTGG-1,LSX
GCGGAGAGGGAGAACG-1,CP
GCGGCTCTGACGTACC-1,ACB
GCGGCTTTAGCAAGTT-1,
GCGGGAACCAGGCCCT-1,CTX
GCGGGCATTACGATGC-1,CTX
GCGGGCGAGCCTTACC-1,MSC
GCGGTAACCCAAATGA-1,CTX
GCGGTCCCTAGACGCA-1,CTX
GCGGTCTTGCTTTCAC-1,
GCGGTGCGGAGCATCG-1,CTX
GCGGTTCCCTATCATG-1,LSX
GCGTAAATGGCCATAA-1,CTX
GCGTCCAGCTCGTGGC-1,
GCGTCGAAATGTCGGT-1,
GCGTCGCCAGGGTGAT-1,ACB
GCGTCTAACCTCCTAA-1,
GCGTCTCTGCATTGGG-1,ACB
GCGTGGTACTGGGTTA-1,cc
GCGTTATATTTGGAAC-1,CP
GCGTTCTGACTAAGCG-1,
GCTAAACCTGAGGTGA-1,CP
GCTAACTGAAGTCTGA-1,CP
GCTAAGTAAAGGCGAT-1,CP
GCTAAGTAGTTTCTCT-1,cc
GCTAATACCGAATGCC-1,cc
GCTACAATCGAGGATA-1,CTX
GCTACACTGTCCGAAC-1,
GCTACAGTACGGACCG-1,CTX
GCTACGACTTATTGGG-1,LSX
GCTACTATAGTAGAGT-1,CP
GCTAGACCGTCTACTG-1,CP
GCTAGAGTAGAGATGT-1,CP
GCTAGCACCTGGGCCA-1,CTX
GCTAGCTTGAATAGCT-1,LSX
GCTAGGCACCACGGAG-1,CP
GCTAGTAGAGCTTGTA-1,LSX
GCTAGTTTCATTGAGG-1,CTX
GCTATACGTCTCGGAC-1,CP
GCTATCATACTCATGG-1,aco
GCTATCGCGGCGCAAC-1,CP
GCTCAACCTCTTAGAG-1,CTX
GCTCAATCCGTTTATT-1,OT
GCTCAATGTAATACCG-1,
GCTCCATGAGTGCAGA-1,CTX
GCTCCCAGTCGGTCCA-1,cc
GCTCCGCTCGCTTCAG-1,CTX
GCTCGCGGTTCCGCTC-1,CP
GCTCGCTCATGTCCAA-1,CP
GCTCGGAATTTAAAGC-1,CTX
GCTCTAAACCCTGACG-1,CTX
GCTCTATGTTACGTGC-1,CP
GCTCTCGGGTACCGAA-1,CTX
GCTGAACTCTCCAGGG-1,CTX
GCTGAGCAACGGTTCT-1,CTX
GCTGAGGCGTGAGTAT-1,LSX
GCTGCACGGTTTCTTA-1,LSX
GCTGCGCCTCCCACGT-1,CTX
GCTGCTAAGTAGTCGA-1,MSC
GCTGCTACTGCGTAGC-1,ACB
GCTGCTCTCCGGACAC-1,cc
GCTGGCAGGTGCCGTG-1,CTX
GCTGGCATATTCACCT-1,CP
GCTGGCGGCGCATGCT-1,ACB
GCTGGGTCCGCTGTTA-1,
GCTGTATTACTGGCCC-1,ACB
GCTGTTGCTACCGAAC-1,CP
GCTTAATGTAACTAAC-1,CP
GCTTACGTAGTTAGTA-1,CTX
GCTTATGAAGCAGGAA-1,cc
GCTTCCAGCTTAGATT-1,CTX
GCTTCCGTCCCTAGAC-1,CTX
GCTTGATGATAATCAG-1,CP
GCTTGGATCGATTAGG-1,CTX
GCTTTACACAACTGGG-1,
GCTTTCAGAGGAGGTG-1,CTX
GGAAACTAAATGGGCC-1,CP
GGAAAGTGCCCATGCC-1,
GGAACCCGAACAAGAA-1,CTX
GGAACCGTGTAAATTG-1,LSX
GGAACGGCCTGCAGCC-1,CP
GGAACTTTGGCGATTA-1,CTX
GGAATGCGCTAGCGTG-1,cc
GGACAACCATGAAGCC-1,CTX
GGACAAGTTGCAGTGA-1,CTX
GGACACAAGTTTACAC-1,CP
GGACCAACAGGATAAC-1,ACB
GGACGGGCGACCAACC-1,CTX
GGACTAAGTCAGGAGT-1,CTX
GGACTCACAAATTAGG-1,CTX
GGACTCGAAGCTTTCA-1,CTX
GGACTCTTCCGGTTGA-1,CTX
GGACTCTTTGACTAAG-1,
GGAGAAGTCATTGGCA-1,CP
GGAGACATTCACGGGC-1,
GGAGACGACACCTTTG-1,LSX
GGAGCAACATTTCAAG-1,CP
GGAGCACCAAGAACTA-1,CTX
GGAGCGAGGCCTACTT-1,
GGAGGCCGAAGTCGTC-1,CTX
GGAGGGCTTGGTTGGC-1,CTX
GGAGGGTCAAGTAAGA-1,CTX
GGAGTACACATGAGCT-1,CTX
GGAGTGCCGCCCTGGA-1,CTX
GGAGTTGATTCTGTGT-1,CTX
GGATACTCATGAATTG-1,CTX
GGATCAAAGGACGAGG-1,
GGATCCCTACCAGCTA-1,CTX
GGATCCGGAATATACT-1,cc
GGATGAAGATCGCTGA-1,CP
GGATGACGCGAGTTTA-1,CP
GGATGCTGGCGTTCCT-1,CP
GGATGGCTTGAAGTAT-1,CTX
GGATGTCCTTACCGCA-1,cc
GGATTCAGTACGGTGG-1,cc
GGATTCCGCTATACCC-1,CTX
GGATTGCTGTGACTCC-1,ACB
GGATTTCACTTCTATA-1,CTX
GGCAAAGGCGCCAATA-1,
GGCAAATTACTTTACT-1,LSX
GGCAAGGCGAAATAGC-1,LSX
GGCAATAGTCAATGAG-1,CTX
GGCACTCAGCCGACCC-1,CTX
GGCACTCCACTGGGCA-1,CP
GGCACTGCGGTGGTTT-1,CTX
GGCAGAGAGATCGGGA-1,CTX
GGCAGCAAACCTATGC-1,CP
GGCATACAGGTAGCGG-1,CP
GGCATATCGGTTCTGC-1,
GGCATCAACGAGCACG-1,
GGCCACAAGCGATGGC-1,
GGCCACACGAAAGCCT-1,CTX
GGCCCAGCTGGTTTGC-1,
GGCCCGGAGCATGTCT-1,CTX
GGCCCGTATACCATGC-1,
GGCCCTCACCCACTTA-1,CP
GGCCGCAGGAACCGCA-1,CTX
GGCCGGCGTCTGCTAT-1,OT
GGCCTGCTTCTCCCGA-1,CTX
GGCCTTTGCAACTGGC-1,CTX
GGCGAAATCTAACTTG-1,CP
GGCGCAGGACATCTTC-1,CP
GGCGCATGAATTGATG-1,LSX
GGCGCGGAGATCTTTC-1,CP
GGCGCGTTCGAGTTTA-1,MSC
GGCGCTCCTCATCAAT-1,CTX
GGCGCTTCATTCCCTG-1,
GGCGGAGTAATATTAG-1,CP
GGCGGGCTCTAAGAGT-1,
GGCGGTAGGATCATTG-1,CTX
GGCGGTTTGCCGGTGC-1,CTX
GGCGTAGGGAAAGCTG-1,OT
GGCGTCCTATCCGCTG-1,CP
GGCTATTAAGTTGTAT-1,CP
GGCTCGCGTTGAGGTA-1,CTX
GGCTCGTGCCACCAGC-1,cc
GGCTCTGCTCCAACGC-1,CTX
GGCTGAAATAGCAAAG-1,CP
GGCTGGCTAGCTTAAA-1,CTX
GGCTTGGCTCTCACCT-1,CTX
GGCTTTCAATAAGGGT-1,ACB
GGGAAAGAATGCCAAC-1,CTX
GGGAACGGGAGGTTAG-1,ACB
GGGAAGACGGTCTGTC-1,OT
GGGAAGGGCTTTCTCA-1,CP
GGGAATTCTGTCCAGT-1,CTX
GGGACCCGTATATCTT-1,MSC
GGGACTGCATAGATAG-1,cc
GGGAGAACTCACAGTA-1,cc
GGGAGCGACCGTAGTG-1,CTX
GGGAGGATGCCCGAAA-1,LSX
GGGAGTAATGGCTGGC-1,CTX
GGGAGTTAATGAGGCG-1,cc
GGGATACGGTAATAAT-1,CTX
GGGATGGTCGTAACCG-1,ACB
GGGATTTACCGCACCT-1,CP
GGGCACGAATTGGCCG-1,CTX
GGGCAGAGCAATCGTT-1,ACB
GGGCAGTCAACGCCAA-1,
GGGCCCGTCTTAAACA-1,LSX
GGGCCCTACGAAAGGG-1,CP
GGGCCCTTATCTATAC-1,CTX
GGGCCGGCCGAAGTAC-1,cc
GGGCGAATTTCTCCAC-1,CTX
GGGCGATATGTGTGAA-1,cc
GGGCGCAGCGTTACTC-1,CTX
GGGCGGCAAATGAATT-1,ACB
GGGCGGGTTCCCTACG-1,ACB
GGGCGGTCCTATTGTC-1,CTX
GGGCGTACATTTATAT-1,cc
GGGCGTCACCACGTAA-1,LSX
GGGCGTGGTTTCCCAG-1,ACB
GGGCTATGATCGATGG-1,MSC
GGGCTCATCGAACCCA-1,CTX
GGGCTGCCTAGGGCGA-1,cc
GGGCTGGTTAGTCGCG-1,VL
GGGTAATGCTGTGTTT-1,CTX
GGGTACACTCTGGAGG-1,CTX
GGGTACCCACGGTCCT-1,CTX
GGGTACTTCATGAACT-1,CP
GGGTATGTATGCACTT-1,CP
GGGTCACCGTGACGGT-1,VL
GGGTCATGCGTACCAT-1,cc
GGGTCGTGGCAAGTGT-1,
GGGTCTATCGCTTTCC-1,CTX
GGGTGACACCTTAACT-1,MSC
GGGTGCATATGAAAGC-1,CTX
GGGTGTTTCAGCTATG-1,
GGGTTAACATTTGAGT-1,MSC
GGGTTCAGACGAACAA-1,cc
GGGTTTAGGATAGGAT-1,cc
GGTAAACTCTGCGCTG-1,CTX
GGTAACCGGCAAAGGT-1,
GGTAACTATGTATCTG-1,CTX
GGTACAAACATGCTAT-1,LSX
GGTACATCTGGGACGA-1,CP
GGTACCATTAAGACGG-1,CTX
GGTACGTTGCGGCCGG-1,CTX
GGTACTAAGTGCTTTG-1,CTX
GGTAGAAGACCGCCTG-1,ACB
GGTAGACCGTTGGGCG-1,MSC
GGTAGTGCTCGCACCA-1,cc
GGTATAGTGACACATA-1,CTX
GGTATCAAGCATAGAA-1,
GGTATGAAAGAACTGA-1,
GGTATTGCCGAGTTTA-1,VL
GGTCAAGACTACTTCG-1,CP
GGTCACGTTAGATTCA-1,CTX
GGTCAGTGGGTCCCAC-1,LSX
GGTCCTTCATACGACT-1,CTX
GGTCGGCCAGGAGCTT-1,cc
GGTCGGTAATTAGACA-1,CTX
GGTCGGTCGTCCACAG-1,MSC
GGTCTCCAAGTAGTGC-1,CTX
GGTCTCCGTCCAGGTT-1,CTX
GGTCTCTGAATGGACT-1,ACB
GGTCTGAGAATCTGGA-1,CTX
GGTCTTGAGCGCTCTT-1,
GGTCTTGGTGTTAACT-1,
GGTGAAACCGGGAATG-1,
GGTGAACGGGCTAGCC-1,CTX
GGTGAAGTACAGGGAT-1,ACB
GGTGACTGATAGAGAG-1,CTX
GGTGAGATGCAGATAA-1,CTX
GGTGATAAGGAGCAGT-1,VL
GGTGATGAAGGAAGTG-1,CTX
GGTGATTTCATCTTGT-1,CTX
GGTGCGGATAAGTGGC-1,CTX
GGTGCTGATCACAAAG-1,CP
GGTGCTGGTACACATT-1,LSX
GGTGGACTGCTCTGGC-1,CP
GGTGGAGGTTGATACG-1,CTX
GGTGTTGGGCGTCTTA-1,CTX
GGTTACCACCCTCGGG-1,ACB
GGTTACCCGACACTTT-1,CTX
GGTTAGCTATATGTCT-1,CP
GGTTAGGCTTGGAGAA-1,CP
GGTTAGTTACGGCGCC-1,CP
GGTTCGGATTATACTA-1,CTX
GGTTCTACTCGTCTGA-1,cc
GGTTGTGCTCTTGTCC-1,CTX
GGTTGTGTAGCCTGGC-1,CP
GGTTTAATTGAGCAGG-1,
GGTTTACAATCTCAAT-1,CTX
GGTTTAGCCTTTCTTG-1,CP
GGTTTCAATCGGTCAG-1,cc
GGTTTGAGTGCTGGAA-1,CTX
GGTTTGTGACCTGAGG-1,CTX
GTAACATCTAAGATAA-1,CP
GTAACTTGCGGCAGTC-1,CTX
GTAAGCGGGCAGTCAG-1,CTX
GTAAGTAACAGTCTGG-1,CP
GTAAGTAGGGTATACC-1,CP
GTAAGTCCACACTCTA-1,CTX
GTAATAAAGGGCTCCC-1,CTX
GTAATCTGATTCTTCG-1,ACB
GTACACTTACCTGAAG-1,cc
GTACAGAGGCAAGGGT-1,VL
GTACGACGGCGCTGCG-1,CTX
GTACGAGATTGCGACA-1,CTX
GTACGCTTCATTGCAC-1,LSX
GTACGTTTGCCCGTCA-1,LSX
GTACTAAGATTTGGAG-1,cc
GTACTCCCTTATCGCT-1,CP
GTACTCCTGGGTATGC-1,
GTACTGAGGTCGTAAC-1,CTX
GTACTGCATGAAGCGT-1,CTX
GTACTGGAGTTAGACC-1,cc
GTACTTGGGCACTTCT-1,CTX
GTAGAAACGGGTGGAG-1,CP
GTAGACACGCCTGACT-1,OT
GTAGACGTCGTTACAT-1,CTX
GTAGAGGGAGACAAGT-1,OT
GTAGCCAAACATGGGA-1,ACB
GTAGCGCTGTTGTAGT-1,
GTAGCGGCTATACACT-1,LSX
GTAGCTTCCTCTTGTT-1,CTX
GTAGGTGATCCGTGTA-1,
GTAGTCGCGGGAATCA-1,CP
GTAGTCTACGATATTG-1,OT
GTAGTGAGCAACCTCA-1,CTX
GTATAATCTCCCGGAT-1,CTX
GTATAGGACTCAGTAG-1,CTX
GTATATGTTACGGCGG-1,CTX
GTATCAAACGTTAGCT-1,CP
GTATCAGCTTGGGTTC-1,cc
GTATCCTTTGGTAACC-1,CP
GTATCGGGACGAGCTG-1,CTX
GTATCTTTCATAACCA-1,LSX
GTATGACGTGGGAAAC-1,CTX
GTATGTGGGTCTAGTT-1,CP
GTATTAAGGCGTCTAA-1,CP
GTATTCTGAGAAACGA-1,ACB
GTATTCTTACCGTGCT-1,CTX
GTATTTAATGGCATAA-1,CTX
GTCAAAGTTTACATAG-1,CTX
GTCAACCAGGCCTATA-1,CTX
GTCAATTGTACTGAAG-1,
GTCACTCTCCAAATCT-1,CP
GTCAGAATAGTCTATG-1,CP
GTCAGACAGCGTTGGA-1,CTX
GTCAGTTTGGTAGTCG-1,CP
GTCATCTCCTACAGCT-1,CTX
GTCATGCACCTCCGTT-1,cc
GTCATGCGCGAGGGCT-1,CTX
GTCATGGACATGACTA-1,CTX
GTCATTAGAGCGAACG-1,cc
GTCATTGCATTGACCC-1,CP
GTCCACGTCGCATTCG-1,CTX
GTCCATTACTGCTACG-1,cc
GTCCCAACGTAAAGTA-1,cc
GTCCCGCGACGTTATG-1,ACB
GTCCGAGAGCAATCAT-1,CTX
GTCCGGACCTGAAATT-1,CP
GTCCGGCTGAATTGCG-1,VL
GTCCTACAGGCGGCTC-1,CTX
GTCCTACGAATAGTCT-1,CP
GTCCTATTGTTGTGGT-1,CTX
GTCCTTCTACAACCCA-1,CTX
GTCGATAGGTGACTTT-1,CTX
GTCGCCGTTGTGTGTT-1,
GTCGCGTAACCCGTTG-1,VL
GTCGGATATCTCAGAC-1,CP
GTCGGATGTAGCGCGC-1,
GTCGGGAACATGGTAG-1,
GTCGGGAAGCAGAAAC-1,ACB
GTCGTACCATCTCGGG-1,LSX
GTCGTACCTACGATTG-1,CTX
GTCGTCAATTATAAGG-1,CTX
GTCGTCTGGTTGGCTA-1,
GTCGTGTCTGGTCATC-1,CTX
GTCGTTATTCGCTTAT-1,CP
GTCTACTCAATTACAA-1,CTX
GTCTAGTGAGCCGCTT-1,CTX
GTCTATCTGAGTTTCT-1,VL
GTCTATTGCATGCTCG-1,CTX
GTCTATTGGTTCCGGT-1,CP
GTCTCAAGGCCCGGCT-1,ACB
GTCTCCCGAGTCCCGT-1,
GTCTCGACTAAGTTTG-1,
GTCTCGATCTGCTTTC-1,CTX
GTCTGCCGACTCGACG-1,
GTCTGGGCGGTCGAGA-1,ACB
GTCTTCCTCACCTAAG-1,
GTCTTGAGGAGCAGTG-1,CTX
GTCTTGTAGCTATTCA-1,cc
GTGAAACGGCGCCACC-1,CTX
GTGAAACGTGCTCCAC-1,CTX
GTGAACTCCCATTCGA-1,CTX
GTGACAGCTTCCCACT-1,OT
GTGACCGCACACTACG-1,CP
GTGACCTAAAGAATAA-1,
GTGACGAGGGTGACCC-1,CTX
GTGACGCAGGTTTCAT-1,OT
GTGACTTCAGTAGTGC-1,LSX
GTGAGCGTGCTGCACT-1,CP
GTGAGGACACTTAAGG-1,VL
GTGAGTCGACTAATAG-1,
GTGAGTCTAAGACGGA-1,cc
GTGAGTGGTACAACGC-1,MSC
GTGATCACTAACGCCT-1,CP
GTGATCATAGATCTGC-1,MSC
GTGATCCTTGTCATGA-1,CP
GTGATTCGCCGCTCAA-1,ACB
GTGCACGAAAGTGACT-1,
GTGCAGCGTAGAGTAG-1,CTX
GTGCCATCACACGGTG-1,aco
GTGCCCGTTCGGATTC-1,CP
GTGCCGCTTCAAAGGT-1,ACB
GTGCCTAGCTATGCTT-1,CTX
GTGCCTGAGACCAAAC-1,CTX
GTGCGAAATCGAACAC-1,ACB
GTGCGACAGGGAGTGT-1,CTX
GTGCGCAGCTTGCTCC-1,CTX
GTGCGGGACCATCGGC-1,CTX
GTGCGGGTCTCCAAAT-1,CTX
GTGCGTGTATATGAGC-1,CP
GTGCTCAAGTACTGTC-1,VL
GTGCTGCAGATAAGGA-1,CTX
GTGCTTACATCAGCGC-1,CTX
GTGGACCAACCCGATT-1,ACB
GTGGACGCATTTGTCC-1,ACB
GTGGACGTGCTGAGAC-1,CTX
GTGGAGCATGTCGGCC-1,CTX
GTGGAGTCGGCGGTTG-1,LSX
GTGGCCTAATATCATT-1,CTX
GTGGCGGTCCCAGCGT-1,CP
GTGGCTGTTTCTGTTC-1,CTX
GTGGGAAGACTGAATC-1,
GTGGGCTTAGACACAC-1,CP
GTGGGTCTTCTTTGCG-1,
GTGGTATAGTCTGCCG-1,
GTGGTGATGGTTTGTG-1,CTX
GTGGTGGCCAAGTGAA-1,CP
GTGGTTACTTCTTTCG-1,CTX
GTGGTTTCCGCCTTTC-1,aco
GTGTACCTTGGCTACG-1,CTX
GTGTACGAACCGTTCC-1,
GTGTATATCAGCGGGC-1,aco
GTGTATGACTTTAAAG-1,CTX
GTGTCGTATAGCGTTC-1,aco
GTGTGAATAACTTAGG-1,cc
GTGTGTCGACGTCGCT-1,CTX
GTGTTACTATGCGTCC-1,VL
GTTAAAGTAGGACTGG-1,CP
GTTAACATCACTTAAA-1,ACB
GTTAACTATGTTGTCA-1,CTX
GTTAAGGGTGCGATGT-1,ACB
GTTAAGTTAGAGTGGG-1,CTX
GTTAATGTCTATCTTA-1,CTX
GTTACAATTGGTGACG-1,CP
GTTACCTACAACTTGC-1,LSX
GTTACGAAATCCACGC-1,
GTTACTTTGGGCCTAG-1,LSX
GTTAGCCCATGACATC-1,
GTTAGCCGTAAATCAA-1,CTX
GTTATAATACGGTGAA-1,CP
GTTATATTATCTCCCT-1,MSC
GTTATCAAGCTATCGA-1,CTX
GTTATTAACGTGGGAG-1,CP
GTTCAAATCAGATGTC-1,
GTTCACAGGAGTCTAG-1,CP
GTTCATCGTTTGGCTG-1,CTX
GTTCCAAGACAGCGAC-1,CTX
GTTCCAGTCTGACCAT-1,CTX
GTTCCCGTAAACATAT-1,CTX
GTTCGCCATAAGTGCC-1,LSX
GTTCGCTGAGACGTCT-1,CP
GTTCGGAGCACTCAAC-1,CTX
GTTCGGATCGGGAACA-1,cc
GTTCGGGCGTACCATT-1,CTX
GTTCGTCTAAAGAACT-1,CP
GTTCTTCCCTCGATGT-1,CTX
GTTGAACCGGTTCCAT-1,ACB
GTTGAGTCCCGCCGGT-1,ACB
GTTGCACGGAGTTTCG-1,cc
GTTGCAGTCGACAACA-1,CTX
GTTGCGCTAACATTAC-1,CTX
GTTGCGGACGGTCAGG-1,CTX
GTTGGATTGAGAACAC-1,cc
GTTGGATTTGCGTTGG-1,LSX
GTTGGTCATGCTATCC-1,ACB
GTTGTCGTGTTAGTTG-1,CTX
GTTGTTGCAAGATGGC-1,CTX
GTTTACGTTCCATCTG-1,LSX
GTTTATGGGATTTAGA-1,CTX
GTTTCAAACGAGTTGT-1,CTX
GTTTCATATCGTCGCT-1,ACB
GTTTCCTGGAGGGTGA-1,cc
GTTTCTAGAGGCGCGG-1,CTX
GTTTCTGCAGTCTCCC-1,LSX
GTTTGACCAAATCCTA-1,cc
GTTTGGCCCAAGTTAT-1,CP
GTTTGGCCGCTCAGCG-1,CTX
GTTTGGGCTTGTGAGC-1,ACB
GTTTGGGTTTCGCCCG-1,CP
GTTTGGTAGGGTCAAC-1,LSX
TAAACCCAGGAGGGCA-1,
TAAACGTCGTCAATGA-1,CTX
TAAAGACAACCCTTTA-1,CTX
TAAAGAGCCCGAAACC-1,CTX
TAAAGCGTTAGGAGAA-1,CTX
TAAATGAATCCGTTTC-1,CP
TAAATGGGCTACTGAG-1,
TAACAAAGGGAGAAGC-1,cc
TAACAATATTTGTTGC-1,CP
TAACATACAATGTGGG-1,LSX
TAACCGCCCGCAGTGC-1,CTX
TAACCTACCGTCCGAG-1,CTX
TAACCTAGGGAGTCCA-1,cc
TAACGCTTTGAGAGCG-1,CP
TAACTATCGAAGGTCC-1,CP
TAACTATTACGCCAAA-1,CTX
TAACTCATCCGCGCGG-1,LSX
TAACTCCATGGAGGCT-1,cc
TAAGATTTAGCGGGAG-1,
TAAGCAGGCGACACGC-1,CP
TAAGGAACTTGTGGGA-1,CTX
TAAGGCAACATAAGAT-1,CTX
TAAGGCATAACATCAA-1,
TAAGGCCCGTCACCCT-1,ACB
TAAGGCTGAATCCCTC-1,CP
TAAGGGCCTGTCCGAT-1,CP
TAAGGGCTGGGAGAGG-1,CP
TAAGTAACATCTTGAC-1,ACB
TAAGTTGCGACGTAGG-1,CP
TAATACACAGTAGTAT-1,CTX
TAATACTAGAACAGAC-1,
TAATAGAACAGAGTTA-1,ACB
TAATAGTGACGACCAG-1,CTX
TAATATTGAAATTCGC-1,CTX
TAATCAACCAAATGGG-1,CTX
TAATCGATCCGTACGT-1,CTX
TAATGAAAGACCCTTG-1,CP
TAATTACGTCAGTAGA-1,CTX
TAATTAGATGGATATG-1,CTX
TAATTAGGACATCCGT-1,cc
TAATTCCAATGCTTCA-1,CTX
TAATTTCCGTCCAGTA-1,
TACAACGCACAACTCA-1,LSX
TACAAGGGCTTCTTTA-1,CTX
TACAAGTCTCGTGCAT-1,CP
TACACCTCTTCGAATC-1,CTX
TACAGAAACGGTGGGC-1,CP
TACATAGGCATACACC-1,LSX
TACATCCCTATCCCTG-1,
TACATCTTGTTTCTTG-1,CTX
TACATGACCTTATCCG-1,CTX
TACATGCCGGAATTGT-1,CTX
TACATTTCTAACGTGC-1,LSX
TACCAAATAGCCCAGA-1,ACB
TACCAATAAAGTACCA-1,ACB
TACCAGAAGTAGGTTC-1,MSC
TACCATGTATTGATTT-1,CTX
TACCCTCGGTAACCCT-1,
TACCGAATAATTGTAA-1,CTX
TACCGCGGACTTGCAG-1,CTX
TACCGGCTCACTGCCC-1,LSX
TACCGGTCGTTTCCAT-1,ACB
TACCGTAGGTTAACTA-1,MSC
TACCGTGCCTCGGACC-1,ACB
TACCTACTCCCAGTAT-1,ACB
TACCTATCCCTAGAGG-1,
TACCTCACGCTTGTAC-1,
TACCTCTTTACCATCC-1,CTX
TACCTGCTGCACTGTG-1,CP
TACCTTAAGATTTCCC-1,OT
TACGACGCTTGCTGCG-1,LSX
TACGACTGCCTCTTAG-1,LSX
TACGAGAACTTCACGT-1,CP
TACGATGTTGATCATC-1,CP
TACGCAGTTCTTTCCT-1,LSX
TACGCCATATTCTAAT-1,LSX
TACGCCGCCTCAGAAG-1,
TACGCCTCCATTCCGA-1,ACB
TACGCTATAGAAACCT-1,CTX
TACGCTCGGTATTGGA-1,CTX
TACGGAAGCCAAACCA-1,
TACGGCATGGACGCTA-1,CTX
TACGGGATGCTAGCAG-1,CTX
TACGGGTAATAACATA-1,
TACGTAAAGCGGAGTG-1,CTX
TACGTGCAAGGTTCCT-1,CTX
TACGTGCACTATGCTG-1,CP
TACGTGGGCCCAGGGC-1,
TACGTTTACCGGCAAT-1,aco
TACTACGTGCAATGCG-1,
TACTATGGTTCCTCAG-1,
TACTCGGCACGCCGGG-1,CP
TACTCGTTTGAATCAA-1,
TACTCTCCGAACAAAT-1,CTX
TACTCTTACTTTACTG-1,CTX
TACTCTTTCGTCTTCA-1,
TACTGAACAGATTTAG-1,
TACTGGACAGCTCGGC-1,CP
TACTGTTTCTCTGGTA-1,CTX
TACTTAAACATGTACA-1,CTX
TACTTGTTAGTAGTCC-1,CP
TACTTTACTGAGCCGG-1,CTX
TAGAAACACAATAGTG-1,
TAGAAAGGTGGCGCTA-1,CTX
TAGAAATTCACGTATA-1,CTX
TAGAACGCCAGTAACG-1,
TAGAAGAAGGGTTACA-1,CTX
TAGAATAGCCGATGAA-1,CP
TAGACGAAACGCCAAT-1,OT
TAGACGCCCGTACCGG-1,cc
TAGACTACCTAGCGTT-1,CTX
TAGAGATCATGCAACT-1,ACB
TAGAGCTACGAAGAAC-1,
TAGAGGTTCTACTTGT-1,CP
TAGAGTCTAAGCGAAC-1,cc
TAGATATGGACTGGAA-1,MSC
TAGATGGTTCCTTACT-1,CP
TAGATTCCTGGTTATT-1,CP
TAGCAACCTGTCACAA-1,CP
TAGCAGATACTTAGGG-1,
TAGCAGTATGACTAAA-1,CTX
TAGCCAGAGGGTCCGG-1,CTX
TAGCCATTTCAAAGTC-1,CP
TAGCCGGCGGTCAGCG-1,cc
TAGCGTCCCTCGATTG-1,cc
TAGCGTCCGGTGTGGT-1,ACB
TAGCGTCGAATATTGA-1,CTX
TAGCGTTGGGTCTTAC-1,LSX
TAGCTAAGTCCGGGAG-1,cc
TAGCTAGAAGGCATGA-1,MSC
TAGCTCGCCTGATAAC-1,MSC
TAGCTGATGTGAAGCG-1,CTX
TAGGCATGTTACGCCA-1,CTX
TAGGCCTATATAGTCT-1,CTX
TAGGCTAAAGTGGCAC-1,CTX
TAGGGAGCTTGGGATG-1,cc
TAGGGTGTTTCAAGAG-1,CTX
TAGGTCCAAGTAAGGA-1,CP
TAGGTCGCCGGAACTG-1,CTX
TAGGTGACGATAACCT-1,ACB
TAGGTGAGCCCTACTC-1,CP
TAGGTGCTCGCCTAGC-1,CP
TAGGTGTTCCACAGAT-1,ACB
TAGGTTCGAGTTCGTC-1,cc
TAGTACCTTAGTGGTC-1,CP
TAGTCCGCAGAGAATG-1,LSX
TAGTCCGTATGCATAA-1,CTX
TAGTCGATCACGGGTT-1,CP
TAGTCGGGATTCTTCG-1,CTX
TAGTCTAACAACGAGA-1,aco
TAGTCTTTCCGAATTG-1,cc
TAGTGCTTGAATCCTT-1,CTX
TAGTGTCAGAAACGGC-1,CP
TATAAATCCACAAGCT-1,cc
TATAAGTGAGGATAGC-1,cc
TATACACAGACGCCTT-1,LSX
TATACACGCAAAGTAT-1,cc
TATACCGAGTGCCACA-1,CTX
TATACGCGTCATCACT-1,ACB
TATACTCATGCGGCAA-1,cc
TATAGATGGTCGCAGT-1,cc
TATAGGGTACTCATGA-1,CP
TATATCATTGATCAGT-1,CTX
TATATCCCTGGGAGGA-1,cc
TATATGCTGGGTTGCC-1,CTX
TATCAAAGGTCTGTAA-1,CTX
TATCCAATTGGTTATC-1,aco
TATCCATATCATGCGA-1,CTX
TATCCGCACCGTCGGG-1,
TATCCTGCATGGGAAT-1,
TATCGATCTATGCATA-1,CTX
TATCGATGATTAAACG-1,cc
TATCTACAGAGGTAAT-1,CP
TATCTACCACAGCGGG-1,LSX
TATCTAGCCTAAAGGA-1,CTX
TATGAAGAATTAAGGT-1,CTX
TATGAAGACAGGTGCG-1,CP
TATGATCCGGCACGCC-1,
TATGATCTTCTCTTTA-1,CP
TATGATTCTGCTTGGT-1,CTX
TATGCTCCCTACTTAC-1,CTX
TATGGAGTTTCTCGTT-1,CTX
TATGGATGTGCTACGC-1,cc
TATGGCCCGGCCTCGC-1,CP
TATGGGACCGAGCAGG-1,LSX
TATGGGTACGTATCGT-1,cc
TATGGTCTGAGTAACA-1,LSX
TATGGTTAGTGGGAGA-1,cc
TATGTCTCATTGTGCC-1,CTX
TATTAACCTGACCGCG-1,
TATTACCATCCTGCTT-1,cc
TATTCAATTCTAATCC-1,cc
TATTCCACTCAGCTCG-1,MSC
TATTCCGAGCTGTTAT-1,CP
TATTCCTCCGCCCACT-1,ACB
TATTCGTGCCAGAATA-1,cc
TATTGACATTTCTGCC-1,CTX
TATTGCCGGGCTTGTA-1,CTX
TATTTAGTCTAGATCG-1,CTX
TATTTATACCGAGTAG-1,
TATTTGATTTGCACAG-1,CTX
TATTTGTTACCCTTTA-1,cc
TCAAACAACCGCGTCG-1,CTX
TCAAACTTAGATTGTT-1,cc
TCAAATTGTTGTGCCG-1,
TCAAATTTGAGACTCA-1,ACB
TCAACACATTGGGTAA-1,CTX
TCAACATCGACCGAGA-1,
TCAACCATGTTCGGGC-1,cc
TCAACGAGGAGACAAA-1,LSX
TCAACGCAGGAAATAA-1,ACB
TCAACGCGACCGGCAG-1,CP
TCAACTAACGTATAAC-1,CP
TCAACTGCAGAGTCAG-1,CP
TCAAGAAATACTAGCT-1,CTX
TCAAGCGCGGACGGTA-1,CTX
TCAAGGTTACTACACC-1,CP
TCAATACAATTGCTGC-1,CTX
TCAATACGCCGTCATG-1,
TCAATATACAGGAGGC-1,
TCAATCCCGCGCCAAA-1,
TCACAAACCGAGGTAC-1,CP
TCACAGATCCTCAAAC-1,CTX
TCACAGCAAACTCGAA-1,MSC
TCACAGGAGAATAAGA-1,MSC
TCACAGGGAATCGCAA-1,CP
TCACAGGTTATTGGGC-1,CP
TCACATCTTATCTGAT-1,CP
TCACCCTCTTAAGATT-1,MSC
TCACCGCTCGGCACTC-1,CTX
TCACGCATTGTAGATC-1,VL
TCACGGTCATCGCACA-1,cc
TCACGTGCCCGATTCA-1,LSX
TCACTATCCCTTCGGT-1,
TCACTATCGTGCAATC-1,CTX
TCACTCTTCGTCTGTC-1,CTX
TCAGAACCTCCACAGG-1,CTX
TCAGACGCTATAGAAG-1,LSX
TCAGAGTGTGAGCATG-1,
TCAGCAAATGCATCTC-1,CTX
TCAGCCAATCCGTAAA-1,CTX
TCAGGGCGACTTCCTT-1,CTX
TCAGGGCGCAAACTCG-1,CP
TCAGGGTGTAACGTAA-1,CTX
TCAGGTTCTTTGAGAA-1,CP
TCAGTACTGACCCGCG-1,CP
TCAGTAGGGACTATAA-1,LSX
TCATAAGTCCAAGAAG-1,CTX
TCATACTTACAGATCC-1,CP
TCATATGAGCTTTGTT-1,
TCATCACTCGAGCTCG-1,CTX
TCATCCTCAGCTGCTT-1,CTX
TCATCGACGACCGTCG-1,
TCATGCAGGTTCTCAT-1,
TCATTTAAGTCTCCGA-1,CTX
TCATTTAGAAGTGTGA-1,CP
TCCAACTCAGCTATCT-1,CTX
TCCAACTTTAAATTCT-1,ACB
TCCAAGCCTAGACACA-1,OT
TCCACAATGGTTTACG-1,CP
TCCACCAAGACATAGG-1,
TCCACCTCTAGCCTTT-1,
TCCACTTTATCTAGGT-1,CTX
TCCAGAGCACCGGTTC-1,LSX
TCCAGCGCTATAAGCG-1,cc
TCCAGGCGAGTACGGT-1,cc
TCCAGGGTATATACGA-1,ACB
TCCATTAGTTGGATAG-1,CTX
TCCCAAAGACGAAGGA-1,CTX
TCCCAAAGCCCTAAAT-1,CTX
TCCCACTCTCTTCCGG-1,CTX
TCCCAGCACACGACAT-1,CTX
TCCCAGCTTTAGTCTG-1,LSX
TCCCAGGCTTAGCTAA-1,CP
TCCCGCCTATGTGCGT-1,CTX
TCCCGCGTACTCCTGG-1,CTX
TCCCGGGTGTGCTGCT-1,CP
TCCCGGTCAGGAATTT-1,CTX
TCCCGTCAGTCCCGCA-1,CTX
TCCCGTCGCGTCATAG-1,CTX
TCCCGTGTGCAATTTG-1,CP
TCCCTAGATCAATAGG-1,CTX
TCCCTCCGAAATCGTT-1,
TCCCTCTTCTCAAGGG-1,CTX
TCCCTGGCTCGCTGGA-1,CP
TCCCTTAGATTACTCG-1,
TCCCTTGTCTGAAACT-1,CTX
TCCGAACGTTGCCGCT-1,CTX
TCCGAACTTGGCTTAC-1,CP
TCCGAATGGTCCTGAG-1,CTX
TCCGAGAAGGCTAAGC-1,CTX
TCCGATAATTGCCATA-1,CTX
TCCGATGACTGAGCTC-1,CTX
TCCGATGGTGCGACAT-1,cc
TCCGATTACATTGCCG-1,CP
TCCGCAGCCACCTAGC-1,CTX
TCCGCCTGTCTACAAG-1,aco
TCCGCGGCAGCATCTG-1,cc
TCCGCGGCCCAATGAA-1,CP
TCCGCTGTCATCCCGG-1,CP
TCCGCTTATCCCATTA-1,LSX
TCCGGCCTAGCGTACA-1,CTX
TCCGGCTGTCGGGTCG-1,
TCCGGGCTTGACGGGA-1,CTX
TCCGGTTCGTCCGGTC-1,MSC
TCCGTAACCACAATCC-1,cc
TCCGTTAAGCTAATAT-1,CP
TCCGTTTAGCCTTGAA-1,CTX
TCCTAAAGATTCAGAC-1,CTX
TCCTAAATTGGGAAGC-1,ACB
TCCTACATCCACGGCC-1,CP
TCCTAGCAAAGAAGCT-1,ACB
TCCTATCATAGGTAAC-1,CTX
TCCTCCTAAGACATTC-1,
TCCTCGGGCTGGGCTT-1,VL
TCCTCTACGAGATGGC-1,CP
TCCTCTCCAGTTGTCC-1,CP
TCCTGCGTTGATACTC-1,ACB
TCCTTACGACGGTCCG-1,CP
TCCTTCAATCCCTACG-1,
TCCTTTAAATCCGCTT-1,CP
TCCTTTCTTACGCTTA-1,cc
TCGAAATTTAGGACCA-1,CP
TCGAAGAACCGAGCAC-1,CP
TCGAGACCAACACCGT-1,LSX
TCGAGGGCAACAGACG-1,CTX
TCGATAGGCTAGTCGC-1,CTX
TCGCAAAGATGCATTT-1,VL
TCGCACCAGGAGGCAG-1,CP
TCGCACTAACGTTTGT-1,
TCGCATAAAGGGCGCA-1,CTX
TCGCATCCCTAAGTGT-1,CTX
TCGCATTCAATGACTT-1,CTX
TCGCCCACTGCGAGAG-1,CTX
TCGCCGAAGTTGCGTC-1,ACB
TCGCCGACATATTCGC-1,CTX
TCGCCGGATGGGCAAG-1,CTX
TCGCCGGTCGATCCGT-1,CTX
TCGCCTCGACCTGTTG-1,CTX
TCGCGTAGCAGTGTCC-1,CP
TCGCGTCCAGAAGGTC-1,CP
TCGCTAAACCGCTATC-1,
TCGCTACTGGCTTTGA-1,OT
TCGCTCGATATATTCC-1,cc
TCGCTGCCAATGCTGT-1,
TCGCTGGGCGGATTGT-1,CTX
TCGCTGTGCGTAAATC-1,CTX
TCGCTTTAAACGTTTG-1,CTX
TCGGAATGCGCTCTGA-1,CP
TCGGACGCCCAGCCCA-1,cc
TCGGAGAGTATCGGGA-1,OT
TCGGAGTACATGAGTA-1,cc
TCGGCGAACCCAAACC-1,CP
TCGGCTTGTATCGACG-1,CP
TCGGGAACGTGCCTAG-1,CTX
TCGGGAGACAGCGTAC-1,ACB
TCGGGATTCAAACATA-1,CTX
TCGGGCCGTCGTGGTA-1,CP
TCGTAACTCCCAAGAC-1,CTX
TCGTAAGACGACATTG-1,CTX
TCGTATTACCCATTGC-1,CP
TCGTCACACTGTTAGC-1,CP
TCGTCCGCTGGCGTCT-1,CP
TCGTCTTAGGCGTTAA-1,CP
TCGTGTACTATGGATG-1,CP
TCGTGTATTGGTCACG-1,cc
TCGTGTCACGCTGACA-1,OT
TCGTGTTCGACCACAA-1,CP
TCGTTAGGAGTCCCTA-1,MSC
TCGTTGACAGGGTCCC-1,CTX
TCGTTGCTATCCGGTC-1,MSC
TCGTTGGCTCGTCAAT-1,CTX
TCGTTTACGCGACCCT-1,CTX
TCTAACTGTATGTAAA-1,CTX
TCTACCCAATAGAGAG-1,CP
TCTACCGTCCACAAGC-1,CTX
TCTAGCAATCTCCGCC-1,ACB
TCTAGCATCTTCGATG-1,cc
TCTAGCATGCCCAGAA-1,LSX
TCTAGGTGGCGACGCT-1,CTX
TCTAGTGATATCGTGG-1,CP
TCTAGTTATCAGAAGA-1,VL
TCTATAGGTGGGTAAT-1,CTX
TCTATCATGCAGTTAC-1,CTX
TCTATCCGATTGCACA-1,
TCTATCGGTCGCAACA-1,CTX
TCTATGCTATAACGAC-1,CTX
TCTATTACGCTGGCGA-1,CTX
TCTATTACTAGAGGAT-1,CTX
TCTCAAATCAATCGGG-1,CTX
TCTCATGAGATAGGGT-1,CP
TCTCCAACGTAGGTTA-1,CTX
TCTCCACAAGTTGAAT-1,CP
TCTCCCTGGGCAGCGT-1,ACB
TCTCGACGTATCGCCG-1,CTX
TCTCGAGGAGGTTCGC-1,CP
TCTCGGCTCCAGGACT-1,CTX
TCTCTAATAGCTGGTA-1,CTX
TCTCTCGCCGCACATA-1,cc
TCTGAACCGGTCGGCT-1,CP
TCTGAACTCGTACCCG-1,CP
TCTGAAGCACGTGGTC-1,CP
TCTGAATTCCGTACAA-1,cc
TCTGACGGGCTAACCC-1,
TCTGACTGTAATGGTT-1,CTX
TCTGAGCAATTGACTG-1,CP
TCTGATCGGGTGCTAG-1,CTX
TCTGATGTATTCTGTC-1,CP
TCTGATTGGAAATGGA-1,CTX
TCTGCAGATTCGAGTC-1,CTX
TCTGCATACCTTGCTT-1,CP
TCTGCCAGAAACTGCA-1,CP
TCTGCGTCCGGTTTCT-1,CTX
TCTGCTTAGAACAAGC-1,CTX
TCTGGAGCGTAAGAGT-1,CTX
TCTGGCCGTTCAAGTT-1,CTX
TCTGGCGCAAGCCGGG-1,CTX
TCTGGGAACCTTTGAA-1,CP
TCTGGGTAGCGCTCAT-1,aco
TCTGTCATACAAGAGC-1,CTX
TCTGTGACTGACCGTT-1,
TCTGTGCCATCATAGT-1,cc
TCTGTTACCCAGCATA-1,ACB
TCTTAACTCGGATGTA-1,CTX
TCTTACAGAGGTACCG-1,CTX
TCTTACCGGAACTCGT-1,
TCTTACGGCATCCGAC-1,CP
TCTTACTTATGCCTCT-1,CP
TCTTAGAGCTCCAATT-1,CTX
TCTTAGAGTGAACTCT-1,CP
TCTTCCCATGGGCACA-1,CTX
TCTTCGAATAGACGTT-1,LSX
TCTTCGATACCAATAA-1,cc
TCTTCGCGGTGAGAGG-1,CTX
TCTTCTATAACCCGCC-1,CP
TCTTGATGCGTAGCGA-1,cc
TCTTGCTCCCGATACT-1,
TCTTGGTAACACCAAA-1,CTX
TCTTTAAGACTATGAA-1,CTX
TCTTTAGAGTCTAACA-1,cc
TCTTTAGCAGGCGAAC-1,CTX
TCTTTCCTTCGAGATA-1,CTX
TGAAAGGACCTGACTC-1,cc
TGAACACCCGAAGCAG-1,
TGAACTGCTATGACTT-1,
TGAAGAGCGGTCCTAG-1,CTX
TGAAGTAGCTTACGGA-1,CTX
TGAATACCGACGCGTA-1,OT
TGAATGTCAGCCGGCC-1,CP
TGAATTTCACTTGCCT-1,
TGACAACGCATGTCGC-1,CTX
TGACATATATGACGAT-1,CTX
TGACATCGAGCGGACC-1,CTX
TGACCCACGTTAGACA-1,CP
TGACGAATATTTCCCT-1,OT
TGACGATGCACTAGAA-1,cc
TGACTATAATCCTTTC-1,LSX
TGACTCTAACTGGTAA-1,CTX
TGAGAATGCTTTACCG-1,CTX
TGAGACGTACCTCTCA-1,CTX
TGAGAGATTTACCACG-1,CP
TGAGCAGTCGTGAAGT-1,CTX
TGAGCCATACAGTCTC-1,ACB
TGAGCGGAAAGTGTTC-1,ACB
TGAGCTCAACTGTATA-1,CTX
TGAGCTTTAATGACGC-1,CTX
TGAGGAGTGCCAGCTT-1,ACB
TGAGTAAATTAGCGTA-1,MSC
TGAGTGCCTCTTAAAT-1,ACB
TGAGTGGTCCGTGACG-1,CTX
TGAGTTAAAGACATTC-1,cc
TGATACATTTAGCCGT-1,
TGATAGCGGGATTCTA-1,CTX
TGATCAGGGAACTGCT-1,ACB
TGATCCCAGCATTAGT-1,CTX
TGATCGGTTTGACCCT-1,cc
TGATCTATCACACTCT-1,
TGATCTCCGGCGCCAG-1,VL
TGATGGCTGTTTCTGA-1,CTX
TGATGGGACTAAGTCA-1,CTX
TGATGTCAATTAAGTG-1,CP
TGATTCGTCTATCACT-1,CP
TGATTCTGTCGCCGGT-1,ACB
TGATTTATTAGCTGTG-1,ACB
TGATTTCCTCCTGACG-1,CTX
TGCAACCCATCTGCGG-1,CP
TGCAACTACTGGTTGA-1,CTX
TGCAAGAATGACGTAA-1,cc
TGCAATCTAACACGGT-1,CP
TGCACTATGTGAGTGC-1,CTX
TGCAGAACTATATCGT-1,ACB
TGCAGAGTACCGAGCA-1,VL
TGCAGATCGTCCTAGG-1,CTX
TGCAGCTACGTACTTC-1,CTX
TGCAGGATCGGCAAAG-1,CTX
TGCAGTTTCCTCCCAT-1,CP
TGCATATGTCTGTCAC-1,cc
TGCATGGATCGGATCT-1,CTX
TGCATGTGGTAATCTA-1,CTX
TGCCAAAGTCAGACTT-1,OT
TGCCAATGGGTACTCT-1,MSC
TGCCACCTGGCGAAAC-1,CTX
TGCCAGTACGTGGAGA-1,ACB
TGCCATTACTAAAGAA-1,CTX
TGCCCGTACCGTTAAA-1,VL
TGCCGAAAGCGTATTC-1,CTX
TGCCGATGTCATCAAT-1,
TGCCGTGGATCGTCCT-1,ACB
TGCCTAAATTTAATAG-1,
TGCCTAATTGAAGATT-1,CP
TGCCTGACATCGGTCA-1,CTX
TGCCTGATCAAACGAT-1,CTX
TGCCTTGGCCAGGCAA-1,CP
TGCGAATATGGGATTT-1,
TGCGACACCCTAGTGC-1,ACB
TGCGAGAAACGTTACG-1,
TGCGAGAATATTACCC-1,ACB
TGCGATGCTAATGGCT-1,CTX
TGCGCAAAGCATTTGG-1,cc
TGCGCCGTTAATAACG-1,CTX
TGCGCGATTAACGGAG-1,CP
TGCGGACTTGACTCCG-1,
TGCGGAGTAAAGGTGC-1,CTX
TGCGTAAGAACCTGAT-1,ACB
TGCGTACGGCTAATTG-1,CTX
TGCGTGATTGGGTGTC-1,CTX
TGCGTTTGTTGACACT-1,VL
TGCTAAGTGTCTATTT-1,CP
TGCTCCACAGTTCTTA-1,CP
TGCTCGGCGAAACCCA-1,ACB
TGCTCGGTGGGTCACC-1,
TGCTCTTGAGAGTTTG-1,OT
TGCTGGTTGGACAATT-1,cc
TGCTGTTGAAGAACTC-1,LSX
TGCTTCCCAAGCAGTA-1,ACB
TGCTTGAAACCATGCA-1,CTX
TGGAAACGGAGTGAAC-1,CTX
TGGAAGAAGGGAACGT-1,ACB
TGGAAGACGAACACCA-1,CTX
TGGAAGGATAAAGATG-1,CTX
TGGAATTAGACGCTTT-1,CP
TGGACACCGTTGCTTG-1,CTX
TGGACCAATCTAAGAT-1,ACB
TGGACCACGGCGTTGA-1,CTX
TGGACGTAGGCGAATC-1,CTX
TGGACTGTTCGCTCAA-1,VL
TGGAGTGATGCGATGA-1,CP
TGGATAGAGTAACAGA-1,CTX
TGGCAAACTAAATTAC-1,ACB
TGGCAACTCGCGCGCC-1,CTX
TGGCAATGGGACGGCG-1,CP
TGGCAGATTACGATCA-1,MSC
TGGCAGCAGTAATAGT-1,LSX
TGGCCAAACTGAAGTA-1,CTX
TGGCCGTATATTGACC-1,CP
TGGCGACTGCTCCAAA-1,MSC
TGGCGATCAAGTTATG-1,MSC
TGGCGGTGTGCGATTG-1,CTX
TGGCTACACTCTACCT-1,CTX
TGGCTATGTGACATAC-1,ACB
TGGCTCTTGTCGCGTA-1,CTX
TGGCTTTGGGTAGACA-1,CTX
TGGGAAATGCCTTTCC-1,CP
TGGGACCATTGGGAGT-1,CTX
TGGGCAATAGTTGGGT-1,CP
TGGGCACAAACAGAAC-1,CTX
TGGGCAGGCCACCGCA-1,CTX
TGGGCCACAAGAGCGC-1,CTX
TGGGCCCATACTAATT-1,CP
TGGGCCTTGCCTGCAT-1,CTX
TGGGTGCACAAGCCAT-1,CTX
TGGGTGTAATAGATTT-1,CTX
TGGGTTCCCGGACGGA-1,
TGGTAAGCAGGATTGA-1,CTX
TGGTAGAATATATGGG-1,CP
TGGTCCCACGCTACGG-1,ACB
TGGTCGTGCAAGGCAA-1,CTX
TGGTCTAGCTTACATG-1,CTX
TGGTCTGTTGGGCGTA-1,CP
TGGTGATCGTATTTGT-1,CP
TGGTTAAGGGCGCTGG-1,
TGGTTATGCTTGCGGT-1,CTX
TGGTTCAACGGGTAAT-1,VL
TGGTTCGTAGCAAAGG-1,cc
TGTAACTTGTCAACCT-1,
TGTAATGACCACAATA-1,CTX
TGTACCTACACGAGGG-1,CP
TGTACGAACAAATCCG-1,LSX
TGTACTGTGCCAAAGT-1,CTX
TGTACTTCCGGGCATG-1,CTX
TGTAGCCAATTCCGTT-1,
TGTAGCCATCCCATTC-1,CTX
TGTAGGAGAAATTTCC-1,cc
TGTAGTGATCTATAAT-1,CP
TGTATAACAGATCCTG-1,CTX
TGTATCCTTATTCCAT-1,CTX
TGTATGGCGCAGACAG-1,CP
TGTCCACGGCTCAACT-1,CTX
TGTCCGTGGCGCCTTT-1,CP
TGTCCTAAGTCACCGC-1,CP
TGTCGGCATGGTGGAA-1,CTX
TGTCTACAGTTTCTGT-1,
TGTGACTACGCCAGTC-1,CTX
TGTGACTAGAGTTTGC-1,CTX
TGTGAGACTAGCCCAA-1,ACB
TGTGCCGGTGCCGGAA-1,CP
TGTGCTTTACGTAAGA-1,CP
TGTGGACTATCTACGT-1,CTX
TGTGGCAAAGCGTATG-1,CTX
TGTGGCTCCCACCAAC-1,CTX
TGTGGTAGGGTGCCTT-1,CTX
TGTGTAGTAGCACGTG-1,CTX
TGTGTCGCGAGTTGCA-1,CP
TGTGTTCGTATCCAAG-1,CP
TGTTATTGTATGTGGC-1,CP
TGTTCATAAATGTGCT-1,CTX
TGTTCCGCTTCCATGA-1,CP
TGTTCGTATTGCGGTG-1,LSX
TGTTCTTCCATTGACT-1,CP
TGTTGCCGTCGTCCCA-1,CTX
TGTTGTCAAGAAGTCT-1,CTX
TGTTTCGGTACTTCTC-1,CTX
TGTTTGAGATCGTCAG-1,cc
TTAAACAGAGTCCCGC-1,CTX
TTAAACCGGTAGCGAC-1,
TTAAACCTGGTTCCTT-1,CTX
TTAAACTCGAATTCAT-1,CTX
TTAAAGTAAGTCGCCA-1,CTX
TTAACACCTCGAACAT-1,CP
TTAACCAACCCTCCCT-1,CTX
TTAACGTTAAAGCCTG-1,CTX
TTAACTCACGCGTGGA-1,CP
TTAACTTCAGGTAGGA-1,OT
TTAAGATAGGATTGAC-1,CP
TTAAGCGCCTGACCCA-1,CP
TTAAGGATACGGAGGT-1,CTX
TTAAGTATTGTTATCC-1,CP
TTAATCAGTACGTCAG-1,CTX
TTAATGTAGACCAGGT-1,CTX
TTAATGTGTTTGCAGG-1,CTX
TTAATTGCTTTGGGTG-1,ACB
TTAATTTCAGACGCGG-1,
TTACAACTACGCATCC-1,cc
TTACACGATCTGCGAC-1,CTX
TTACAGACCTAAATGA-1,CTX
TTACATCGTGGCCTGG-1,cc
TTACATGCCACAACTA-1,cc
TTACCATTGATTACCC-1,CP
TTACCCTAACAGTCCT-1,CP
TTACCCTAGGGATTGG-1,ACB
TTACCGCCTTAGGGAA-1,CTX
TTACGGATGGTTCGAG-1,CTX
TTACGGTGTCACCGAG-1,CTX
TTACGTATCTATGACA-1,CTX
TTACTAAAGGACTTTA-1,CP
TTACTATCGGCTTCTC-1,CP
TTACTCCGGCCGGGAA-1,cc
TTACTCTGGTACGTAC-1,ACB
TTACTGGGATATTTCA-1,LSX
TTAGAAGAACATGACT-1,ACB
TTAGACGAGTCACCTC-1,CP
TTAGAGTTTAGAAGGA-1,CP
TTAGATAGGTCGATAC-1,CTX
TTAGCAACATGGATGT-1,CP
TTAGCTCTGTAATCCG-1,CP
TTAGCTGATTTGCCGT-1,cc
TTAGGATGGGAGGGTA-1,
TTAGTAAACCTGCTCT-1,CP
TTAGTAGGGCGGCGGG-1,CP
TTAGTTATTCGTGGCA-1,CP
TTATAGGTAATTGTCT-1,ACB
TTATATACGCTGTCAC-1,VL
TTATATTTGGCAATCC-1,CTX
TTATCATACTCGCAAA-1,
TTATCCAATCGAACTC-1,CTX
TTATCCGGGATCTATA-1,CP
TTATCGCCTGCGAAGC-1,CP
TTATCTGTATCATAAC-1,CTX
TTATGAATGAAAGGGA-1,LSX
TTATGACAAACTGGAT-1,CP
TTATGATCTTAACGAA-1,VL
TTATGCGTCCCGGTCC-1,CTX
TTATGTTTGCGATAGA-1,CP
TTATTAGAGCGTGTTC-1,LSX
TTATTATCTGGAAGGC-1,CTX
TTATTTAGGTTCCTTA-1,
TTCAAAGTCTCTAGCC-1,cc
TTCAACGACCCGACCG-1,cc
TTCAATACTCTGAATC-1,CP
TTCACGAAAGGATCAC-1,LSX
TTCACTCGAGCACCTA-1,ACB
TTCAGAGTAACCTGAC-1,CTX
TTCAGCCCTGGTCCAC-1,CP
TTCAGCTGGCGTGCCC-1,CP
TTCAGGCGTCAAAGCC-1,CTX
TTCAGTTTGTGGCAGC-1,CTX
TTCATAGCCTTGTAAC-1,CTX
TTCATAGGGTGTCCAT-1,CTX
TTCATGGCGCAACAGG-1,CTX
TTCCAATCAGAGCTAG-1,
TTCCAATCTGGCTATC-1,LSX
TTCCACACAGATTTGA-1,LSX
TTCCAGACGAGATTTA-1,CTX
TTCCATCGACAGCGTG-1,CTX
TTCCGCGTGAGGCGAT-1,LSX
TTCCGGCCTTGAGGCT-1,MSC
TTCCGGTATCTGTGTC-1,CTX
TTCCGGTTACCCACTT-1,CP
TTCCTCGAGGGTGTCT-1,cc
TTCCTCGGACTAACCA-1,CP
TTCCTCTGCCCGAATA-1,CP
TTCCTTTCTGTGTTGC-1,CTX
TTCGACAGAGCCCGTG-1,ACB
TTCGACGGGAAGGGCG-1,cc
TTCGCACTCGCGTGCT-1,CP
TTCGCACTGTACGACA-1,
TTCGCATCCGGAAGCA-1,CTX
TTCGCTAGGAAGTTGT-1,CTX
TTCGGCTAGAGATGGT-1,cc
TTCGGGACTAATCGCG-1,VL
TTCGGGCGCTAGTCTT-1,
TTCGGGTTGCCACGGG-1,CTX
TTCGGTGGAGACGCCC-1,CTX
TTCGTACTCCAGAACG-1,CP
TTCTAACCGAAGCTTA-1,cc
TTCTACTTGCGAGGGC-1,CP
TTCTAGGCCAATTGTG-1,cc
TTCTATGCCTTTCGCA-1,
TTCTGACCGGGCTCAA-1,CP
TTCTGCCGCGCCTAGA-1,ACB
TTCTGCGAGCGCCCTT-1,CP
TTCTGCGGGTTAGCGG-1,VL
TTCTGCTAGACTCCAA-1,CTX
TTCTGTTTCCTGTCGC-1,CTX
TTCTTAGTGAACGGTG-1,cc
TTCTTAGTGGCTCAGA-1,CTX
TTCTTATCCGCTGGGT-1,CP
TTCTTGAGCCGCGCTA-1,ACB
TTCTTGCTAGCATCTC-1,CTX
TTCTTGGACGATCTGC-1,
TTCTTGGAGTAATGAG-1,CTX
TTCTTGTAACCTAATG-1,CP
TTCTTGTGTCCATCAG-1,CTX
TTCTTTGGTCGCGACG-1,
TTGAAACCCTCATTCC-1,CTX
TTGAACGAATCCTTTG-1,cc
TTGAACGACGTGCTGA-1,CP
TTGAAGAATTCCCAGG-1,VL
TTGAATATGGACTTTC-1,cc
TTGAATTCACGTGAGG-1,cc
TTGACAGGAGCTCCCG-1,CP
TTGACATGAACGTGGA-1,ACB
TTGACCAGGAACAACT-1,OT
TTGACCATGTTCTCCG-1,CTX
TTGACCGTGTTAATGA-1,ACB
TTGACGATTCAGCACG-1,CTX
TTGACGCTCCATGAGC-1,CP
TTGACTACCATATGGT-1,ACB
TTGACTATTGTCCGGC-1,CP
TTGAGAAGTTTAGCAT-1,CP
TTGAGAGTACTGCTAA-1,ACB
TTGAGCAGCCCACGGT-1,CTX
TTGAGCGCCACGTGAT-1,CTX
TTGAGTCCCGCTGCTG-1,CTX
TTGATAGTCAATACAT-1,
TTGATCTAACTTTGTC-1,CP
TTGATGTGTAGTCCCG-1,CTX
TTGATTAGCTGTTTCT-1,ACB
TTGATTATGCAGATGA-1,CP
TTGCACAATTCAGAAA-1,LSX
TTGCACGGAGCAGCAC-1,CTX
TTGCATGCTGATCACG-1,aco
TTGCCAAGCAGAACCC-1,CTX
TTGCCCTGATCACGGG-1,CP
TTGCCGCTTTCTAGTA-1,ACB
TTGCCTTCTCGCCGGG-1,CTX
TTGCGCTCTCTCGCTT-1,CTX
TTGCGCTTGATCAATA-1,CTX
TTGCGGCATCAGAAAG-1,LSX
TTGCGTAGTTTGAGGA-1,CP
TTGCGTCGGCCAACCG-1,ACB
TTGCGTGTGTAGGCAT-1,CTX
TTGCTAGCTACCAATC-1,
TTGCTCATAGTACGTG-1,CTX
TTGCTCCCATACCGGA-1,CTX
TTGCTGAAGGAACCAC-1,CTX
TTGCTGATCATGTTCG-1,VL
TTGCTGCACCTATCCA-1,CP
TTGGACATGTGGCTTA-1,ACB
TTGGACCATCTGGCAA-1,CP
TTGGACCTATAACAGT-1,CP
TTGGAGTCTCCCTTCT-1,CTX
TTGGATATCGTCTACG-1,MSC
TTGGATTGGGTACCAC-1,CTX
TTGGCCATCTTGCGCT-1,CTX
TTGGCGATCCGAATAT-1,CTX
TTGGCTCAATATGTGT-1,CTX
TTGGCTCGCATGAGAC-1,CP
TTGGGACACTGCCCGC-1,CTX
TTGGGACGTAAGAGTT-1,CP
TTGGGCGGCGGTTGCC-1,CTX
TTGGTATGGCTTGTGT-1,CTX
TTGGTCACACTCGTAA-1,LSX
TTGGTTCGCTCAAAGG-1,CTX
TTGTAAGGACCTAAGT-1,ACB
TTGTAAGGCCAGTTGG-1,CTX
TTGTAATCCGTACTCG-1,LSX
TTGTCGTTCAGTTACC-1,CTX
TTGTGAACCTAATCCG-1,CP
TTGTGAGGCATGACGC-1,CTX
TTGTGATCTGTTCAGT-1,CTX
TTGTGCAGCCACGTCA-1,ACB
TTGTGGCCCTGACAGT-1,CTX
TTGTGGTAGGAGGGAT-1,
TTGTGGTGGTACTAAG-1,CP
TTGTGTATGCCACCAA-1,ACB
TTGTGTTTCCCGAAAG-1,LSX
TTGTTAGCAAATTCGA-1,cc
TTGTTCAGTGTGCTAC-1,CTX
TTGTTCTAGATACGCT-1,CTX
TTGTTGTGTGTCAAGA-1,CTX
TTGTTTCCATACAACT-1,ACB
TTGTTTGTGTAAATTC-1,
