Barcode,region
AAACAAGTATCTCCCA-1,striatum
AAACAGCTTTCAGAAG-1,not_striatum
AAACATTTCCCGGATT-1,striatum
AAACCCGAACGAAATC-1,not_striatum
AAACCGGAAATGTTAA-1,not_striatum
AAACCGGGTAGGTACC-1,striatum
AAACCGTTCGTCCAGG-1,not_striatum
AAACCTAAGCAGCCGG-1,striatum
AAACCTCATGAAGTTG-1,striatum
AAACGAGACGGTTGAT-1,not_striatum
AAACGGGCGTACGGGT-1,not_striatum
AAACTCGGTTCGCAAT-1,not_striatum
AAACTGCTGGCTCCAA-1,not_striatum
AAACTTGCAAACGTAT-1,not_striatum
AAAGAATGTGGACTAA-1,not_striatum
AAAGACCCAAGTCGCG-1,not_striatum
AAAGACTGGGCGCTTT-1,striatum
AAAGGCTCTCGCGCCG-1,not_striatum
AAAGGGATGTAGCAAG-1,not_striatum
AAAGGGCAGCTTGAAT-1,striatum
AAAGTAGCATTGCTCA-1,not_striatum
AAAGTCACTGATGTAA-1,not_striatum
AAAGTCGACCCTCAGT-1,not_striatum
AAAGTGCCATCAATTA-1,not_striatum
AAAGTGTGATTTATCT-1,striatum
AAAGTTGACTCCCGTA-1,striatum
AAATAAGGTAGTGCCC-1,not_striatum
AAATACCTATAAGCAT-1,not_striatum
AAATAGCTTAGACTTT-1,not_striatum
AAATAGGGTGCTATTG-1,striatum
AAATCCGATACACGCC-1,not_striatum
AAATCGTGTACCACAA-1,not_striatum
AAATCTAGCCCTGCTA-1,striatum
AAATGCTCGTTACGTT-1,not_striatum
AAATGGTCAATGTGCC-1,not_striatum
AAATGTATCTTATCCC-1,not_striatum
AAATTAACGGGTAGCT-1,not_striatum
AAATTAATAAGCGCGA-1,not_striatum
AAATTACCTATCGATG-1,not_striatum
AAATTCCAGGTCCAAA-1,not_striatum
AAATTGCGGCGGTTCT-1,not_striatum
AAATTTGCGGGTGTGG-1,striatum
AACAACTGGTAGTTGC-1,striatum
AACAATTACTCTACGC-1,striatum
AACACACGCTCGCCGC-1,striatum
AACACGAGACGCGGCC-1,striatum
AACACGCGGCCGCGAA-1,not_striatum
AACAGGATGGGCCGCG-1,striatum
AACAGGTAGTATGGAT-1,not_striatum
AACATATCAACTGGTG-1,not_striatum
AACATTGGTCAGCCGT-1,not_striatum
AACCAAGACTTCTCTG-1,striatum
AACCATGGGATCGCTA-1,not_striatum
AACCCAGAGACGGAGA-1,not_striatum
AACCCGAGCAGAATCG-1,not_striatum
AACCCTACTGTCAATA-1,striatum
AACCGAGCTTGGTCAT-1,not_striatum
AACCGCTAAGGGATGC-1,striatum
AACCTCGCTTTAGCCC-1,striatum
AACCTGTCACGGAATT-1,not_striatum
AACCTTTAAATACGGT-1,striatum
AACGATAATGCCGTAG-1,striatum
AACGATAGAAGGGCCG-1,not_striatum
AACGATATGTCAACTG-1,not_striatum
AACGCGAACGGCAACA-1,not_striatum
AACGCGGTCTCCAGCC-1,not_striatum
AACGCTGTTGCTGAAA-1,striatum
AACGGACGTACGTATA-1,striatum
AACGGCCATCTCCGGT-1,striatum
AACGTACTGTGGGTAC-1,striatum
AACGTCAGACTAGTGG-1,striatum
AACGTGCGAAAGTCTC-1,not_striatum
AACGTTATCAGCACCT-1,not_striatum
AACTACCCGTTTGTCA-1,not_striatum
AACTAGGCTTGGGTGT-1,striatum
AACTCAAGTTAATTGC-1,striatum
AACTCCAGAGCGTGTT-1,striatum
AACTCGATAAACACGT-1,not_striatum
AACTCGATGGCGCAGT-1,not_striatum
AACTCTCAATAGAGCG-1,not_striatum
AACTCTCAGTGTGCTC-1,not_striatum
AACTGAGTTATACTGA-1,not_striatum
AACTGATATTAGGCCT-1,not_striatum
AACTGGGTCCCGACGT-1,not_striatum
AACTGGTGTGGGCCTT-1,not_striatum
AACTTCTGCGTCTATC-1,not_striatum
AACTTGCCCGTATGCA-1,striatum
AACTTGCGTTCTCGCG-1,not_striatum
AACTTTACGGGAGCTT-1,not_striatum
AACTTTAGCTGCTGAG-1,not_striatum
AAGAAGGATCAGTTAG-1,not_striatum
AAGACATACGTGGTTT-1,not_striatum
AAGACCCAACTGAACA-1,not_striatum
AAGACTAACCCGTTGT-1,not_striatum
AAGACTGCAAGCTACT-1,not_striatum
AAGAGATGAATCGGTA-1,striatum
AAGAGCTCTTTATCGG-1,not_striatum
AAGAGGATGTACGCGA-1,striatum
AAGAGGCATGGATCGC-1,not_striatum
AAGAGGCCCTTTGGAA-1,not_striatum
AAGATTGGCGGAACGT-1,not_striatum
AAGCACCCTGCGTATC-1,striatum
AAGCATACTCTCCTGA-1,striatum
AAGCCGAAGCGGTTTA-1,striatum
AAGCCGGAGAGCAGGA-1,not_striatum
AAGCGCAGGGCTTTGA-1,not_striatum
AAGCTAGATCGAGTAA-1,striatum
AAGCTCGTGCCAAGTC-1,not_striatum
AAGCTCTTTCATGGTG-1,striatum
AAGGAGCGGTTGGTGC-1,striatum
AAGGATCGATCGCTTG-1,not_striatum
AAGGATGAGGGACCTC-1,not_striatum
AAGGCAGGCTGTCTCC-1,not_striatum
AAGGCGCGTAAAGCTT-1,striatum
AAGGCTGTGCTCATCG-1,striatum
AAGGGACAGATTCTGT-1,not_striatum
AAGGTATCCTAATATA-1,not_striatum
AAGGTGATAAACCAGC-1,striatum
AAGTAGAAGACCGGGT-1,not_striatum
AAGTAGTGACGCGAGG-1,striatum
AAGTCAATTGTCGTCA-1,striatum
AAGTCTTCTGTGGCCT-1,not_striatum
AAGTGACGACCGAATT-1,striatum
AAGTGCAAAGGTAGAC-1,not_striatum
AAGTGCCTTGACTGTA-1,striatum
AAGTGCGTTAGAATCT-1,striatum
AAGTGTTTGGAGACGG-1,striatum
AAGTTCACTCCAAGCT-1,striatum
AAGTTCGGCCAACAGG-1,striatum
AAGTTGTGATGTTATA-1,not_striatum
AATAACAACGCTCGGC-1,striatum
AATAACACTAGAACAA-1,not_striatum
AATAATCTTCGTATCG-1,not_striatum
AATACAATGTTTCAGG-1,striatum
AATAGAACAGAGTGGC-1,not_striatum
AATAGAATCTGTTTCA-1,striatum
AATAGTCCGTCCCGAC-1,not_striatum
AATAGTCGCGAGTCGG-1,not_striatum
AATATCAAGGTCGGAT-1,not_striatum
AATATCGAATCAATGC-1,striatum
AATATCGAGGGTTCTC-1,not_striatum
AATATTGGAGTATTGA-1,striatum
AATCAGACTGCAGGAC-1,not_striatum
AATCATGTAAAGACTC-1,striatum
AATCCAAGGGCCTGAG-1,not_striatum
AATCCATGCAAGGGTG-1,not_striatum
AATCGCCTCAGCGCCA-1,not_striatum
AATCGCGCAGAGGACT-1,not_striatum
AATCGGTATAGCCCTC-1,not_striatum
AATCGTGAGCCGAGCA-1,not_striatum
AATCTATGCCGGAGCC-1,not_striatum
AATCTCTACTGTGGTT-1,not_striatum
AATCTGCGTTGGGACG-1,not_striatum
AATGACAGCAATGTCT-1,striatum
AATGACGTAGGATGTC-1,striatum
AATGACTGTCAGCCGG-1,not_striatum
AATGAGTTCGCATATG-1,not_striatum
AATGATGATACGCTAT-1,not_striatum
AATGATGCGACTCCTG-1,not_striatum
AATGCAACCGGGTACC-1,not_striatum
AATGGTCCACCGTTCA-1,striatum
AATGGTTCTCACAAGC-1,not_striatum
AATGTTGTCGTGAGAC-1,not_striatum
AATTAAAGGTCGGCGT-1,not_striatum
AATTAACGGATTTCCA-1,striatum
AATTACTCGTACGCTC-1,not_striatum
AATTAGCGCTGCAGCG-1,not_striatum
AATTCATAAGGGATCT-1,not_striatum
AATTCCAACTTGGTGA-1,not_striatum
AATTCGATTCGAGGAT-1,not_striatum
AATTCTAGAGTTAGGC-1,not_striatum
AATTGAACGCTCTGGT-1,striatum
AATTGCAGCAATCGAC-1,not_striatum
AATTGTGGTTGCCAAA-1,not_striatum
ACAAAGCATGACCTAG-1,striatum
ACAAATCGCACCGAAT-1,striatum
ACAAATGGTAGTGTTT-1,striatum
ACAACAGCATGAGCTA-1,not_striatum
ACAACGGTCCCTGCGA-1,striatum
ACAAGCAGTGCCTAGC-1,striatum
ACAAGCTATATGGAAG-1,not_striatum
ACAAGGAAATCCGCCC-1,striatum
ACAAGGACAAGAGGTT-1,striatum
ACAAGGATGCTTTAGG-1,striatum
ACAAGGGCAGGCTCTG-1,striatum
ACAATAGTCGTACGTT-1,striatum
ACAATCCATTTAAACC-1,striatum
ACAATTGTGTCTCTTT-1,striatum
ACAATTTAGGAGGCTC-1,not_striatum
ACAATTTGAGCAGTGG-1,not_striatum
ACAATTTGGCCATATT-1,not_striatum
ACACAAAGACGGGTGG-1,not_striatum
ACACACCAGGACCAGT-1,striatum
ACACATTGACGCAACA-1,not_striatum
ACACCACATAATTAGC-1,not_striatum
ACACCCAGCATGCAGC-1,not_striatum
ACACCCGAGAAATCCG-1,not_striatum
ACACCGAGCGCTCTTT-1,not_striatum
ACACCTTAAGTAGGGC-1,striatum
ACACCTTACTACTTGC-1,not_striatum
ACACGAGACTCCTTCT-1,not_striatum
ACACGGGAACTTAGGG-1,not_striatum
ACACGTAGGCCACAAG-1,striatum
ACACTCCAATGTCACT-1,not_striatum
ACACTGATCAAGGTGT-1,not_striatum
ACACTGGGACAGTCGT-1,not_striatum
ACAGCGACATTCTCAT-1,striatum
ACAGGCACGGATCCTT-1,not_striatum
ACAGGCTTGCCCGACT-1,striatum
ACAGGTGGAGGTGAGG-1,striatum
ACAGGTGTGTTGTTGC-1,not_striatum
ACATAATAAGGCGGTG-1,not_striatum
ACATCAGCTGGGACGC-1,not_striatum
ACATCCCGGCCATACG-1,not_striatum
ACATCCTGGTAACTGT-1,striatum
ACATCGATCGTTTACC-1,not_striatum
ACATCGGTCAGCCGCG-1,striatum
ACATCGTATGCAATGG-1,striatum
ACATGGCGCCAAAGTA-1,not_striatum
ACATGGCTCAATTTAG-1,not_striatum
ACATTAGTTTATATCC-1,not_striatum
ACATTTGAAACCTAAC-1,not_striatum
ACCAACCGCACTCCAC-1,not_striatum
ACCAACGCTTATTTAT-1,not_striatum
ACCAAGAACGCGTGTC-1,not_striatum
ACCAAGTCATCGGCAG-1,not_striatum
ACCAATATGCAAGTTA-1,not_striatum
ACCACAAGTTTCTATC-1,not_striatum
ACCACCAATGTAACAA-1,not_striatum
ACCACGTGCAGCTATA-1,striatum
ACCACTGTTCAAGAAG-1,not_striatum
ACCAGACCATAACAAC-1,not_striatum
ACCAGTGCGGGAGACG-1,striatum
ACCATATCCGCAATAA-1,not_striatum
ACCATCCGCCAACTAG-1,not_striatum
ACCATCGTATATGGTA-1,striatum
ACCATTAAGGGTGTCA-1,not_striatum
ACCCAACGCCCGTGGC-1,not_striatum
ACCCACCTACATGCTC-1,striatum
ACCCATCTTGAGGGTA-1,striatum
ACCCATTTGTCCCTCT-1,striatum
ACCCGGAAACTCCCAG-1,striatum
ACCCGGAGCACCACAA-1,not_striatum
ACCCGGATGACGCATC-1,not_striatum
ACCCGGTTACACTTCC-1,not_striatum
ACCCGTAGTCTAGTTG-1,not_striatum
ACCCGTGTCATCAGTA-1,not_striatum
ACCCTATAGGACTGAG-1,not_striatum
ACCCTATGCCATATCG-1,not_striatum
ACCCTCCCGTCAGGGC-1,not_striatum
ACCCTCCCTTGCTATT-1,striatum
ACCGAAAGGGCCCTGC-1,not_striatum
ACCGACACATCTCCCA-1,striatum
ACCGACTGAGTCCCAC-1,not_striatum
ACCGAGTCTCCTTATT-1,not_striatum
ACCGATAGGCATAACC-1,not_striatum
ACCGATATTTAATCAT-1,not_striatum
ACCGATGGTAGCATCG-1,not_striatum
ACCGCAATAACTGCCT-1,striatum
ACCGCGGTGGAAGTCG-1,striatum
ACCGGGCCTTTGTTGA-1,striatum
ACCTAAGTACCTTTCA-1,striatum
ACCTAATCGACTTCCT-1,striatum
ACCTACAGTATGTGGT-1,not_striatum
ACCTCCGCCCTCGCTG-1,striatum
ACCTCCGTTATTCACC-1,not_striatum
ACCTGCGTGTCATGTT-1,not_striatum
ACGAAATGGGCGGCAC-1,striatum
ACGACCCATGAGTTGC-1,not_striatum
ACGACTCTAGGGCCGA-1,not_striatum
ACGAGAACCCATCACG-1,not_striatum
ACGAGTACGGATGCCC-1,not_striatum
ACGAGTCGCCGGCGTT-1,not_striatum
ACGATACATAGAACTA-1,not_striatum
ACGATACCTATCCTGA-1,not_striatum
ACGATCATACATAGAG-1,not_striatum
ACGATCATCTTGTAAA-1,not_striatum
ACGATGCATATGTTAT-1,striatum
ACGCAATCACTACAGC-1,not_striatum
ACGCATACGTTTACTA-1,striatum
ACGCATTCGTGAGTAC-1,not_striatum
ACGCCAGATGATTTCT-1,not_striatum
ACGCCAGTGCGTTTGC-1,not_striatum
ACGCCGCTAGACGACC-1,not_striatum
ACGCGAAGTCAGACGA-1,not_striatum
ACGCGCTACACAGGGT-1,not_striatum
ACGCGGGCCAAGGACA-1,not_striatum
ACGCGTTTCTTAAGAG-1,not_striatum
ACGCTAGTGATACACT-1,not_striatum
ACGCTGTGAGGCGTAG-1,not_striatum
ACGGAATTTAGCAAAT-1,not_striatum
ACGGACTCTCAAAGCG-1,striatum
ACGGATGGTGCGGATA-1,striatum
ACGGCACTTGCTTGGG-1,not_striatum
ACGGCCAACATGGACT-1,not_striatum
ACGGCGACGATGGGAA-1,striatum
ACGGCGGGTTGCCCTG-1,not_striatum
ACGGGAGTGTCGGCCC-1,striatum
ACGGGTCATGTGACTT-1,not_striatum
ACGGTACAGTTCAATG-1,not_striatum
ACGTAGATTGCTGATG-1,not_striatum
ACGTATTACTCCGATC-1,striatum
ACGTGCGCCTCGTGCA-1,not_striatum
ACGTTAATGTCGAAGA-1,not_striatum
ACGTTAGATTTGCCCG-1,striatum
ACGTTATTGGTCACTC-1,not_striatum
ACGTTCGCAATCAATT-1,not_striatum
ACGTTCTGTACAAGTC-1,not_striatum
ACTACCAGCTCTCTGG-1,striatum
ACTACGCGTTAGAATT-1,not_striatum
ACTAGTTGCGATCGTC-1,striatum
ACTATCCAGGGCATGG-1,not_striatum
ACTATCGCCGGCTAAA-1,not_striatum
ACTATCTGCCCGCGTA-1,striatum
ACTCAACGAATGTATT-1,not_striatum
ACTCAAGTGCAAGGCT-1,striatum
ACTCAATAAAGGCACG-1,not_striatum
ACTCAGACCTGCTTCT-1,not_striatum
ACTCCCGAATTCGTTT-1,not_striatum
ACTCCCTAATGCTAAA-1,striatum
ACTCCCTAGAATAGTA-1,not_striatum
ACTCCGGCCGACCACT-1,not_striatum
ACTCGATGTATTTCAT-1,not_striatum
ACTCGCCGTTCGATAA-1,not_striatum
ACTCGCGATCTGACGC-1,not_striatum
ACTCGTCAGTAATCCC-1,not_striatum
ACTCTAAACCTGGGAT-1,not_striatum
ACTCTCTGACTTAGGT-1,striatum
ACTCTGACCTAATAGA-1,not_striatum
ACTCTTCAGCTCCCGC-1,not_striatum
ACTCTTGTATAGTAAC-1,not_striatum
ACTGAAACGCCGTTAG-1,striatum
ACTGAATGGCGAAAGT-1,striatum
ACTGCCGTCGTAACTC-1,not_striatum
ACTGCGGACACACCGT-1,not_striatum
ACTGTACGATACACAT-1,not_striatum
ACTGTAGCACTTTGGA-1,striatum
ACTGTATACGCGAGCA-1,not_striatum
ACTGTCCAGGATTATA-1,not_striatum
ACTGTCTTCTTTAGAA-1,not_striatum
ACTGTGCTAGTAGATC-1,not_striatum
ACTTACGCATCCACGC-1,striatum
ACTTAGTACGACAAGA-1,not_striatum
ACTTATACTTACCCGG-1,not_striatum
ACTTATTAGGATCGGT-1,not_striatum
ACTTATTTATGTGCCA-1,striatum
ACTTCAGGCTGATCCC-1,striatum
ACTTCCATGCGGGACA-1,striatum
ACTTCGCCATACGCAC-1,not_striatum
ACTTCGCTAGCGAGTG-1,not_striatum
ACTTGACTCCCTCTTT-1,not_striatum
ACTTGGGACCCGGTGG-1,striatum
ACTTGTAGTCCCTTCA-1,not_striatum
ACTTGTGGATGGAACG-1,striatum
ACTTTACCCTCATGAA-1,not_striatum
ACTTTCCTATAGCTTC-1,not_striatum
ACTTTGACTGCATCCT-1,not_striatum
ACTTTGTCGACGCACT-1,not_striatum
AGAAATTATGACTCGC-1,not_striatum
AGAACCCAGCGTGACA-1,not_striatum
AGAACGTGGTACATTC-1,not_striatum
AGAAGAGCGCCGTTCC-1,striatum
AGAAGGTTGCCGAATT-1,striatum
AGAAGGTTGTAGGTCG-1,striatum
AGAAGTGATTCGTGAT-1,striatum
AGAATAAATCTTCAGG-1,not_striatum
AGAATTATGGATTCGA-1,not_striatum
AGAATTGTTTGACATA-1,not_striatum
AGACAGCTCAGAATCC-1,not_striatum
AGACAGGCATCTCAGC-1,not_striatum
AGACATAGATCCTTCC-1,not_striatum
AGACCATGGGATACAA-1,striatum
AGACCCACCGCTGATC-1,not_striatum
AGACCCGCCCTCCTCG-1,not_striatum
AGACCGCTCCGCGGTT-1,striatum
AGACCGGGAAACCCTG-1,not_striatum
AGACGAAGTGCCGGTC-1,striatum
AGACGACGATGCCGCT-1,striatum
AGACGCCCACTTCGCC-1,not_striatum
AGACTAGCCTTCCAGA-1,striatum
AGAGAACCGTCTAGGA-1,not_striatum
AGAGATCTCTAAAGCG-1,striatum
AGAGCAGTTATGAGAC-1,striatum
AGAGCCGCCGAGATTT-1,not_striatum
AGAGCGGGCTAATCAT-1,not_striatum
AGAGCGTACAAGCTCG-1,striatum
AGAGCTACGAAAGCAT-1,not_striatum
AGAGGCTTCGGAAACC-1,striatum
AGAGTAAACTTCACTA-1,striatum
AGAGTATAGTGTTACG-1,not_striatum
AGATAACTTCAGGGCC-1,striatum
AGATACCAATAGAACC-1,not_striatum
AGATACCGGTGTTCAC-1,striatum
AGATACGACTTCATAT-1,not_striatum
AGATACTCAAGATCGA-1,striatum
AGATATAATACGACTA-1,striatum
AGATCTCAGGTGTGAT-1,not_striatum
AGATGACTCGCCCACG-1,not_striatum
AGATGATGGAGTCTGG-1,not_striatum
AGATGCTATAACGAGC-1,not_striatum
AGATTATAGGACGTTT-1,not_striatum
AGCAAAGGCCGCTAGT-1,striatum
AGCAACATATCTTATT-1,striatum
AGCACCAGTACTCACG-1,not_striatum
AGCACTACCGGCCTGT-1,striatum
AGCACTACCTCACCAG-1,striatum
AGCACTTAAGGACGCC-1,striatum
AGCAGAAGGAGAAAGA-1,striatum
AGCAGCCAGATGAATA-1,striatum
AGCATATCAATATGCT-1,striatum
AGCATCGTCGATAATT-1,not_striatum
AGCATTACGAGGCAAG-1,not_striatum
AGCCACAGGTTACCCG-1,striatum
AGCCACTCCCGTGCTT-1,not_striatum
AGCCCATACATGTAAG-1,striatum
AGCCCTGTCGCACCGT-1,not_striatum
AGCCCTTGGACATCCC-1,not_striatum
AGCCGCAAATTCAAAT-1,not_striatum
AGCCGCTTGATTAGCG-1,not_striatum
AGCCTTAAAGCGGAAG-1,not_striatum
AGCGACAGGAACGGTC-1,striatum
AGCGACATCCCATTCA-1,not_striatum
AGCGACCAACGATATT-1,not_striatum
AGCGATGCGCCTAATA-1,not_striatum
AGCGCATAATGAATCG-1,not_striatum
AGCGCGGGTGCCAATG-1,not_striatum
AGCGCTAGAGCGATGT-1,not_striatum
AGCGGACACTTCGTAG-1,striatum
AGCGGGAAGGGTCCAT-1,not_striatum
AGCGGGTCTGACACTC-1,not_striatum
AGCGTACGAGAGCTAG-1,not_striatum
AGCGTAGCGCTAGACC-1,not_striatum
AGCGTCTGAACCCGCA-1,not_striatum
AGCGTGGTATTCTACT-1,not_striatum
AGCTAAGTACGCAGGC-1,striatum
AGCTATTTAATCCAAC-1,not_striatum
AGCTCCATATATGTTC-1,striatum
AGCTCCTTCGCACATC-1,striatum
AGCTCTTCGTAACCTT-1,not_striatum
AGCTCTTTACTCAGTT-1,not_striatum
AGCTGAAGTAAACCAA-1,not_striatum
AGCTTATAGAGACCTG-1,not_striatum
AGCTTCTTCTCGAGCA-1,not_striatum
AGCTTGATCTTAACTT-1,striatum
AGGAAAGCCTCTGATG-1,not_striatum
AGGAACGAACGACTTC-1,not_striatum
AGGAAGCTGTCCGCCG-1,striatum
AGGACAGTCGAATCCC-1,striatum
AGGACATCGCACGTCG-1,not_striatum
AGGACATCGGCACACT-1,not_striatum
AGGACGACCCATTAGA-1,striatum
AGGACTTATAGGAGAA-1,not_striatum
AGGAGGCCTTCGCGCG-1,striatum
AGGATAAAGTCGGGAT-1,striatum
AGGATATAGGGATTTA-1,striatum
AGGATATCCGACTGCA-1,not_striatum
AGGATTGCTTACGACA-1,not_striatum
AGGCACGTGACTGTCC-1,not_striatum
AGGCAGATGCGTAAAC-1,not_striatum
AGGCAGGGAGCGTACT-1,not_striatum
AGGCATTGTCGTAGGG-1,striatum
AGGCCACATTGGTTAC-1,not_striatum
AGGCCACCCGTTATGA-1,striatum
AGGCCCAGTGACTGGT-1,not_striatum
AGGCCCATTGTACAGG-1,not_striatum
AGGCCCTAGAACGCCA-1,striatum
AGGCCTGAGAATCTCG-1,striatum
AGGCGATAACTGGCGT-1,not_striatum
AGGCTATGGTTAGCTT-1,striatum
AGGCTTCCCGAAGAAG-1,not_striatum
AGGCTTGCTAGACACC-1,striatum
AGGGACCGGCTGCGTT-1,not_striatum
AGGGACTCTACGCGAC-1,not_striatum
AGGGAGACATACTTCG-1,not_striatum
AGGGCCCTAATGTTCT-1,not_striatum
AGGGCGAGCAGCTGAT-1,not_striatum
AGGGCGTGATCGGCTA-1,not_striatum
AGGGCTGCAGTTACAG-1,not_striatum
AGGGTCGATGCGAACT-1,not_striatum
AGGGTCTGGACGCAGT-1,not_striatum
AGGGTGCTCTCGAGGG-1,not_striatum
AGGGTGGATAGTGCAT-1,not_striatum
AGGGTTCCCTTTGGTT-1,not_striatum
AGGGTTTAGTTCGGGA-1,not_striatum
AGGTAACCTCCTATTC-1,not_striatum
AGGTAGGTACAAAGCT-1,striatum
AGGTATAATTGATAGT-1,not_striatum
AGGTATGCGGACATTA-1,not_striatum
AGGTCAGGTGAGAGTG-1,not_striatum
AGGTCGCCACTTCGGT-1,not_striatum
AGGTCGCCTCCCAACA-1,not_striatum
AGGTCGCGGAGTTACT-1,not_striatum
AGGTGCACGTCCACAT-1,not_striatum
AGGTGTATCGCCATGA-1,striatum
AGGTGTTGCCGACCAC-1,not_striatum
AGGTTACACCATGCCG-1,not_striatum
AGGTTGAGGCACGCTT-1,not_striatum
AGGTTTCACACACCTT-1,not_striatum
AGTAACTATAGCAGCC-1,not_striatum
AGTAATGTCTTGCCGC-1,not_striatum
AGTACAGAAGCTTATA-1,not_striatum
AGTACATCATTTATCA-1,not_striatum
AGTACGGCCCGTATCG-1,not_striatum
AGTACGGGCACCTGGC-1,not_striatum
AGTACTCTTATGCCCA-1,striatum
AGTAGGTAACATACAT-1,not_striatum
AGTATAATACTAGGCA-1,striatum
AGTATCCATAATAACG-1,not_striatum
AGTATTTGGCACGACC-1,not_striatum
AGTCAACACCACCATC-1,not_striatum
AGTCAAGATGACACTT-1,striatum
AGTCACTAGCTCTCGA-1,striatum
AGTCACTCCGCCTCAT-1,not_striatum
AGTCAGCCACCGCCTG-1,not_striatum
AGTCCAGCGGGTACGT-1,not_striatum
AGTCCATTGGCTGATG-1,striatum
AGTCGACGGTCTCAAG-1,striatum
AGTCGGCCCAAACGAC-1,striatum
AGTCGGCTCAACTTTA-1,striatum
AGTCGGTTGCGTGAGA-1,not_striatum
AGTCGTATAAAGCAGA-1,striatum
AGTCGTCGACCACCAA-1,striatum
AGTCGTGGGCATTACG-1,not_striatum
AGTCTAAAGTATACTC-1,not_striatum
AGTCTGGACATCCTTG-1,not_striatum
AGTCTTCTCCTCAAAT-1,not_striatum
AGTCTTTAAAGTGTCC-1,not_striatum
AGTGAACAAACTTCTC-1,striatum
AGTGACCTACTTTACG-1,not_striatum
AGTGAGACTTCCAGTA-1,not_striatum
AGTGAGCCTCGCCGCC-1,not_striatum
AGTGAGTCGAATTAAC-1,not_striatum
AGTGATAACCTGCGCG-1,striatum
AGTGATATGAGTAGTT-1,not_striatum
AGTGATTCAAGCAGGA-1,not_striatum
AGTGCACGCTTAAGAA-1,striatum
AGTGCGTAGCTCGTAA-1,striatum
AGTGCTAAACACAGCA-1,striatum
AGTGCTTGCACGAATA-1,striatum
AGTGGCCCGCAAATGG-1,not_striatum
AGTGGCGGCAATTTGA-1,not_striatum
AGTGGCGTCTGAAGGT-1,striatum
AGTGGCTCCGTCGGCC-1,not_striatum
AGTGGTTGCGTATAGG-1,not_striatum
AGTGTGCTAAGATCGC-1,not_striatum
AGTGTGGTCTATTGTG-1,striatum
AGTTAAACACTTGCGA-1,striatum
AGTTAAGCGGTCCCGG-1,not_striatum
AGTTACCCTTAAGACT-1,not_striatum
AGTTACCGCACATGGT-1,striatum
AGTTCACCGGTTGGAC-1,not_striatum
AGTTCCTACAGAATTA-1,striatum
AGTTCCTATTTATGTT-1,not_striatum
AGTTCTGCGTTGTATC-1,not_striatum
AGTTGACATCGGCTGG-1,not_striatum
AGTTGACGGTCCTTGC-1,not_striatum
AGTTGCTGACTGATAT-1,not_striatum
AGTTGGCAAGGCTAGA-1,not_striatum
AGTTTGCACCTGCCTC-1,striatum
AGTTTGGCACGGGTTG-1,striatum
AGTTTGGCCAGACCTA-1,striatum
ATAAACGGACCCGTAA-1,not_striatum
ATAAACGTTGCACCAC-1,striatum
ATAAAGGCTCGGTCGT-1,not_striatum
ATAAATATTAGCAGCT-1,striatum
ATAACGCCGGAGGGTC-1,not_striatum
ATAACGGAGTCCAACG-1,not_striatum
ATAAGGTGGAGAACAT-1,striatum
ATAAGTAGGATTCAGA-1,not_striatum
ATAAGTAGGGCGACTC-1,not_striatum
ATAAGTTACCGCGACG-1,not_striatum
ATAATACCGTTAGCCG-1,not_striatum
ATAATAGCTGTTGAAT-1,not_striatum
ATAATAGTGTAGGGAC-1,not_striatum
ATAATCTTGGAGAACC-1,striatum
ATAATTAGCTAAGTAG-1,not_striatum
ATACAGGCCCTCCAAT-1,striatum
ATACCACGGGCAACTT-1,striatum
ATACCTAACCAAGAAA-1,striatum
ATACGAAGGCTTTCCA-1,not_striatum
ATACGCCGGCGAAACC-1,not_striatum
ATACGGGTTTCGATTG-1,not_striatum
ATACGGTGAAGATGCA-1,not_striatum
ATACGTACTTAGCCAC-1,not_striatum
ATACGTCCACTCCTGT-1,striatum
ATACGTTATGCACGGA-1,striatum
ATACTACCCGTACCAC-1,striatum
ATACTAGCATGACCCT-1,not_striatum
ATACTCTCGCCACTCT-1,not_striatum
ATACTGCCTTACACCG-1,striatum
ATACTTGTTCTCGAGC-1,not_striatum
ATAGACAACGGGACCT-1,not_striatum
ATAGACGAAGAGAAAG-1,striatum
ATAGAGTACTGGGACA-1,striatum
ATAGAGTTATCAACTT-1,not_striatum
ATAGCAACTAGGGAAG-1,striatum
ATAGCCTCAGTACCCA-1,not_striatum
ATAGCTGCTCTTGTTA-1,not_striatum
ATAGGCGGCTATAGAA-1,not_striatum
ATAGGCTAGCTTCGCA-1,not_striatum
ATAGGGATATCCTTGA-1,not_striatum
ATAGGTTGGGCAGATG-1,not_striatum
ATAGTGAAGCGTTCTC-1,not_striatum
ATAGTTCCACCCACTC-1,not_striatum
ATATAAAGCGCTCGTG-1,striatum
ATATAAATGTAGCTGC-1,striatum
ATATAACACGGGCGCA-1,not_striatum
ATATACGCTCGTGACG-1,not_striatum
ATATCAACCTACAGAG-1,not_striatum
ATATCGGTAGGGAGAT-1,not_striatum
ATATCGTTCCTCGAAC-1,striatum
ATATCTCCCTCGTTAA-1,not_striatum
ATATCTTAGGGCCTTC-1,not_striatum
ATATGTCTCCCTAGCC-1,not_striatum
ATATTATCCCGTATTT-1,not_striatum
ATATTCAGTTAAACCT-1,striatum
ATATTCCACATAGTGA-1,striatum
ATATTGCTGTCAAAGT-1,not_striatum
ATATTGGAGAGGCCTT-1,not_striatum
ATATTTAACCCTCAAG-1,not_striatum
ATCAAACACTGTTCCA-1,striatum
ATCAAACGAAGGTTTG-1,striatum
ATCAATCTGGGCTGCA-1,not_striatum
ATCACATTAGAATATC-1,not_striatum
ATCACGTGCTAATTAA-1,striatum
ATCACTTCATCCTCGC-1,not_striatum
ATCAGACGGCACGCCG-1,striatum
ATCAGCCTCATGCTGC-1,striatum
ATCAGGTAGCTGACAG-1,not_striatum
ATCAGTAGGCAGGGAT-1,not_striatum
ATCATAGCCCTATGTA-1,not_striatum
ATCATCCAATATTTGT-1,not_striatum
ATCATGGACTACCGAC-1,not_striatum
ATCCAACGCAGTCATA-1,striatum
ATCCAATGGAGGGTCC-1,striatum
ATCCAATGGTACCGAA-1,not_striatum
ATCCACATCGACAGAA-1,striatum
ATCCAGAGCAACAACC-1,not_striatum
ATCCAGGATTCGTGAA-1,not_striatum
ATCCGGACCAGCCTGA-1,not_striatum
ATCCTACCTAAGCTCT-1,not_striatum
ATCCTGAATCGCTGCG-1,striatum
ATCCTGCGTGGAATGG-1,not_striatum
ATCCTGCTGCAGATAG-1,not_striatum
ATCCTTCTGAAAGAAC-1,not_striatum
ATCGACCCAATACAGA-1,not_striatum
ATCGACTCTTTCCGTT-1,not_striatum
ATCGCACGATTGTTCA-1,not_striatum
ATCGCACGCCGGGAGA-1,not_striatum
ATCGCCAGTCAACATT-1,striatum
ATCGCTTTACGTCTCA-1,not_striatum
ATCGGAGACAGACGGC-1,striatum
ATCGGTTACCTAGTAA-1,not_striatum
ATCGTATTCCGAGAAC-1,not_striatum
ATCGTCCAATCGAGTC-1,not_striatum
ATCGTTAGCTAGCGGA-1,striatum
ATCTAACGTCCCTATG-1,not_striatum
ATCTAATATCCTACGG-1,striatum
ATCTACCATCTGCTCC-1,not_striatum
ATCTCCCACGGAATAT-1,not_striatum
ATCTCCCTGCAATCTA-1,not_striatum
ATCTCGTGAGCGAAAC-1,not_striatum
ATCTGATAGTGTCTTA-1,not_striatum
ATCTGCACCTCTGCGA-1,not_striatum
ATCTGGGCTGTTCTTG-1,striatum
ATCTGGTTAAGACTGT-1,not_striatum
ATCTTATCGCACACCC-1,not_striatum
ATCTTGACCTGCAACG-1,striatum
ATCTTGACTTGTCCAA-1,not_striatum
ATGAAGCCAAGGAGCC-1,not_striatum
ATGAAGTGGACCCAGC-1,not_striatum
ATGACGCCGGCTCTAA-1,not_striatum
ATGACGCGTTCTATCC-1,not_striatum
ATGACTATGCGACATT-1,striatum
ATGAGGAGTGTTAATC-1,striatum
ATGAGGGCAGCGGCTA-1,not_striatum
ATGATCGGGAATAGAC-1,not_striatum
ATGATGCAATGGTACA-1,not_striatum
ATGCACCTTCCTTAAT-1,not_striatum
ATGCACTACCGCATTG-1,striatum
ATGCATGATCCAGGAT-1,not_striatum
ATGCCATTTGCGACCA-1,striatum
ATGCCGGTCTTGCATA-1,not_striatum
ATGCCGGTTGATGGGA-1,not_striatum
ATGCGACAGTCCCATT-1,not_striatum
ATGCGAGTCCCACCAC-1,striatum
ATGCTCAGTGTTGCAT-1,striatum
ATGCTCTGGCGCGGTA-1,striatum
ATGCTTAGGAGTTGAT-1,striatum
ATGGAACCTTTGCACA-1,not_striatum
ATGGAGCAGGCCGTGA-1,not_striatum
ATGGATCCGGCGTCCG-1,not_striatum
ATGGATTGACCAAACG-1,not_striatum
ATGGCAGCCGAGAAAC-1,not_striatum
ATGGCGGAATAGTCGC-1,not_striatum
ATGGGCCTCGGCCTCT-1,striatum
ATGGTCGCGTGGTTTC-1,striatum
ATGTAAGGCTGCTCTT-1,not_striatum
ATGTACATGCGGTGAG-1,not_striatum
ATGTACGATGACGTCG-1,not_striatum
ATGTAGCGCGCGTAGG-1,not_striatum
ATGTCATTTCCCATTG-1,not_striatum
ATGTGAAAGCCTAATG-1,striatum
ATGTGCATCCGACGCA-1,not_striatum
ATGTGGACATCTTGAT-1,not_striatum
ATGTTACGAGCAATAC-1,not_striatum
ATGTTCCTGCCCACCT-1,not_striatum
ATGTTCGTCGACCCAC-1,striatum
ATGTTGATTAGAGACT-1,not_striatum
ATGTTTCGGCCCGGAG-1,not_striatum
ATTAAACATGCGGACC-1,not_striatum
ATTAACACCTGAGATA-1,not_striatum
ATTAATACTACGCGGG-1,not_striatum
ATTAATGAACCAGTCG-1,not_striatum
ATTACATGTCAGTCTT-1,striatum
ATTACCACACTGCCTG-1,not_striatum
ATTACGCGCTGGCAGG-1,striatum
ATTACTAGCCTCTTGC-1,not_striatum
ATTAGATTCCTCAGCA-1,not_striatum
ATTAGATTGATAGCGG-1,not_striatum
ATTAGGCGATGCTTTC-1,not_striatum
ATTATACTTTGCTCGT-1,not_striatum
ATTATAGCTACTTTAC-1,not_striatum
ATTATGCCATAGGGAG-1,not_striatum
ATTATTCAGAGTCACT-1,not_striatum
ATTCAAAGTACCTGTT-1,not_striatum
ATTCAACCATTTAAGG-1,striatum
ATTCACTGATGTTGGA-1,striatum
ATTCAGTAGCAGGGTC-1,striatum
ATTCATATACTGTCCA-1,not_striatum
ATTCATCGTTGAGGCA-1,striatum
ATTCCCACATAAACAA-1,striatum
ATTCCTCCGCCAGTGC-1,striatum
ATTCCTTCCAGGCGGT-1,not_striatum
ATTCGACGCCGGGCCT-1,striatum
ATTCGCGCCTTGAGAG-1,not_striatum
ATTCGTGCTATCTCTT-1,not_striatum
ATTCTCGTCTCTTTAG-1,not_striatum
ATTGAAGATCTTAGTG-1,striatum
ATTGATAGCAACGAGA-1,not_striatum
ATTGATGAGTCCTAAC-1,not_striatum
ATTGCCTTTATGTTTG-1,striatum
ATTGCGATCAGTAACT-1,striatum
ATTGCTGCTCCTCCAT-1,striatum
ATTGGATTACAGCGTA-1,striatum
ATTGGGAATATCTTGG-1,not_striatum
ATTGGTAGGATCCGCT-1,not_striatum
ATTGGTTGTGCATTAC-1,not_striatum
ATTGTACAACTCGGCT-1,not_striatum
ATTGTTCAACGATCCG-1,not_striatum
ATTTAACTCGTATTAC-1,not_striatum
ATTTACAGTTTACTGG-1,striatum
ATTTACTAAGTCCATT-1,not_striatum
ATTTCCGGGTTCTGCG-1,not_striatum
ATTTGCGCGAGTAGCT-1,not_striatum
ATTTGTCTTGGGAGCT-1,striatum
ATTTGTTCCAGGGCTC-1,not_striatum
CAAACCAGGTCTGCAT-1,not_striatum
CAAACGAGTATCGCAG-1,not_striatum
CAAACGGTCGCACTTT-1,striatum
CAAACTCGCGACGCCG-1,not_striatum
CAAAGGTCATCTGAAA-1,not_striatum
CAAAGTCAGGTTAGCT-1,not_striatum
CAAATCTCTCACAAGG-1,striatum
CAAATGTCCTTCCGTG-1,not_striatum
CAACACATCTCCTGCC-1,not_striatum
CAACATGGCCTGATAA-1,not_striatum
CAACCAGTGGCCTACC-1,not_striatum
CAACCGCACCTAGACA-1,not_striatum
CAACCTACCGAGCAGT-1,striatum
CAACGACCCGTTTACA-1,not_striatum
CAACGGTTCTTGATAC-1,not_striatum
CAACGTGGTGGAGTCT-1,striatum
CAACTCCTTGATCCCG-1,not_striatum
CAACTGCTCATCCGAT-1,not_striatum
CAACTTGTAGTGGGCA-1,not_striatum
CAAGACTCAGAAGCGC-1,not_striatum
CAAGAGGGCGGAGTAC-1,not_striatum
CAAGATATTATAACGT-1,striatum
CAAGCAACGTCGGAGT-1,striatum
CAAGCACCAAATGCCT-1,not_striatum
CAAGCGGCACATAATT-1,striatum
CAAGGATCGCATGTTC-1,not_striatum
CAAGGCCAGTGGTGCA-1,not_striatum
CAAGGTCCTATAGGCT-1,not_striatum
CAAGTGTGGTTGCAAA-1,striatum
CAATAAACCTTGGCCC-1,not_striatum
CAATACGAGAGTCTGA-1,not_striatum
CAATACGCTCTGAGGC-1,not_striatum
CAATATTCTTGACCTA-1,not_striatum
CAATATTGGACTAGTG-1,not_striatum
CAATCCTGCCGTGGAG-1,not_striatum
CAATGAGGTTCGACTA-1,not_striatum
CAATGCGAGAAGTATC-1,striatum
CAATGGATCTCTACCA-1,not_striatum
CAATGTGCCAACCCTT-1,not_striatum
CAATTAAGGGTGATGA-1,not_striatum
CAATTTCGTATAAGGG-1,not_striatum
CAATTTGACCGGGAAG-1,not_striatum
CACAAACCGCAGAACT-1,not_striatum
CACAATGAGCTGCTAT-1,not_striatum
CACACACGCTAACGAG-1,striatum
CACACAGCTTGCGCTC-1,not_striatum
CACACAGGGATAGATT-1,striatum
CACACGCGCTGTCTTA-1,not_striatum
CACAGCACCCACGGCA-1,not_striatum
CACAGCTAGGGAGTGA-1,not_striatum
CACAGGGCCATATAGT-1,striatum
CACAGGGCCGTTGTCA-1,not_striatum
CACAGTCCCGCTTCGC-1,not_striatum
CACAGTTCGCTTCCCA-1,not_striatum
CACATATTAGCAGGAT-1,not_striatum
CACATCTCACCGACGA-1,not_striatum
CACATGATTCAGCAAC-1,not_striatum
CACATGTTTGGACATG-1,not_striatum
CACATTTCTTGTCAGA-1,not_striatum
CACCACGCCACACAGA-1,not_striatum
CACCCAAATCTTATGT-1,not_striatum
CACCCACACGTCACCC-1,not_striatum
CACCCACGAGGCAATT-1,not_striatum
CACCCGGTTTGTGACT-1,not_striatum
CACCCTAACAAGATCT-1,striatum
CACCCTTTCCTCGCTC-1,not_striatum
CACCGCCAGAAGGTTT-1,not_striatum
CACCGGGCATCACAAG-1,not_striatum
CACCGTATCCCATCCG-1,striatum
CACCGTTAGGGATCAC-1,not_striatum
CACCGTTGCGCGATAT-1,striatum
CACCTAATAGAGTCGT-1,not_striatum
CACCTAATCAGTTTAC-1,not_striatum
CACCTCGATGGTGGAC-1,not_striatum
CACCTTGCGAAACTCG-1,not_striatum
CACCTTGGCGCCTTTG-1,striatum
CACGAAAGTTAGTCCC-1,striatum
CACGCACAGCGCAGCT-1,not_striatum
CACGCAGCGAGGCTTT-1,striatum
CACGCGGAACTGTTGC-1,striatum
CACGGGATTGAGGGTT-1,not_striatum
CACGTCAATCAATGGA-1,not_striatum
CACGTCGGCAACCTCT-1,striatum
CACGTCGGGTTCTAGA-1,not_striatum
CACGTTCGTGCTCTAG-1,not_striatum
CACGTTTCGTACACAC-1,striatum
CACTAAAGTTGCCTAT-1,not_striatum
CACTACGGGAGCTGCC-1,striatum
CACTCAAGAGCTATGG-1,not_striatum
CACTCGAGCTGAACAA-1,striatum
CACTCGGTTAGGAGGA-1,not_striatum
CACTCTTCTGCTAGCC-1,striatum
CACTGTCCAAGTGAGA-1,not_striatum
CACTTAATCAGACGGA-1,striatum
CACTTCGCCACAGGCT-1,striatum
CACTTCGTCTTATCTC-1,not_striatum
CAGAACTTAGCCCTCT-1,striatum
CAGAATAACACACGGA-1,striatum
CAGAATATTCGTTATC-1,not_striatum
CAGACACCGATCGCTG-1,not_striatum
CAGACCTGTAAGTGTT-1,not_striatum
CAGACGAACCTGATAC-1,not_striatum
CAGAGACGGTCACCCA-1,not_striatum
CAGAGCATGAGCTTGC-1,not_striatum
CAGAGGCGATGCATGA-1,not_striatum
CAGATAATGGGCGGGT-1,not_striatum
CAGATACTAACATAGT-1,striatum
CAGCAGCCCGTTCCTT-1,not_striatum
CAGCAGTCCAGACTAT-1,striatum
CAGCAGTCTGTGCTGC-1,striatum
CAGCCTCCTGCAGAGG-1,not_striatum
CAGCCTCGATAGCGGT-1,not_striatum
CAGCGATTCCCTTCAA-1,not_striatum
CAGCGCCAACACGATA-1,not_striatum
CAGCTCACTGAGACAT-1,not_striatum
CAGCTCGACAAGTTAA-1,not_striatum
CAGCTCGTGCTTGTGT-1,not_striatum
CAGCTTAGTAGGTAGC-1,striatum
CAGGACAGCTGCCCTT-1,not_striatum
CAGGATATATCGTTGT-1,not_striatum
CAGGCAGTCTTACCAG-1,not_striatum
CAGGCCGTTTGGGTGT-1,striatum
CAGGCGCCATGCTAGG-1,striatum
CAGTAATCCCTCCCAG-1,striatum
CAGTAGATGATGTCCG-1,not_striatum
CAGTAGCCCACGCGGT-1,not_striatum
CAGTAGCGAGGTAGTA-1,not_striatum
CAGTCGAGGATGCAAT-1,not_striatum
CAGTCTCTCGGCTAAT-1,not_striatum
CAGTCTGTATACTGGG-1,not_striatum
CAGTGAATAAATGACT-1,not_striatum
CAGTGGTTGCACATGA-1,not_striatum
CAGTGTCCGCAGAATG-1,not_striatum
CAGTGTCGGCTGGCCC-1,striatum
CAGTTCAAATTGACAC-1,striatum
CAGTTCCGCGGGTCGA-1,striatum
CATAACGGACAGTCGT-1,not_striatum
CATAAGAAGCTTGGCT-1,striatum
CATAAGCTCTCCGTCT-1,not_striatum
CATAATGAGCGGGCGA-1,not_striatum
CATACAAAGCCGAACC-1,not_striatum
CATACACGGTTCCCAC-1,not_striatum
CATACCCGTACCCAGT-1,striatum
CATACGGCGTCTGGGC-1,not_striatum
CATACGGGTGCATGAT-1,not_striatum
CATACTATGTAATTGT-1,not_striatum
CATACTTAGGCAATAC-1,not_striatum
CATAGAGGAGATACTA-1,not_striatum
CATAGCCGCCCGGGAT-1,striatum
CATAGCGTTGCCCACC-1,not_striatum
CATAGTAGCATAGTAG-1,not_striatum
CATAGTCAAATACATA-1,not_striatum
CATAGTCCACAAGAAC-1,striatum
CATATAGGTACAGTCA-1,not_striatum
CATATGTCAGGCTACG-1,striatum
CATCAACACCTACTAA-1,not_striatum
CATCATTACCCTGAGG-1,striatum
CATCCCGAGATTCATA-1,not_striatum
CATCCGCAGGCCCGAA-1,not_striatum
CATCCTCTCAAAGATC-1,striatum
CATCGAATGGATCTCT-1,not_striatum
CATCGCCCGCGGCCAA-1,not_striatum
CATCGGACGGGTTAAT-1,not_striatum
CATCGTCCGGTTACTA-1,not_striatum
CATCTAGTGAAGGGAA-1,not_striatum
CATCTGCAGGATCATT-1,not_striatum
CATCTTACACCACCTC-1,not_striatum
CATGAACCGACATTTG-1,not_striatum
CATGACTTCGCTGAAT-1,not_striatum
CATGAGATGCACTCTC-1,striatum
CATGATCGCTTTGAGA-1,not_striatum
CATGATGCACAATTCT-1,not_striatum
CATGATGGAAGTTAGC-1,striatum
CATGCCAACTCGCAAA-1,striatum
CATGCGACCAGTTTAA-1,not_striatum
CATGGATTGTCTTCCG-1,striatum
CATGGCAGGAAGATCG-1,not_striatum
CATGGCTCCCTATGTC-1,not_striatum
CATGGGTATGCCTTAT-1,striatum
CATGGGTCGGGTGTGG-1,not_striatum
CATGGTAAGTAGCGTT-1,not_striatum
CATGGTCTAGATACCG-1,not_striatum
CATGGTTTATTAATCA-1,not_striatum
CATGTAAGAGACATTT-1,striatum
CATGTCTCATTTATGG-1,striatum
CATTACATAGATTGTG-1,not_striatum
CATTACGCAGGAAGGG-1,not_striatum
CATTACGTCGGCCCGT-1,not_striatum
CATTATGCTTGTTGTG-1,not_striatum
CATTCAGGTCAGTGCG-1,not_striatum
CATTCCCATTCCGTCG-1,not_striatum
CATTCCCTAAGTACAA-1,not_striatum
CATTCGTCGTAGCGGT-1,not_striatum
CATTGCGAAATGGGCG-1,not_striatum
CATTGTGTGCTAGATC-1,not_striatum
CATTTAGCGGACCATG-1,not_striatum
CATTTCTAGCAGACTA-1,not_striatum
CATTTGAGTGGTACGT-1,not_striatum
CCAAACAGAACCCTCG-1,not_striatum
CCAAAGCAGTTGGTTG-1,not_striatum
CCAAAGTCCCGCTAAC-1,not_striatum
CCAAATAACAAGATTC-1,striatum
CCAACGATGCACTGAT-1,striatum
CCAACTTGATAGATCC-1,not_striatum
CCAAGAAAGTGGGCGA-1,not_striatum
CCAAGACTTCTGCGAA-1,not_striatum
CCAAGCGTAACTCGTA-1,not_striatum
CCAAGGAACAGAGAGG-1,not_striatum
CCAAGGTTGCCCTTTC-1,not_striatum
CCAAGTTTCTACAGAT-1,not_striatum
CCAATAGATTTCATCT-1,not_striatum
CCAATAGTGCCGTCGA-1,striatum
CCAATGTCACAGCAAG-1,not_striatum
CCAATTGAATGTTAAT-1,not_striatum
CCACAATGTACGTCTT-1,not_striatum
CCACACTGAGATATTA-1,not_striatum
CCACAGCTGAAATCAT-1,not_striatum
CCACAGTACCCATCCT-1,striatum
CCACATACTGCACCCA-1,not_striatum
CCACCAACTTTACTGT-1,not_striatum
CCACCCAAGGAAAGTG-1,not_striatum
CCACCTGTATGGAATA-1,not_striatum
CCACGAATTTAACCTC-1,not_striatum
CCACGAGAAGAGAATC-1,not_striatum
CCACGGAGCCATAAGA-1,striatum
CCACGGTGCCCGGTAG-1,not_striatum
CCACGTAAATTAGACT-1,not_striatum
CCACTAAACTGAATCG-1,not_striatum
CCACTATCCGGGTCAC-1,not_striatum
CCACTGGTGGCTGGTT-1,striatum
CCACTGTTTGGATTAA-1,striatum
CCAGAAACTGATGCGA-1,not_striatum
CCAGAAAGCAACTCAT-1,striatum
CCAGAGACAAAGCCGG-1,striatum
CCAGATAGTTGAGTGA-1,not_striatum
CCAGCCTGGACCAATA-1,not_striatum
CCAGCGGGATCACCAG-1,not_striatum
CCAGCTACGCCTCATA-1,not_striatum
CCAGCTCGAACGCATT-1,striatum
CCAGCTGATGGTACTT-1,striatum
CCAGCTTCCGCCCGCA-1,striatum
CCAGGCTGGCGTCTGA-1,not_striatum
CCAGGGACGTGGCCTC-1,not_striatum
CCAGTAGTCTGATCCA-1,not_striatum
CCAGTCAAATCTCTTA-1,not_striatum
CCAGTCCATTATTCGA-1,not_striatum
CCAGTCTAGACGGCGC-1,not_striatum
CCAGTCTTGTCATAGA-1,striatum
CCAGTTCGGTAACTCA-1,not_striatum
CCATACCTTTACTTGT-1,not_striatum
CCATACTCGCCTCTCC-1,not_striatum
CCATAGGTTGGCGTGG-1,not_striatum
CCATAGTCAGTAACCC-1,not_striatum
CCATATGGAAACTATA-1,striatum
CCATATTGGATCATGA-1,not_striatum
CCATCCATACCAAGTC-1,not_striatum
CCATCGCAGTTAAACT-1,not_striatum
CCATCTCACCAGTGAA-1,not_striatum
CCATCTTGTTCACAAT-1,not_striatum
CCATGCCCTAGATTTC-1,striatum
CCATGCCTGTTTAGTA-1,not_striatum
CCATGCTCTGCAGGAA-1,not_striatum
CCATGGCCCTTGTACC-1,striatum
CCATTAGCGATAATCC-1,striatum
CCATTCCCTGCCCACA-1,striatum
CCATTGTTTCCTCCAT-1,not_striatum
CCATTTCTACCTATTA-1,striatum
CCCAAACATGCTGCTC-1,not_striatum
CCCAACATACGTCGCG-1,striatum
CCCAAGTCATTACACT-1,not_striatum
CCCAATTTCACAACTT-1,striatum
CCCAGGTCTGAAGGCT-1,striatum
CCCAGTTAAGGCGCCG-1,striatum
CCCATATAGGTCGATT-1,not_striatum
CCCGACCATAGTCCGC-1,not_striatum
CCCGAGTTTCTCCGTA-1,striatum
CCCGATAGCCTCGCCT-1,not_striatum
CCCGCAGCGCGAACTA-1,not_striatum
CCCGCCATGCTCCCGT-1,not_striatum
CCCGCGCAATGCACCC-1,not_striatum
CCCGGCTAGGTGAGAA-1,not_striatum
CCCGGTGGAAGAACCT-1,striatum
CCCGTAAGTCTAGGCC-1,striatum
CCCGTCAGCGTCTGAC-1,not_striatum
CCCGTTTCGCAGATGT-1,striatum
CCCTACTTGAACAATG-1,not_striatum
CCCTAGTGTCAGGTGT-1,not_striatum
CCCTCAAGCTCTTAGT-1,not_striatum
CCCTCATTCTGGAATT-1,not_striatum
CCCTCCTCGCTCGTAT-1,striatum
CCCTGAAATGAGTTGA-1,striatum
CCCTGACTAACAAATT-1,not_striatum
CCCTGATGTAACTCGT-1,not_striatum
CCCTGCCCAATCCGCT-1,striatum
CCCTGCGCTACGCATA-1,striatum
CCCTGTTGGCAAAGAC-1,not_striatum
CCCTTTAATGGAGTTC-1,not_striatum
CCCTTTGACAGGTCTT-1,not_striatum
CCGAAAGTGGTGAGCA-1,not_striatum
CCGAACACTGGGCCTC-1,not_striatum
CCGAACCTTCCCGGCC-1,not_striatum
CCGAAGTATATTGTTC-1,striatum
CCGACAAACACATGAG-1,not_striatum
CCGACAAAGGGAGTGC-1,striatum
CCGACAATAGGCCGCC-1,striatum
CCGAGAAGTCGCATAA-1,not_striatum
CCGATATGACGTAAGG-1,not_striatum
CCGATCTCAACCTTAT-1,not_striatum
CCGATTCGAGGGACCC-1,striatum
CCGCACAAAGACCAAC-1,not_striatum
CCGCACACGAACGTGT-1,not_striatum
CCGCACGTGACCTCGG-1,striatum
CCGCACTTGCAATGAC-1,not_striatum
CCGCATGTGGTACGAT-1,striatum
CCGCCGTTGAGGATAA-1,not_striatum
CCGCCTTGCGATGTCG-1,not_striatum
CCGCGATTTGGTAGGT-1,not_striatum
CCGCGGAATGCGTCAC-1,not_striatum
CCGCGGGTACGAAGAA-1,striatum
CCGCGTAGGTAAGGGC-1,striatum
CCGCTATCAGCACCAG-1,not_striatum
CCGCTCTTCCGAACTA-1,striatum
CCGCTTACCTCACTCT-1,striatum
CCGCTTGCTGACATGG-1,not_striatum
CCGGAAGTTATCAGTC-1,not_striatum
CCGGAATGGTTTCAGT-1,striatum
CCGGAGCGTACTTTCT-1,not_striatum
CCGGCACGACCGTTTC-1,not_striatum
CCGGGACCCGCAGAGA-1,not_striatum
CCGGGCGGTCTCGTCA-1,not_striatum
CCGGGCTGCTCCATAC-1,not_striatum
CCGGGTTCGAGGTTAC-1,striatum
CCGGTAATGGCTAGTC-1,not_striatum
CCGGTGCGAGTGATAG-1,not_striatum
CCGGTTTGTAATTGTG-1,not_striatum
CCGTAAGTTGGTCCCA-1,not_striatum
CCGTACCCAAGCGCCA-1,not_striatum
CCGTAGGAAATCCCTG-1,striatum
CCGTAGGGTTGTTTAC-1,striatum
CCGTGAGGCATTCATG-1,not_striatum
CCGTGCCCATGACGGC-1,not_striatum
CCGTGGAACGATCCAA-1,not_striatum
CCGTGTTAAATTCCAT-1,striatum
CCGTTACGTTAGAACA-1,not_striatum
CCGTTCCGAATCTCGG-1,striatum
CCTAAATTAACGGTTC-1,not_striatum
CCTAAATTGTATCCTA-1,striatum
CCTAACCCAAACAAGT-1,striatum
CCTAAGTGTCTAACCG-1,not_striatum
CCTACATTCACAGACG-1,striatum
CCTACGGCTCAGTCGA-1,not_striatum
CCTACTCAACACGATT-1,not_striatum
CCTACTGCTTACACTT-1,striatum
CCTAGGCGTAGCGATC-1,not_striatum
CCTATAATGAGTGCCC-1,striatum
CCTATACCGTCCTGTC-1,not_striatum
CCTATCTATATCGGAA-1,not_striatum
CCTATGAAGTGGTGCC-1,not_striatum
CCTATGGGTTACCGTC-1,not_striatum
CCTATGTCCACTCCAC-1,striatum
CCTCACCAATCTTGAC-1,not_striatum
CCTCACCTGAGGGAGC-1,not_striatum
CCTCACCTTAGCATCG-1,not_striatum
CCTCACGTCAGCTAAT-1,not_striatum
CCTCATGCAGCTACGA-1,not_striatum
CCTCCGACAATTCAAG-1,striatum
CCTCCTGAGCCCACAT-1,not_striatum
CCTCCTGTTGTGTCGT-1,striatum
CCTCGCCAGCAAATTA-1,not_striatum
CCTCGCGCTGTGCGAT-1,striatum
CCTCGGACCGGGATAG-1,striatum
CCTCGGATGCTACCTG-1,not_striatum
CCTCTAATCTGCCAAG-1,not_striatum
CCTCTCTCCCATCTAG-1,striatum
CCTCTGGCCTAGACGG-1,not_striatum
CCTCTGTACTATTCTA-1,striatum
CCTGAACGATATATTC-1,striatum
CCTGAATATTTACATA-1,not_striatum
CCTGACAAACTCGCGC-1,not_striatum
CCTGACCACCGATGGT-1,not_striatum
CCTGCCCGTTGTCTAG-1,not_striatum
CCTGCGATAGAACTGT-1,not_striatum
CCTGCGTTCTACGCTT-1,striatum
CCTGCTATTTGAGAAG-1,not_striatum
CCTGGAAACGTTCTGC-1,not_striatum
CCTGGCTAGACCCGCC-1,striatum
CCTGGTCGAATGTGGG-1,striatum
CCTGTAAGACATGATA-1,striatum
CCTGTACTCACGCCCA-1,striatum
CCTGTCACCCGGGCTC-1,not_striatum
CCTGTCCCTCACGTTA-1,not_striatum
CCTGTCGCCCGTAAAT-1,not_striatum
CCTGTGAAACCGTAAC-1,not_striatum
CCTGTGCATAGGAGAC-1,not_striatum
CCTGTTTGAAGACACG-1,striatum
CCTTCTCAGCGTTCCT-1,not_striatum
CCTTCTTGATCCAGTG-1,not_striatum
CCTTGACCACTTTATT-1,striatum
CCTTTAAGGGAGCACT-1,not_striatum
CCTTTCAATGAAGAAA-1,not_striatum
CGAAACGCAATTCATG-1,not_striatum
CGAACAGTATGGGCGT-1,striatum
CGAACCCGCATGCGTC-1,not_striatum
CGAAGACGGTGAGTGC-1,not_striatum
CGAAGTTGCTCTGTGT-1,striatum
CGAATGACGCATAATG-1,not_striatum
CGACAATTTGATCTAA-1,striatum
CGACACGCTCCGACAG-1,striatum
CGACAGTTCGCGTTAT-1,striatum
CGACTCAGGATGTTAT-1,not_striatum
CGACTTTGTATAGCCT-1,not_striatum
CGAGACCCTAGAGTGT-1,not_striatum
CGAGACTACTGCTGCT-1,not_striatum
CGAGAGATGTGAACCT-1,not_striatum
CGAGAGCTTTCACTAC-1,striatum
CGAGAGGGTAGCCGCG-1,striatum
CGAGATTTCGCTCGGG-1,not_striatum
CGAGCACTTCAAGTTT-1,striatum
CGAGCCGAGCACTCGA-1,not_striatum
CGAGCGTTGATCAGCC-1,not_striatum
CGAGCTGGGCTTTAGG-1,not_striatum
CGAGGATCGGGAACGA-1,not_striatum
CGAGGCCAGGCATTGG-1,not_striatum
CGAGGCTAAATATGGC-1,not_striatum
CGAGGGTATCCAGGTG-1,not_striatum
CGAGTACTAAAGAGGA-1,striatum
CGAGTGCTATAGTTCG-1,not_striatum
CGAGTTCTGTCCCACC-1,not_striatum
CGAGTTTATCGGACTG-1,not_striatum
CGATAATACTCAGGTT-1,not_striatum
CGATACCTCGCGGACA-1,not_striatum
CGATAGTCGTACTGCA-1,not_striatum
CGATATTAGCCGCAGG-1,not_striatum
CGATCCGACCCAGTGC-1,not_striatum
CGATCTGTTGGAGGAC-1,striatum
CGATTAAATATCTCCT-1,striatum
CGATTCGCCTGGCTGC-1,striatum
CGCAAACACGAGTTAC-1,striatum
CGCAATCGATCATTAG-1,not_striatum
CGCAATTACTTTCGGT-1,striatum
CGCAATTAGGGTAATA-1,striatum
CGCAATTCTACAATAA-1,striatum
CGCACATGTCCACTAC-1,striatum
CGCACGTGCGCTATCA-1,not_striatum
CGCAGATCTTCACCCG-1,not_striatum
CGCAGGCGATCCAAAC-1,striatum
CGCATCCATCAGCCAG-1,not_striatum
CGCATGCCGAATGCGT-1,not_striatum
CGCATGGTGCGATGCT-1,not_striatum
CGCATTAGCTAATAGG-1,not_striatum
CGCCAAGAAGCCGAGT-1,not_striatum
CGCCAATTATTGCGTT-1,not_striatum
CGCCACCCGCATTAAC-1,not_striatum
CGCCATCCGATTATGA-1,not_striatum
CGCCCAGCACGCCTAG-1,not_striatum
CGCCCAGCGTTTCACG-1,not_striatum
CGCCCGCTTCCGTACA-1,not_striatum
CGCCCTTGAAGGCTGA-1,striatum
CGCCGACTATTCGCTA-1,not_striatum
CGCCGCCCATGCCTGT-1,striatum
CGCCGTCTACCCATCG-1,not_striatum
CGCCGTTCAGCATAGT-1,striatum
CGCCTCCCTCCTCTAT-1,not_striatum
CGCCTGGCCTACGTAA-1,striatum
CGCCTTTAGCATGCTC-1,not_striatum
CGCGAAGTGGCATACT-1,striatum
CGCGACACTGCGCAGC-1,not_striatum
CGCGACCGCGACAGAT-1,striatum
CGCGCAAGGAACTACA-1,not_striatum
CGCGCATGTTTGATTG-1,not_striatum
CGCGCCCGACTTAATA-1,not_striatum
CGCGGCAGTATTACGG-1,not_striatum
CGCGGCTCAACTTGAA-1,striatum
CGCGGGAATTAGGCAG-1,not_striatum
CGCGGGAATTCCTTTC-1,not_striatum
CGCGGTAAGTCTAGCT-1,not_striatum
CGCGGTACGGTATACA-1,not_striatum
CGCGTTCATGAAATAC-1,not_striatum
CGCTACGGGACATTTA-1,not_striatum
CGCTAGAGACCGCTGC-1,not_striatum
CGCTATACCGCCCACT-1,not_striatum
CGCTATTCAATGTATG-1,not_striatum
CGCTATTCTTAGGCTC-1,not_striatum
CGCTCGACATAATGAT-1,not_striatum
CGCTCTCCGTAGATTA-1,striatum
CGCTGAGGACGTCCAA-1,not_striatum
CGCTGGTGACTACCCT-1,striatum
CGCTGTGACGCCGCAC-1,striatum
CGCTTATTCCCGGTCG-1,striatum
CGCTTCCACTGAAATC-1,not_striatum
CGCTTCGGTCTAAGAC-1,not_striatum
CGCTTGGACGGATAGA-1,not_striatum
CGCTTTCATACCGGTG-1,not_striatum
CGCTTTCTTGCATTCG-1,not_striatum
CGGAAAGAATCAAACG-1,not_striatum
CGGAAAGCAAATGTGC-1,not_striatum
CGGAACGTAAACATAG-1,striatum
CGGACGTTACTTGAAG-1,not_striatum
CGGAGCAATTTAATCG-1,striatum
CGGAGCATGGCGATCC-1,not_striatum
CGGAGTTTGAGAGACA-1,striatum
CGGATAAGCGGACATG-1,not_striatum
CGGATCCTCAAGGACT-1,striatum
CGGCAAACATCGTGCG-1,striatum
CGGCAATAAGATCGCC-1,striatum
CGGCACTCAAGAAAGT-1,not_striatum
CGGCAGGGTCGGGTTG-1,not_striatum
CGGCCACGCACAAAGT-1,not_striatum
CGGCCCAACCTGTAGT-1,not_striatum
CGGCCCAGGTATATCC-1,striatum
CGGCGCCATCAATCCC-1,striatum
CGGCTCTAAAGCTGCA-1,not_striatum
CGGGAATATAGTATAC-1,striatum
CGGGAATTTATGTAAA-1,not_striatum
CGGGAGCTTCAGTGTA-1,striatum
CGGGAGTATACCGCCG-1,not_striatum
CGGGATCAATGTAAGA-1,not_striatum
CGGGCAGCTAAACCGC-1,not_striatum
CGGGCCATAGCCGCAC-1,not_striatum
CGGGCCTTCTTTGTAA-1,not_striatum
CGGGCGATGGATCACG-1,not_striatum
CGGGTGTACCCATTTA-1,not_striatum
CGGGTTGTAGCTTTGG-1,not_striatum
CGGGTTTGTTAGGGCT-1,not_striatum
CGGTACTAGAATCAAA-1,striatum
CGGTAGAGGTGCAGGT-1,not_striatum
CGGTCAAGTGGGAACC-1,not_striatum
CGGTCAGTCCATATTT-1,not_striatum
CGGTCTATCAACCCGT-1,not_striatum
CGGTGAAGACTAAAGT-1,striatum
CGGTGCAGATAGAACG-1,not_striatum
CGGTGCGCGTTGGTCC-1,striatum
CGGTGTACTTGATCCC-1,not_striatum
CGGTTATCCAACAGTG-1,not_striatum
CGGTTCCGGCTTCTTG-1,not_striatum
CGGTTGACCTGGCATA-1,striatum
CGTAAACGCTTGAGTG-1,not_striatum
CGTAATAATTACGAGT-1,not_striatum
CGTACCGAAAGTCTAG-1,not_striatum
CGTACCTGATAGGCCT-1,not_striatum
CGTAGAGAGTAATTAT-1,not_striatum
CGTATCTAGAACTAAG-1,not_striatum
CGTCAAGGCTATAAAT-1,striatum
CGTCAATCTTTAACAT-1,not_striatum
CGTCACGTCCATTGGT-1,not_striatum
CGTCAGCTATTTACTC-1,not_striatum
CGTCAGTGCGCACAAG-1,not_striatum
CGTCATACCATATCCA-1,not_striatum
CGTCCAGATGGCTCCA-1,not_striatum
CGTCCTCATCGCGTGC-1,not_striatum
CGTCGCATGTGAGCCA-1,striatum
CGTCGCGGCGGGATTT-1,not_striatum
CGTCGGATAGTGTTGA-1,not_striatum
CGTCGTCCTTCGCGAA-1,not_striatum
CGTCTGGAAGGGCCCG-1,not_striatum
CGTCTTGAGTGTGACG-1,not_striatum
CGTGAAGTTAATTCAC-1,not_striatum
CGTGCACACCACTGTA-1,not_striatum
CGTGCAGACTGGGACA-1,not_striatum
CGTGCATTGTCGACGC-1,striatum
CGTGCCCTCCCGAAGA-1,striatum
CGTGCTGGCCTAGTCG-1,not_striatum
CGTGGAAGCCTCGTAC-1,not_striatum
CGTGGCCGAATATCTA-1,striatum
CGTGTATGGGAGCTGA-1,not_striatum
CGTGTCCCATTCGCGA-1,striatum
CGTGTGTTAAACCCTG-1,not_striatum
CGTTAAACTAGTTAGG-1,striatum
CGTTAATGTCCCGACG-1,striatum
CGTTGAATACCGCGCT-1,not_striatum
CGTTGAGCGACCGTCG-1,not_striatum
CGTTGTAAACGTCAGG-1,not_striatum
CGTTGTAAGATTGATT-1,not_striatum
CGTTGTCGGCAATTGA-1,not_striatum
CGTTGTTTCAATTCCC-1,striatum
CGTTTCGCTCATTACA-1,not_striatum
CGTTTGGTGTTGTGGG-1,not_striatum
CGTTTGTGTAGAGGGT-1,not_striatum
CTAAACGGGTGTAATC-1,not_striatum
CTAAAGAATGCCTACT-1,striatum
CTAAAGGGAAATAGGA-1,not_striatum
CTAAAGTCCGAAGCTA-1,not_striatum
CTAAATCCTATTCCGG-1,not_striatum
CTAACCGCGCGCCCGT-1,striatum
CTAACGAAACTTGCTG-1,not_striatum
CTAACTGATAATCGCC-1,striatum
CTAACTGGTCCGGTTC-1,striatum
CTAAGGGAATGATTGG-1,not_striatum
CTAATTCGCACGCGCT-1,striatum
CTAATTCTCAGATATT-1,not_striatum
CTAATTTCAACAACAC-1,striatum
CTACACTAGCTTGTTC-1,not_striatum
CTACACTCGCAGATGG-1,striatum
CTACCCTAAGGTCATA-1,not_striatum
CTACGACTAGCTATAA-1,striatum
CTACGCACGGAGTACC-1,not_striatum
CTACGTGTTGCCACCA-1,not_striatum
CTACTATCTTTCAGAG-1,not_striatum
CTACTCTAGGCCCGGC-1,striatum
CTACTGCCACCTGACC-1,not_striatum
CTAGATAAACTCCTCG-1,not_striatum
CTAGATGTGAGTGTAA-1,not_striatum
CTAGATTTACGACGGC-1,not_striatum
CTAGCAACTAATTTAC-1,not_striatum
CTAGCATAGTATAATG-1,not_striatum
CTAGCCACAGGCGAGC-1,not_striatum
CTAGCTTAATGGTCCC-1,not_striatum
CTAGGCGCCCTATCAG-1,striatum
CTAGGCGGCAGAGAAT-1,not_striatum
CTAGGTCTGAAGGAAT-1,not_striatum
CTAGGTTCGGACGTGA-1,striatum
CTAGTAGAAAGGGATT-1,striatum
CTAGTCACGTCTTAAG-1,not_striatum
CTAGTGAAGGACAGGA-1,striatum
CTAGTTACAACCCGGT-1,striatum
CTAGTTGGGCCCGGTA-1,not_striatum
CTATAAGAGCCAATCG-1,not_striatum
CTATCGACGAAATACA-1,striatum
CTATCGCGTAGAGAAC-1,not_striatum
CTATCGGGTCTCAACA-1,not_striatum
CTATGCCCGAATGCAA-1,not_striatum
CTATGGGAAGCGGAAT-1,striatum
CTATGTCACTAGCCCA-1,not_striatum
CTATGTGAGTCACGGC-1,not_striatum
CTATTCATGTGTCCCA-1,striatum
CTATTTGGTTACGGAT-1,not_striatum
CTCAACTAACCCGGAT-1,striatum
CTCACATTTACTAAAT-1,striatum
CTCACCAGTACAAGTG-1,not_striatum
CTCACTGTGATACTTA-1,striatum
CTCACTTGGCTGGTAA-1,striatum
CTCAGGACTCACCTGT-1,not_striatum
CTCAGTCACGACAAAT-1,not_striatum
CTCATGGTAATTTGCG-1,not_striatum
CTCATTCGTGAACATC-1,not_striatum
CTCATTGCTCTAACAA-1,striatum
CTCATTTGATGGGCGG-1,not_striatum
CTCCCAATGAGTCGCG-1,not_striatum
CTCCGCCCACATGAGG-1,striatum
CTCCGGCCTAATATGC-1,not_striatum
CTCCGGCTTGTAGACA-1,not_striatum
CTCCTAAGTTATGTCT-1,not_striatum
CTCCTGTTCAAGGCAG-1,not_striatum
CTCGAGATCCAAAGCA-1,not_striatum
CTCGAGGTCGAACAGT-1,not_striatum
CTCGCACCTATATAGT-1,not_striatum
CTCGCCGAATGTAGGG-1,striatum
CTCGCTAGGTAAGCGA-1,not_striatum
CTCGGGATAACACCTA-1,not_striatum
CTCGGTACCACTGCTC-1,striatum
CTCGGTCCGTAGCCTG-1,not_striatum
CTCGTCTGTGCCTTCG-1,not_striatum
CTCTACACTGGCGATT-1,not_striatum
CTCTAGCCCTCGGAAA-1,not_striatum
CTCTATTTGGCTGCAG-1,not_striatum
CTCTCACAATCGATGA-1,not_striatum
CTCTCGCTGTACTATG-1,not_striatum
CTCTGCGAAGCAAGCA-1,not_striatum
CTCTGGACGCCTGGTG-1,not_striatum
CTCTTCTATTGACTGG-1,striatum
CTCTTGTCCCGCTTGG-1,not_striatum
CTGAAAGAGATCCGAC-1,not_striatum
CTGAATCCGAGACCTC-1,not_striatum
CTGACATAGAAATAGA-1,not_striatum
CTGACTGCGCAGCTCG-1,not_striatum
CTGAGAAAGTTCGGCG-1,not_striatum
CTGAGAGTAGAAATAC-1,not_striatum
CTGAGCAAGTAACAAG-1,not_striatum
CTGAGCGAGACTTATT-1,not_striatum
CTGATAGTGTATCTCA-1,striatum
CTGCAAGCACGTTCCG-1,not_striatum
CTGCACAACTACATAT-1,striatum
CTGCACCTAGTCCACA-1,not_striatum
CTGCACCTGGAACCGC-1,not_striatum
CTGCACTCCAGTACAG-1,striatum
CTGCAGAGAATCAGAG-1,striatum
CTGCAGGTGCTCGGCC-1,not_striatum
CTGCCAAGGTTGGAAG-1,not_striatum
CTGCCATGCATCACAT-1,not_striatum
CTGCCCACGAAGCGTT-1,not_striatum
CTGCCTCATATGCAAC-1,not_striatum
CTGCCTTTCTAGTAAA-1,striatum
CTGCGGGTGAAATGTT-1,striatum
CTGCTGAGGCCACGAA-1,striatum
CTGCTGTCTAACGAGC-1,not_striatum
CTGCTTGGCGATAGCT-1,striatum
CTGGAAATGGATGCTT-1,not_striatum
CTGGAAGACACGGTGG-1,striatum
CTGGATTTACACTTGA-1,not_striatum
CTGGCATCCGAATGAG-1,striatum
CTGGCGACATAAGTCC-1,not_striatum
CTGGCGCACAGGTCTG-1,not_striatum
CTGGCGGGAATAAGTA-1,not_striatum
CTGGCTCCTGCGGGAT-1,not_striatum
CTGGCTGATTCATCCT-1,striatum
CTGGCTGCTAACGTAA-1,not_striatum
CTGGCTGGTTGTCAGT-1,not_striatum
CTGGGATAAATAATGG-1,striatum
CTGGGATACGCTACCC-1,not_striatum
CTGGGCCTGCTATATC-1,striatum
CTGGGTAGGCAGTTAA-1,striatum
CTGGTAAAGACTTACA-1,not_striatum
CTGGTAAAGTGTGGGC-1,not_striatum
CTGGTAACACATAGAA-1,striatum
CTGGTAACGAGCTCTT-1,not_striatum
CTGGTCATTCCAATCC-1,striatum
CTGGTTCAACGCATCA-1,not_striatum
CTGGTTCGCGAGCTAC-1,not_striatum
CTGGTTTCGAGCAAGA-1,striatum
CTGTACTTCTTAGCAT-1,not_striatum
CTGTAGCCATCTCACT-1,not_striatum
CTGTATGGTGTAGAAA-1,striatum
CTGTCAAATGGCTCGG-1,not_striatum
CTGTCTGTGGCTGGCT-1,not_striatum
CTGTGCAGGGTAGGTC-1,not_striatum
CTGTGGTCGGGAGATA-1,striatum
CTGTTACCCAATCTAG-1,not_striatum
CTGTTCACTGCCTGTG-1,not_striatum
CTGTTCATCTCACGGG-1,striatum
CTGTTGGCTCTTCTGA-1,not_striatum
CTTAAATAAGACCCAT-1,not_striatum
CTTAACTTACAGTATA-1,not_striatum
CTTACACGGTATTCCA-1,striatum
CTTACACTGGGAAATA-1,not_striatum
CTTAGCCCGGATAGTG-1,not_striatum
CTTAGCCTTCCACATG-1,not_striatum
CTTAGTAGGCCTACAG-1,not_striatum
CTTAGTGTAGTAGCAT-1,striatum
CTTATAGATGGCTGTT-1,not_striatum
CTTATGCGCTCAGGGC-1,not_striatum
CTTATGTTGACTACCA-1,not_striatum
CTTCAACTCCACTTGG-1,striatum
CTTCAGTTGGACAACG-1,not_striatum
CTTCATAGCTCAAGAA-1,not_striatum
CTTCATTGTCAGTGGA-1,not_striatum
CTTCCGCTCCGTGAAG-1,not_striatum
CTTCGATTGCGCAAGC-1,not_striatum
CTTCGGCCAATTGTTT-1,striatum
CTTCGTAGATAGGTGA-1,not_striatum
CTTCTATGTTGAAGTA-1,striatum
CTTCTATTAATGCTAG-1,not_striatum
CTTGAGGTTATCCCGA-1,not_striatum
CTTGAGTTAGGGTAAT-1,striatum
CTTGATGACCATCCAG-1,not_striatum
CTTGCAACCGCCTCCT-1,striatum
CTTGCCCACCCACGCA-1,not_striatum
CTTGCCCAGGCTCTAC-1,not_striatum
CTTGGCCAAGCTGGGA-1,not_striatum
CTTGTACTTGTTGACT-1,not_striatum
CTTGTCAACATTCGAG-1,not_striatum
CTTGTGAGGACAGCGG-1,not_striatum
CTTGTGAGTCTTTGAC-1,not_striatum
CTTGTGCTCACCGATT-1,not_striatum
CTTGTTGCTGAGTCAA-1,not_striatum
CTTGTTTATGTAGCCA-1,not_striatum
CTTTAACTTTCAAAGG-1,not_striatum
CTTTAATATTGGTCGA-1,striatum
CTTTACCGAATAGTAG-1,striatum
CTTTAGGAACACTGTT-1,striatum
CTTTAGTGCTATTATT-1,not_striatum
CTTTCTGTGCGGGCTT-1,striatum
CTTTGCATCGCTCTTG-1,striatum
CTTTGCTGTCATGGAT-1,not_striatum
CTTTGGCGCTTTATAC-1,striatum
CTTTGGCTTTAGTAAA-1,striatum
GAAACAGATGACCACC-1,striatum
GAAACCATGGTGCGCT-1,not_striatum
GAAACCGAATTACCTT-1,not_striatum
GAAACCTATACAAATG-1,not_striatum
GAAACTCGTGCGATGC-1,striatum
GAAAGAACAGCGTTAT-1,not_striatum
GAAAGCAGTGCACTTT-1,not_striatum
GAAAGCCCTTTGGACC-1,striatum
GAAAGTGACTAACTGC-1,striatum
GAAATACTAAACGTTT-1,not_striatum
GAAATATCACCATCAG-1,striatum
GAAATCGCGCGCAACT-1,not_striatum
GAAATCTGACCAAGTT-1,not_striatum
GAAATGGCGGTGTTAG-1,not_striatum
GAAATGGGATGTAAAC-1,not_striatum
GAAATTCACATCGCTG-1,not_striatum
GAAATTGTCTCTATAA-1,not_striatum
GAACAACTGGGATGAA-1,not_striatum
GAACACACATCAACCA-1,not_striatum
GAACAGATTACTAAAT-1,striatum
GAACCCTCTGTGTTCT-1,striatum
GAACCTCGACCTACAC-1,not_striatum
GAACCTTTAACGATCC-1,striatum
GAACGACCGAATGATA-1,not_striatum
GAACGCGGGTCACACG-1,not_striatum
GAACGTCTCATGGTCG-1,not_striatum
GAACGTTAGGAAGACG-1,striatum
GAAGAACGGTGCAGGT-1,not_striatum
GAAGCCACTGATTATG-1,striatum
GAAGCCGGGTAAGCTC-1,not_striatum
GAAGCCTGCACATTCC-1,striatum
GAAGCGTGAGGAATTT-1,not_striatum
GAAGCTCTTTGCTTAG-1,not_striatum
GAAGCTTGCTGACCGC-1,striatum
GAAGGACTAAATTGAA-1,not_striatum
GAAGGGCATAACCATG-1,not_striatum
GAAGTCAGTTGCACTA-1,not_striatum
GAAGTCTCCCTAGCGA-1,not_striatum
GAAGTGATTTATCGTG-1,not_striatum
GAAGTTTCCACTCAAT-1,striatum
GAATAGACGCGACCCA-1,striatum
GAATAGCATTTAGGGT-1,not_striatum
GAATCGACATGGTCAC-1,striatum
GAATCGCCGGACACGG-1,not_striatum
GAATCTGAACATTCTC-1,not_striatum
GAATGCCGAAATGACC-1,striatum
GAATGCGAATCGGTTC-1,striatum
GAATGGGCTTATCGAC-1,not_striatum
GAATGTGGTCCGGATT-1,striatum
GAATGTTGGGTAATCT-1,not_striatum
GAATTATAGTGAAAGG-1,not_striatum
GAATTCACCCGGGTGT-1,not_striatum
GAATTTCTCGCTGCAG-1,striatum
GACAAACATATGCAGG-1,striatum
GACAACGACCATTGAA-1,not_striatum
GACAACGCAGCTTACG-1,not_striatum
GACAAGAGATGAGATT-1,not_striatum
GACACAAGGGAAGAAA-1,not_striatum
GACACAGCCGGGACTG-1,not_striatum
GACACGAGTTAGAGGA-1,not_striatum
GACACTGAGTTCAGTG-1,not_striatum
GACACTGGAACCCGAT-1,striatum
GACACTTCCAATTACC-1,not_striatum
GACAGATTTCTGGCTC-1,not_striatum
GACAGCCAGACCTGAC-1,striatum
GACAGGCACACACTAT-1,striatum
GACATACTGTCGCAGA-1,not_striatum
GACATCCGTCGAACTG-1,striatum
GACATCGATTTATAAC-1,not_striatum
GACCAAACGTTGACTG-1,striatum
GACCACACTTCCCTTT-1,not_striatum
GACCAGAGCCCTGTAG-1,striatum
GACCGACGTGAAAGCA-1,not_striatum
GACCGACTGAAGCGTC-1,striatum
GACCGCGTCTGACGTG-1,striatum
GACCGTGCTGACGGTG-1,not_striatum
GACCGTTACATGCGAC-1,not_striatum
GACCTGGTCTGGGCGT-1,not_striatum
GACCTTCCACGTCTAC-1,striatum
GACGACGATCCGCGTT-1,striatum
GACGAGGCTAATAAAC-1,striatum
GACGCCGTAAAGGCTA-1,not_striatum
GACGCCTGTTGCAGGG-1,not_striatum
GACGCTTGCTTCTAAA-1,striatum
GACGGTCAATAGAAGC-1,not_striatum
GACGGTCCTAGGGTGT-1,not_striatum
GACGTGAGACTCCATG-1,not_striatum
GACGTGTAGGGATTAT-1,striatum
GACTAAGATCATGCAC-1,not_striatum
GACTAAGTAGGCTCAC-1,striatum
GACTAGGCCGTTAGGT-1,not_striatum
GACTCACCCACGTGAG-1,not_striatum
GACTCCCAGAATAAGG-1,not_striatum
GACTCGCGGGAATGAC-1,not_striatum
GACTGCAAATCGAGCT-1,striatum
GACTGCACCAGCCCAG-1,striatum
GACTGCGGCACGTGTA-1,striatum
GAGAAACTGGATCCCA-1,not_striatum
GAGAACGGTTCTGACT-1,not_striatum
GAGAATCTCACGATCA-1,not_striatum
GAGACTGATGGGTAGA-1,not_striatum
GAGACTTCGCGACCGA-1,not_striatum
GAGAGCGCAGTCCCTG-1,not_striatum
GAGAGGCCTATGTGTA-1,not_striatum
GAGAGGGCGCGAGGTT-1,striatum
GAGAGGTGCATTCTGG-1,striatum
GAGATCTGCTTGGCAT-1,striatum
GAGATCTGTCACTCCG-1,not_striatum
GAGATCTTCCATGACA-1,striatum
GAGATGGCTTTAATCA-1,not_striatum
GAGATGGGAGTCGACA-1,striatum
GAGCACCTGTGTCCAG-1,striatum
GAGCACGGCGCCTCTT-1,not_striatum
GAGCATCATCCCTGGG-1,not_striatum
GAGCCACGGTAGTAGG-1,not_striatum
GAGCCAGCTACCTGTG-1,striatum
GAGCGCAAATACTCCG-1,striatum
GAGCGCGCACGAGTAG-1,striatum
GAGCTAAGGGCATATC-1,not_striatum
GAGCTCTCGGACCTAA-1,not_striatum
GAGGAATGGAGAGGTT-1,striatum
GAGGAGATCCTCATGC-1,not_striatum
GAGGATAAACAGTGCT-1,not_striatum
GAGGCCTGTTGATACA-1,not_striatum
GAGGCTATCAAAGTCG-1,striatum
GAGGGCATCGCGTATC-1,not_striatum
GAGGGCGCAGCTCTGC-1,not_striatum
GAGGTACGCGTGTCCC-1,not_striatum
GAGGTCCCAAAGATCT-1,not_striatum
GAGTAAACCGGAAAGT-1,not_striatum
GAGTAAATTAAGAACC-1,not_striatum
GAGTACGGGTATACAA-1,not_striatum
GAGTAGATACTAGTTG-1,striatum
GAGTATCAAAGTTACA-1,not_striatum
GAGTATGCCCGCCTTG-1,striatum
GAGTATGCGCGTGCAT-1,striatum
GAGTCAGACCAGAATC-1,not_striatum
GAGTCCGCTTACCGGA-1,not_striatum
GAGTCGACAGACCCTC-1,not_striatum
GAGTGTCAACCAGAAA-1,striatum
GAGTGTGCGGTACCCA-1,striatum
GATAAATCGGTGGATG-1,not_striatum
GATAACTCGCACTGTG-1,striatum
GATAAGGCAGATGCAA-1,not_striatum
GATACCGTGTCGGAGT-1,not_striatum
GATACGATGGGAGTCA-1,striatum
GATAGATAGTACAGTC-1,not_striatum
GATAGCGTACCACGCG-1,not_striatum
GATAGGATTAATTACA-1,not_striatum
GATAGGTAACGTTGAC-1,not_striatum
GATAGGTGTCCCGGGC-1,not_striatum
GATATCAGTATGTATC-1,not_striatum
GATATGAGACACTAAC-1,striatum
GATATGGATTACGCGG-1,striatum
GATATTGAGATTGGCG-1,not_striatum
GATCATTCCAAACATT-1,not_striatum
GATCCCTTTATACTGC-1,not_striatum
GATCCGAATATAAGTG-1,not_striatum
GATCCGGGAATTAACA-1,not_striatum
GATCCTAAATCGGGAC-1,not_striatum
GATCCTCGACACTGGC-1,striatum
GATCGACACTATCTGA-1,striatum
GATCGCGGGCTCTCCA-1,not_striatum
GATCGCTACCCGATTT-1,striatum
GATCGGATAGAACCAT-1,not_striatum
GATCGGCGATAAGTCG-1,not_striatum
GATCGGTGGCCATAAC-1,not_striatum
GATCGTGACTGATATC-1,not_striatum
GATCTCGACGCTGTGG-1,not_striatum
GATCTGCTATCTAAGG-1,not_striatum
GATCTTCATTGTCCTC-1,not_striatum
GATCTTGGAGGGCATA-1,not_striatum
GATCTTTGCAGGGTAT-1,striatum
GATGAGGAACCTTCGG-1,not_striatum
GATGCCAGCAGAAGGC-1,striatum
GATGCGAATGGTATTA-1,not_striatum
GATGCGTCCTGCATTC-1,not_striatum
GATGCTACAAGCGCCT-1,not_striatum
GATGCTGTATTTCATC-1,not_striatum
GATGGCGCACACATTA-1,not_striatum
GATGTCCGGATCACAT-1,not_striatum
GATGTTCAATCCACGA-1,striatum
GATGTTTGTGCGAGAT-1,striatum
GATTAACCGAAAGCCC-1,striatum
GATTAATCCTGGCTCA-1,not_striatum
GATTACTGAATTTGGG-1,striatum
GATTCCCTTGTCGCAG-1,not_striatum
GATTCCGCGTTTCCGT-1,not_striatum
GATTCCTATACGGCGC-1,striatum
GATTCGACGGTTCACG-1,not_striatum
GATTGGGAAAGGTTGT-1,not_striatum
GCAAACCCTACATTAT-1,striatum
GCAAACCTTGGCCATA-1,striatum
GCAAACGTCGCCAGGT-1,not_striatum
GCAAATATTACGCTTT-1,striatum
GCAAATGAGGACACTT-1,not_striatum
GCAACAGCAGTATGCG-1,striatum
GCAACCACGGCCGCGT-1,striatum
GCAACCCAAGTTGTTT-1,not_striatum
GCAACGGCTAGTTATG-1,not_striatum
GCAAGAATTCCTTGGC-1,striatum
GCAAGTGCACAGAGAA-1,striatum
GCAATTAGTCGCACCG-1,not_striatum
GCACAAACGAGGCGTG-1,not_striatum
GCACAAGTGGATCATA-1,not_striatum
GCACACACTGGTAGCC-1,striatum
GCACACGCCCATGGTC-1,not_striatum
GCACCTTCCCGAAGGT-1,not_striatum
GCACGCCTACTTAGAT-1,not_striatum
GCACGTGGTTTACTTA-1,not_striatum
GCACTAGTCGCGCTAT-1,not_striatum
GCACTGCCTACCTTTA-1,not_striatum
GCACTGTGCAAATGTA-1,not_striatum
GCAGAAGGTAATCTCC-1,not_striatum
GCAGACCCAGCACGTA-1,not_striatum
GCAGATCCATAAGACT-1,striatum
GCAGATCCTCGCAAAT-1,not_striatum
GCAGATTAGGGATATC-1,not_striatum
GCAGCACACAGCCCAG-1,striatum
GCAGCCTATATCACAT-1,not_striatum
GCAGCGGTGGGCATTA-1,not_striatum
GCAGCTGTCAACGCAT-1,not_striatum
GCAGGACTATAGAATA-1,striatum
GCAGTGCGGGCGGATG-1,not_striatum
GCAGTGTGGCTATAGG-1,striatum
GCAGTTCGATCCGAGC-1,not_striatum
GCATACGAGGTCTTTA-1,not_striatum
GCATAGAGCACTCAGG-1,not_striatum
GCATCCCTAACTTTGA-1,not_striatum
GCATCGGCCGTGTAGG-1,striatum
GCATGAGGGACGCGGC-1,not_striatum
GCATGCTAATAACGAT-1,not_striatum
GCATGGGTACTGACGC-1,not_striatum
GCATTCAAGGCAACGC-1,not_striatum
GCATTCGAAATGAACA-1,striatum
GCATTGTAATTCATAT-1,striatum
GCATTTCCAAGGCTCC-1,not_striatum
GCCAACCATTTCCGGA-1,not_striatum
GCCAATAGGGCATCTC-1,not_striatum
GCCACAATTTAAGGAC-1,striatum
GCCACTCAGAGCGCGA-1,striatum
GCCACTCCTTACGGTA-1,not_striatum
GCCAGGAGTAACCGAT-1,not_striatum
GCCAGGCTTAGTGGTA-1,not_striatum
GCCATATTGCACACAG-1,not_striatum
GCCATCGAGCTGCGTG-1,not_striatum
GCCATCGATGCTGCAT-1,not_striatum
GCCCACCAAGGCTGTC-1,not_striatum
GCCCAGATGCTGGAGA-1,not_striatum
GCCCAGTTGGTATGCC-1,striatum
GCCCGACTTCTTCCCG-1,not_striatum
GCCCGATCTGTGGTCG-1,striatum
GCCCGCGCGTAAACGG-1,striatum
GCCCGCGCGTTTGACA-1,not_striatum
GCCCGTAATACCTTCT-1,not_striatum
GCCCTGAGGATGGGCT-1,not_striatum
GCCGAAATTCCTACGT-1,striatum
GCCGATTGGCCAAGCT-1,not_striatum
GCCGCACTCCGTTTCA-1,not_striatum
GCCGCATTAGTCCGGC-1,striatum
GCCGCTTGTGAGAAAC-1,striatum
GCCGGGTTAGGGTCGC-1,not_striatum
GCCGTGGAAGAAATGT-1,not_striatum
GCCTACGTTCTGTGCA-1,not_striatum
GCCTAGCGATCTGACC-1,not_striatum
GCCTATAGTGTCAGGG-1,not_striatum
GCCTATCAGGTAAGAT-1,not_striatum
GCCTATTCCGATATAG-1,striatum
GCCTATTTGCTACACA-1,not_striatum
GCCTCATCTGGAAATA-1,striatum
GCCTCCGACAATTCAC-1,striatum
GCCTCTATACATAGCA-1,not_striatum
GCCTTCAGCCCTACCG-1,not_striatum
GCCTTGTATATGCAGT-1,not_striatum
GCGAAACGATCGGGAG-1,striatum
GCGAAACTTAACTGGA-1,striatum
GCGAAGAATCTGACGG-1,not_striatum
GCGAAGCCATACCCGT-1,not_striatum
GCGACATGTAAACATC-1,not_striatum
GCGACGATAGTTGTAC-1,not_striatum
GCGAGAAACGGGAGTT-1,not_striatum
GCGAGAGTTGCGTCCA-1,not_striatum
GCGAGCGCATGCTCCC-1,not_striatum
GCGAGGCCCGAGCAGA-1,not_striatum
GCGAGTTCTGCAAAGA-1,not_striatum
GCGATGTCTGTGCTTG-1,not_striatum
GCGATTGTTAACGTTA-1,not_striatum
GCGCAAGAGCGCGCTG-1,not_striatum
GCGCATCCAGTCAGCA-1,not_striatum
GCGCCGTTCCACGATA-1,not_striatum
GCGCCTCCCACTCCGA-1,striatum
GCGCGTCATTGGTACA-1,striatum
GCGCTAATTGAATAGA-1,not_striatum
GCGCTATGCCGAGGCA-1,not_striatum
GCGCTCGATCACCTGT-1,not_striatum
GCGCTGCTTTGCATTT-1,not_striatum
GCGCTGGCGGAAAGTC-1,not_striatum
GCGCTTAAATAATTGG-1,striatum
GCGGACCGCGTTGTGG-1,not_striatum
GCGGAGAGGGAGAACG-1,striatum
GCGGCTCTGACGTACC-1,striatum
GCGGCTTTAGCAAGTT-1,not_striatum
GCGGGAACCAGGCCCT-1,not_striatum
GCGGGCATTACGATGC-1,not_striatum
GCGGGCGAGCCTTACC-1,not_striatum
GCGGTAACCCAAATGA-1,not_striatum
GCGGTCCCTAGACGCA-1,not_striatum
GCGGTCTTGCTTTCAC-1,not_striatum
GCGGTGCGGAGCATCG-1,not_striatum
GCGGTTCCCTATCATG-1,not_striatum
GCGTAAATGGCCATAA-1,not_striatum
GCGTCCAGCTCGTGGC-1,not_striatum
GCGTCGAAATGTCGGT-1,not_striatum
GCGTCGCCAGGGTGAT-1,striatum
GCGTCTAACCTCCTAA-1,not_striatum
GCGTCTCTGCATTGGG-1,striatum
GCGTGGTACTGGGTTA-1,not_striatum
GCGTTATATTTGGAAC-1,striatum
GCGTTCTGACTAAGCG-1,not_striatum
GCTAAACCTGAGGTGA-1,striatum
GCTAACTGAAGTCTGA-1,striatum
GCTAAGTAAAGGCGAT-1,striatum
GCTAAGTAGTTTCTCT-1,not_striatum
GCTAATACCGAATGCC-1,not_striatum
GCTACAATCGAGGATA-1,not_striatum
GCTACACTGTCCGAAC-1,not_striatum
GCTACAGTACGGACCG-1,not_striatum
GCTACGACTTATTGGG-1,not_striatum
GCTACTATAGTAGAGT-1,striatum
GCTAGACCGTCTACTG-1,striatum
GCTAGAGTAGAGATGT-1,striatum
GCTAGCACCTGGGCCA-1,not_striatum
GCTAGCTTGAATAGCT-1,not_striatum
GCTAGGCACCACGGAG-1,striatum
GCTAGTAGAGCTTGTA-1,not_striatum
GCTAGTTTCATTGAGG-1,not_striatum
GCTATACGTCTCGGAC-1,striatum
GCTATCATACTCATGG-1,striatum
GCTATCGCGGCGCAAC-1,striatum
GCTCAACCTCTTAGAG-1,not_striatum
GCTCAATCCGTTTATT-1,striatum
GCTCAATGTAATACCG-1,not_striatum
GCTCCATGAGTGCAGA-1,not_striatum
GCTCCCAGTCGGTCCA-1,not_striatum
GCTCCGCTCGCTTCAG-1,not_striatum
GCTCGCGGTTCCGCTC-1,striatum
GCTCGCTCATGTCCAA-1,striatum
GCTCGGAATTTAAAGC-1,not_striatum
GCTCTAAACCCTGACG-1,not_striatum
GCTCTATGTTACGTGC-1,striatum
GCTCTCGGGTACCGAA-1,not_striatum
GCTGAACTCTCCAGGG-1,not_striatum
GCTGAGCAACGGTTCT-1,not_striatum
GCTGAGGCGTGAGTAT-1,not_striatum
GCTGCACGGTTTCTTA-1,not_striatum
GCTGCGCCTCCCACGT-1,not_striatum
GCTGCTAAGTAGTCGA-1,not_striatum
GCTGCTACTGCGTAGC-1,striatum
GCTGCTCTCCGGACAC-1,not_striatum
GCTGGCAGGTGCCGTG-1,not_striatum
GCTGGCATATTCACCT-1,striatum
GCTGGCGGCGCATGCT-1,striatum
GCTGGGTCCGCTGTTA-1,not_striatum
GCTGTATTACTGGCCC-1,striatum
GCTGTTGCTACCGAAC-1,striatum
GCTTAATGTAACTAAC-1,striatum
GCTTACGTAGTTAGTA-1,not_striatum
GCTTATGAAGCAGGAA-1,not_striatum
GCTTCCAGCTTAGATT-1,not_striatum
GCTTCCGTCCCTAGAC-1,not_striatum
GCTTGATGATAATCAG-1,striatum
GCTTGGATCGATTAGG-1,not_striatum
GCTTTACACAACTGGG-1,not_striatum
GCTTTCAGAGGAGGTG-1,not_striatum
GGAAACTAAATGGGCC-1,striatum
GGAAAGTGCCCATGCC-1,not_striatum
GGAACCCGAACAAGAA-1,not_striatum
GGAACCGTGTAAATTG-1,not_striatum
GGAACGGCCTGCAGCC-1,striatum
GGAACTTTGGCGATTA-1,not_striatum
GGAATGCGCTAGCGTG-1,not_striatum
GGACAACCATGAAGCC-1,not_striatum
GGACAAGTTGCAGTGA-1,not_striatum
GGACACAAGTTTACAC-1,striatum
GGACCAACAGGATAAC-1,striatum
GGACGGGCGACCAACC-1,not_striatum
GGACTAAGTCAGGAGT-1,not_striatum
GGACTCACAAATTAGG-1,not_striatum
GGACTCGAAGCTTTCA-1,not_striatum
GGACTCTTCCGGTTGA-1,not_striatum
GGACTCTTTGACTAAG-1,not_striatum
GGAGAAGTCATTGGCA-1,striatum
GGAGACATTCACGGGC-1,not_striatum
GGAGACGACACCTTTG-1,not_striatum
GGAGCAACATTTCAAG-1,striatum
GGAGCACCAAGAACTA-1,not_striatum
GGAGCGAGGCCTACTT-1,not_striatum
GGAGGCCGAAGTCGTC-1,not_striatum
GGAGGGCTTGGTTGGC-1,not_striatum
GGAGGGTCAAGTAAGA-1,not_striatum
GGAGTACACATGAGCT-1,not_striatum
GGAGTGCCGCCCTGGA-1,not_striatum
GGAGTTGATTCTGTGT-1,not_striatum
GGATACTCATGAATTG-1,not_striatum
GGATCAAAGGACGAGG-1,not_striatum
GGATCCCTACCAGCTA-1,not_striatum
GGATCCGGAATATACT-1,not_striatum
GGATGAAGATCGCTGA-1,striatum
GGATGACGCGAGTTTA-1,striatum
GGATGCTGGCGTTCCT-1,striatum
GGATGGCTTGAAGTAT-1,not_striatum
GGATGTCCTTACCGCA-1,not_striatum
GGATTCAGTACGGTGG-1,not_striatum
GGATTCCGCTATACCC-1,not_striatum
GGATTGCTGTGACTCC-1,striatum
GGATTTCACTTCTATA-1,not_striatum
GGCAAAGGCGCCAATA-1,not_striatum
GGCAAATTACTTTACT-1,not_striatum
GGCAAGGCGAAATAGC-1,not_striatum
GGCAATAGTCAATGAG-1,not_striatum
GGCACTCAGCCGACCC-1,not_striatum
GGCACTCCACTGGGCA-1,striatum
GGCACTGCGGTGGTTT-1,not_striatum
GGCAGAGAGATCGGGA-1,not_striatum
GGCAGCAAACCTATGC-1,striatum
GGCATACAGGTAGCGG-1,striatum
GGCATATCGGTTCTGC-1,not_striatum
GGCATCAACGAGCACG-1,not_striatum
GGCCACAAGCGATGGC-1,not_striatum
GGCCACACGAAAGCCT-1,not_striatum
GGCCCAGCTGGTTTGC-1,not_striatum
GGCCCGGAGCATGTCT-1,not_striatum
GGCCCGTATACCATGC-1,not_striatum
GGCCCTCACCCACTTA-1,striatum
GGCCGCAGGAACCGCA-1,not_striatum
GGCCGGCGTCTGCTAT-1,striatum
GGCCTGCTTCTCCCGA-1,not_striatum
GGCCTTTGCAACTGGC-1,not_striatum
GGCGAAATCTAACTTG-1,striatum
GGCGCAGGACATCTTC-1,striatum
GGCGCATGAATTGATG-1,not_striatum
GGCGCGGAGATCTTTC-1,striatum
GGCGCGTTCGAGTTTA-1,not_striatum
GGCGCTCCTCATCAAT-1,not_striatum
GGCGCTTCATTCCCTG-1,not_striatum
GGCGGAGTAATATTAG-1,striatum
GGCGGGCTCTAAGAGT-1,not_striatum
GGCGGTAGGATCATTG-1,not_striatum
GGCGGTTTGCCGGTGC-1,not_striatum
GGCGTAGGGAAAGCTG-1,striatum
GGCGTCCTATCCGCTG-1,striatum
GGCTATTAAGTTGTAT-1,striatum
GGCTCGCGTTGAGGTA-1,not_striatum
GGCTCGTGCCACCAGC-1,not_striatum
GGCTCTGCTCCAACGC-1,not_striatum
GGCTGAAATAGCAAAG-1,striatum
GGCTGGCTAGCTTAAA-1,not_striatum
GGCTTGGCTCTCACCT-1,not_striatum
GGCTTTCAATAAGGGT-1,striatum
GGGAAAGAATGCCAAC-1,not_striatum
GGGAACGGGAGGTTAG-1,striatum
GGGAAGACGGTCTGTC-1,striatum
GGGAAGGGCTTTCTCA-1,striatum
GGGAATTCTGTCCAGT-1,not_striatum
GGGACCCGTATATCTT-1,not_striatum
GGGACTGCATAGATAG-1,not_striatum
GGGAGAACTCACAGTA-1,not_striatum
GGGAGCGACCGTAGTG-1,not_striatum
GGGAGGATGCCCGAAA-1,not_striatum
GGGAGTAATGGCTGGC-1,not_striatum
GGGAGTTAATGAGGCG-1,not_striatum
GGGATACGGTAATAAT-1,not_striatum
GGGATGGTCGTAACCG-1,striatum
GGGATTTACCGCACCT-1,striatum
GGGCACGAATTGGCCG-1,not_striatum
GGGCAGAGCAATCGTT-1,striatum
GGGCAGTCAACGCCAA-1,not_striatum
GGGCCCGTCTTAAACA-1,not_striatum
GGGCCCTACGAAAGGG-1,not_striatum
GGGCCCTTATCTATAC-1,not_striatum
GGGCCGGCCGAAGTAC-1,not_striatum
GGGCGAATTTCTCCAC-1,not_striatum
GGGCGATATGTGTGAA-1,not_striatum
GGGCGCAGCGTTACTC-1,not_striatum
GGGCGGCAAATGAATT-1,not_striatum
GGGCGGGTTCCCTACG-1,striatum
GGGCGGTCCTATTGTC-1,not_striatum
GGGCGTACATTTATAT-1,not_striatum
GGGCGTCACCACGTAA-1,not_striatum
GGGCGTGGTTTCCCAG-1,striatum
GGGCTATGATCGATGG-1,not_striatum
GGGCTCATCGAACCCA-1,not_striatum
GGGCTGCCTAGGGCGA-1,not_striatum
GGGCTGGTTAGTCGCG-1,striatum
GGGTAATGCTGTGTTT-1,not_striatum
GGGTACACTCTGGAGG-1,not_striatum
GGGTACCCACGGTCCT-1,not_striatum
GGGTACTTCATGAACT-1,striatum
GGGTATGTATGCACTT-1,striatum
GGGTCACCGTGACGGT-1,striatum
GGGTCATGCGTACCAT-1,not_striatum
GGGTCGTGGCAAGTGT-1,not_striatum
GGGTCTATCGCTTTCC-1,not_striatum
GGGTGACACCTTAACT-1,not_striatum
GGGTGCATATGAAAGC-1,not_striatum
GGGTGTTTCAGCTATG-1,not_striatum
GGGTTAACATTTGAGT-1,not_striatum
GGGTTCAGACGAACAA-1,not_striatum
GGGTTTAGGATAGGAT-1,not_striatum
GGTAAACTCTGCGCTG-1,not_striatum
GGTAACCGGCAAAGGT-1,not_striatum
GGTAACTATGTATCTG-1,not_striatum
GGTACAAACATGCTAT-1,not_striatum
GGTACATCTGGGACGA-1,striatum
GGTACCATTAAGACGG-1,not_striatum
GGTACGTTGCGGCCGG-1,not_striatum
GGTACTAAGTGCTTTG-1,not_striatum
GGTAGAAGACCGCCTG-1,striatum
GGTAGACCGTTGGGCG-1,not_striatum
GGTAGTGCTCGCACCA-1,not_striatum
GGTATAGTGACACATA-1,not_striatum
GGTATCAAGCATAGAA-1,not_striatum
GGTATGAAAGAACTGA-1,not_striatum
GGTATTGCCGAGTTTA-1,not_striatum
GGTCAAGACTACTTCG-1,striatum
GGTCACGTTAGATTCA-1,not_striatum
GGTCAGTGGGTCCCAC-1,not_striatum
GGTCCTTCATACGACT-1,not_striatum
GGTCGGCCAGGAGCTT-1,not_striatum
GGTCGGTAATTAGACA-1,not_striatum
GGTCGGTCGTCCACAG-1,not_striatum
GGTCTCCAAGTAGTGC-1,not_striatum
GGTCTCCGTCCAGGTT-1,not_striatum
GGTCTCTGAATGGACT-1,striatum
GGTCTGAGAATCTGGA-1,not_striatum
GGTCTTGAGCGCTCTT-1,not_striatum
GGTCTTGGTGTTAACT-1,not_striatum
GGTGAAACCGGGAATG-1,not_striatum
GGTGAACGGGCTAGCC-1,not_striatum
GGTGAAGTACAGGGAT-1,striatum
GGTGACTGATAGAGAG-1,not_striatum
GGTGAGATGCAGATAA-1,not_striatum
GGTGATAAGGAGCAGT-1,not_striatum
GGTGATGAAGGAAGTG-1,not_striatum
GGTGATTTCATCTTGT-1,not_striatum
GGTGCGGATAAGTGGC-1,not_striatum
GGTGCTGATCACAAAG-1,striatum
GGTGCTGGTACACATT-1,not_striatum
GGTGGACTGCTCTGGC-1,striatum
GGTGGAGGTTGATACG-1,not_striatum
GGTGTTGGGCGTCTTA-1,not_striatum
GGTTACCACCCTCGGG-1,striatum
GGTTACCCGACACTTT-1,not_striatum
GGTTAGCTATATGTCT-1,striatum
GGTTAGGCTTGGAGAA-1,striatum
GGTTAGTTACGGCGCC-1,striatum
GGTTCGGATTATACTA-1,not_striatum
GGTTCTACTCGTCTGA-1,not_striatum
GGTTGTGCTCTTGTCC-1,not_striatum
GGTTGTGTAGCCTGGC-1,not_striatum
GGTTTAATTGAGCAGG-1,not_striatum
GGTTTACAATCTCAAT-1,not_striatum
GGTTTAGCCTTTCTTG-1,striatum
GGTTTCAATCGGTCAG-1,not_striatum
GGTTTGAGTGCTGGAA-1,not_striatum
GGTTTGTGACCTGAGG-1,not_striatum
GTAACATCTAAGATAA-1,striatum
GTAACTTGCGGCAGTC-1,not_striatum
GTAAGCGGGCAGTCAG-1,not_striatum
GTAAGTAACAGTCTGG-1,striatum
GTAAGTAGGGTATACC-1,striatum
GTAAGTCCACACTCTA-1,not_striatum
GTAATAAAGGGCTCCC-1,not_striatum
GTAATCTGATTCTTCG-1,not_striatum
GTACACTTACCTGAAG-1,not_striatum
GTACAGAGGCAAGGGT-1,striatum
GTACGACGGCGCTGCG-1,not_striatum
GTACGAGATTGCGACA-1,not_striatum
GTACGCTTCATTGCAC-1,not_striatum
GTACGTTTGCCCGTCA-1,not_striatum
GTACTAAGATTTGGAG-1,not_striatum
GTACTCCCTTATCGCT-1,striatum
GTACTCCTGGGTATGC-1,not_striatum
GTACTGAGGTCGTAAC-1,not_striatum
GTACTGCATGAAGCGT-1,not_striatum
GTACTGGAGTTAGACC-1,not_striatum
GTACTTGGGCACTTCT-1,not_striatum
GTAGAAACGGGTGGAG-1,striatum
GTAGACACGCCTGACT-1,striatum
GTAGACGTCGTTACAT-1,not_striatum
GTAGAGGGAGACAAGT-1,striatum
GTAGCCAAACATGGGA-1,striatum
GTAGCGCTGTTGTAGT-1,not_striatum
GTAGCGGCTATACACT-1,not_striatum
GTAGCTTCCTCTTGTT-1,not_striatum
GTAGGTGATCCGTGTA-1,not_striatum
GTAGTCGCGGGAATCA-1,striatum
GTAGTCTACGATATTG-1,striatum
GTAGTGAGCAACCTCA-1,not_striatum
GTATAATCTCCCGGAT-1,not_striatum
GTATAGGACTCAGTAG-1,not_striatum
GTATATGTTACGGCGG-1,not_striatum
GTATCAAACGTTAGCT-1,striatum
GTATCAGCTTGGGTTC-1,not_striatum
GTATCCTTTGGTAACC-1,striatum
GTATCGGGACGAGCTG-1,not_striatum
GTATCTTTCATAACCA-1,not_striatum
GTATGACGTGGGAAAC-1,not_striatum
GTATGTGGGTCTAGTT-1,striatum
GTATTAAGGCGTCTAA-1,striatum
GTATTCTGAGAAACGA-1,striatum
GTATTCTTACCGTGCT-1,not_striatum
GTATTTAATGGCATAA-1,not_striatum
GTCAAAGTTTACATAG-1,not_striatum
GTCAACCAGGCCTATA-1,not_striatum
GTCAATTGTACTGAAG-1,not_striatum
GTCACTCTCCAAATCT-1,striatum
GTCAGAATAGTCTATG-1,striatum
GTCAGACAGCGTTGGA-1,not_striatum
GTCAGTTTGGTAGTCG-1,not_striatum
GTCATCTCCTACAGCT-1,not_striatum
GTCATGCACCTCCGTT-1,not_striatum
GTCATGCGCGAGGGCT-1,not_striatum
GTCATGGACATGACTA-1,not_striatum
GTCATTAGAGCGAACG-1,not_striatum
GTCATTGCATTGACCC-1,striatum
GTCCACGTCGCATTCG-1,not_striatum
GTCCATTACTGCTACG-1,not_striatum
GTCCCAACGTAAAGTA-1,not_striatum
GTCCCGCGACGTTATG-1,striatum
GTCCGAGAGCAATCAT-1,not_striatum
GTCCGGACCTGAAATT-1,striatum
GTCCGGCTGAATTGCG-1,not_striatum
GTCCTACAGGCGGCTC-1,not_striatum
GTCCTACGAATAGTCT-1,striatum
GTCCTATTGTTGTGGT-1,not_striatum
GTCCTTCTACAACCCA-1,not_striatum
GTCGATAGGTGACTTT-1,not_striatum
GTCGCCGTTGTGTGTT-1,not_striatum
GTCGCGTAACCCGTTG-1,not_striatum
GTCGGATATCTCAGAC-1,striatum
GTCGGATGTAGCGCGC-1,not_striatum
GTCGGGAACATGGTAG-1,not_striatum
GTCGGGAAGCAGAAAC-1,striatum
GTCGTACCATCTCGGG-1,not_striatum
GTCGTACCTACGATTG-1,not_striatum
GTCGTCAATTATAAGG-1,not_striatum
GTCGTCTGGTTGGCTA-1,not_striatum
GTCGTGTCTGGTCATC-1,not_striatum
GTCGTTATTCGCTTAT-1,striatum
GTCTACTCAATTACAA-1,not_striatum
GTCTAGTGAGCCGCTT-1,not_striatum
GTCTATCTGAGTTTCT-1,striatum
GTCTATTGCATGCTCG-1,not_striatum
GTCTATTGGTTCCGGT-1,striatum
GTCTCAAGGCCCGGCT-1,striatum
GTCTCCCGAGTCCCGT-1,not_striatum
GTCTCGACTAAGTTTG-1,not_striatum
GTCTCGATCTGCTTTC-1,not_striatum
GTCTGCCGACTCGACG-1,not_striatum
GTCTGGGCGGTCGAGA-1,striatum
GTCTTCCTCACCTAAG-1,not_striatum
GTCTTGAGGAGCAGTG-1,not_striatum
GTCTTGTAGCTATTCA-1,not_striatum
GTGAAACGGCGCCACC-1,not_striatum
GTGAAACGTGCTCCAC-1,not_striatum
GTGAACTCCCATTCGA-1,not_striatum
GTGACAGCTTCCCACT-1,striatum
GTGACCGCACACTACG-1,striatum
GTGACCTAAAGAATAA-1,not_striatum
GTGACGAGGGTGACCC-1,not_striatum
GTGACGCAGGTTTCAT-1,striatum
GTGACTTCAGTAGTGC-1,not_striatum
GTGAGCGTGCTGCACT-1,striatum
GTGAGGACACTTAAGG-1,not_striatum
GTGAGTCGACTAATAG-1,not_striatum
GTGAGTCTAAGACGGA-1,not_striatum
GTGAGTGGTACAACGC-1,not_striatum
GTGATCACTAACGCCT-1,striatum
GTGATCATAGATCTGC-1,not_striatum
GTGATCCTTGTCATGA-1,striatum
GTGATTCGCCGCTCAA-1,striatum
GTGCACGAAAGTGACT-1,not_striatum
GTGCAGCGTAGAGTAG-1,not_striatum
GTGCCATCACACGGTG-1,not_striatum
GTGCCCGTTCGGATTC-1,striatum
GTGCCGCTTCAAAGGT-1,striatum
GTGCCTAGCTATGCTT-1,not_striatum
GTGCCTGAGACCAAAC-1,not_striatum
GTGCGAAATCGAACAC-1,striatum
GTGCGACAGGGAGTGT-1,not_striatum
GTGCGCAGCTTGCTCC-1,not_striatum
GTGCGGGACCATCGGC-1,not_striatum
GTGCGGGTCTCCAAAT-1,not_striatum
GTGCGTGTATATGAGC-1,striatum
GTGCTCAAGTACTGTC-1,not_striatum
GTGCTGCAGATAAGGA-1,not_striatum
GTGCTTACATCAGCGC-1,not_striatum
GTGGACCAACCCGATT-1,striatum
GTGGACGCATTTGTCC-1,striatum
GTGGACGTGCTGAGAC-1,not_striatum
GTGGAGCATGTCGGCC-1,not_striatum
GTGGAGTCGGCGGTTG-1,not_striatum
GTGGCCTAATATCATT-1,not_striatum
GTGGCGGTCCCAGCGT-1,striatum
GTGGCTGTTTCTGTTC-1,not_striatum
GTGGGAAGACTGAATC-1,not_striatum
GTGGGCTTAGACACAC-1,striatum
GTGGGTCTTCTTTGCG-1,not_striatum
GTGGTATAGTCTGCCG-1,not_striatum
GTGGTGATGGTTTGTG-1,not_striatum
GTGGTGGCCAAGTGAA-1,striatum
GTGGTTACTTCTTTCG-1,not_striatum
GTGGTTTCCGCCTTTC-1,not_striatum
GTGTACCTTGGCTACG-1,not_striatum
GTGTACGAACCGTTCC-1,not_striatum
GTGTATATCAGCGGGC-1,not_striatum
GTGTATGACTTTAAAG-1,not_striatum
GTGTCGTATAGCGTTC-1,not_striatum
GTGTGAATAACTTAGG-1,not_striatum
GTGTGTCGACGTCGCT-1,not_striatum
GTGTTACTATGCGTCC-1,not_striatum
GTTAAAGTAGGACTGG-1,striatum
GTTAACATCACTTAAA-1,striatum
GTTAACTATGTTGTCA-1,not_striatum
GTTAAGGGTGCGATGT-1,striatum
GTTAAGTTAGAGTGGG-1,not_striatum
GTTAATGTCTATCTTA-1,not_striatum
GTTACAATTGGTGACG-1,striatum
GTTACCTACAACTTGC-1,not_striatum
GTTACGAAATCCACGC-1,not_striatum
GTTACTTTGGGCCTAG-1,not_striatum
GTTAGCCCATGACATC-1,not_striatum
GTTAGCCGTAAATCAA-1,not_striatum
GTTATAATACGGTGAA-1,striatum
GTTATATTATCTCCCT-1,not_striatum
GTTATCAAGCTATCGA-1,not_striatum
GTTATTAACGTGGGAG-1,striatum
GTTCAAATCAGATGTC-1,not_striatum
GTTCACAGGAGTCTAG-1,striatum
GTTCATCGTTTGGCTG-1,not_striatum
GTTCCAAGACAGCGAC-1,not_striatum
GTTCCAGTCTGACCAT-1,not_striatum
GTTCCCGTAAACATAT-1,not_striatum
GTTCGCCATAAGTGCC-1,not_striatum
GTTCGCTGAGACGTCT-1,striatum
GTTCGGAGCACTCAAC-1,not_striatum
GTTCGGATCGGGAACA-1,not_striatum
GTTCGGGCGTACCATT-1,not_striatum
GTTCGTCTAAAGAACT-1,striatum
GTTCTTCCCTCGATGT-1,not_striatum
GTTGAACCGGTTCCAT-1,striatum
GTTGAGTCCCGCCGGT-1,striatum
GTTGCACGGAGTTTCG-1,not_striatum
GTTGCAGTCGACAACA-1,not_striatum
GTTGCGCTAACATTAC-1,not_striatum
GTTGCGGACGGTCAGG-1,not_striatum
GTTGGATTGAGAACAC-1,not_striatum
GTTGGATTTGCGTTGG-1,not_striatum
GTTGGTCATGCTATCC-1,striatum
GTTGTCGTGTTAGTTG-1,not_striatum
GTTGTTGCAAGATGGC-1,not_striatum
GTTTACGTTCCATCTG-1,not_striatum
GTTTATGGGATTTAGA-1,not_striatum
GTTTCAAACGAGTTGT-1,not_striatum
GTTTCATATCGTCGCT-1,striatum
GTTTCCTGGAGGGTGA-1,not_striatum
GTTTCTAGAGGCGCGG-1,not_striatum
GTTTCTGCAGTCTCCC-1,not_striatum
GTTTGACCAAATCCTA-1,not_striatum
GTTTGGCCCAAGTTAT-1,striatum
GTTTGGCCGCTCAGCG-1,not_striatum
GTTTGGGCTTGTGAGC-1,striatum
GTTTGGGTTTCGCCCG-1,striatum
GTTTGGTAGGGTCAAC-1,not_striatum
TAAACCCAGGAGGGCA-1,not_striatum
TAAACGTCGTCAATGA-1,not_striatum
TAAAGACAACCCTTTA-1,not_striatum
TAAAGAGCCCGAAACC-1,not_striatum
TAAAGCGTTAGGAGAA-1,not_striatum
TAAATGAATCCGTTTC-1,striatum
TAAATGGGCTACTGAG-1,not_striatum
TAACAAAGGGAGAAGC-1,striatum
TAACAATATTTGTTGC-1,striatum
TAACATACAATGTGGG-1,not_striatum
TAACCGCCCGCAGTGC-1,not_striatum
TAACCTACCGTCCGAG-1,not_striatum
TAACCTAGGGAGTCCA-1,not_striatum
TAACGCTTTGAGAGCG-1,striatum
TAACTATCGAAGGTCC-1,striatum
TAACTATTACGCCAAA-1,not_striatum
TAACTCATCCGCGCGG-1,not_striatum
TAACTCCATGGAGGCT-1,not_striatum
TAAGATTTAGCGGGAG-1,not_striatum
TAAGCAGGCGACACGC-1,striatum
TAAGGAACTTGTGGGA-1,not_striatum
TAAGGCAACATAAGAT-1,not_striatum
TAAGGCATAACATCAA-1,not_striatum
TAAGGCCCGTCACCCT-1,striatum
TAAGGCTGAATCCCTC-1,striatum
TAAGGGCCTGTCCGAT-1,striatum
TAAGGGCTGGGAGAGG-1,striatum
TAAGTAACATCTTGAC-1,striatum
TAAGTTGCGACGTAGG-1,striatum
TAATACACAGTAGTAT-1,not_striatum
TAATACTAGAACAGAC-1,not_striatum
TAATAGAACAGAGTTA-1,striatum
TAATAGTGACGACCAG-1,not_striatum
TAATATTGAAATTCGC-1,not_striatum
TAATCAACCAAATGGG-1,not_striatum
TAATCGATCCGTACGT-1,not_striatum
TAATGAAAGACCCTTG-1,striatum
TAATTACGTCAGTAGA-1,striatum
TAATTAGATGGATATG-1,not_striatum
TAATTAGGACATCCGT-1,not_striatum
TAATTCCAATGCTTCA-1,not_striatum
TAATTTCCGTCCAGTA-1,not_striatum
TACAACGCACAACTCA-1,not_striatum
TACAAGGGCTTCTTTA-1,not_striatum
TACAAGTCTCGTGCAT-1,striatum
TACACCTCTTCGAATC-1,not_striatum
TACAGAAACGGTGGGC-1,striatum
TACATAGGCATACACC-1,not_striatum
TACATCCCTATCCCTG-1,not_striatum
TACATCTTGTTTCTTG-1,not_striatum
TACATGACCTTATCCG-1,not_striatum
TACATGCCGGAATTGT-1,not_striatum
TACATTTCTAACGTGC-1,not_striatum
TACCAAATAGCCCAGA-1,striatum
TACCAATAAAGTACCA-1,striatum
TACCAGAAGTAGGTTC-1,not_striatum
TACCATGTATTGATTT-1,not_striatum
TACCCTCGGTAACCCT-1,not_striatum
TACCGAATAATTGTAA-1,not_striatum
TACCGCGGACTTGCAG-1,not_striatum
TACCGGCTCACTGCCC-1,not_striatum
TACCGGTCGTTTCCAT-1,striatum
TACCGTAGGTTAACTA-1,striatum
TACCGTGCCTCGGACC-1,striatum
TACCTACTCCCAGTAT-1,striatum
TACCTATCCCTAGAGG-1,not_striatum
TACCTCACGCTTGTAC-1,not_striatum
TACCTCTTTACCATCC-1,not_striatum
TACCTGCTGCACTGTG-1,striatum
TACCTTAAGATTTCCC-1,striatum
TACGACGCTTGCTGCG-1,not_striatum
TACGACTGCCTCTTAG-1,not_striatum
TACGAGAACTTCACGT-1,striatum
TACGATGTTGATCATC-1,striatum
TACGCAGTTCTTTCCT-1,not_striatum
TACGCCATATTCTAAT-1,not_striatum
TACGCCGCCTCAGAAG-1,not_striatum
TACGCCTCCATTCCGA-1,striatum
TACGCTATAGAAACCT-1,not_striatum
TACGCTCGGTATTGGA-1,not_striatum
TACGGAAGCCAAACCA-1,not_striatum
TACGGCATGGACGCTA-1,not_striatum
TACGGGATGCTAGCAG-1,not_striatum
TACGGGTAATAACATA-1,not_striatum
TACGTAAAGCGGAGTG-1,not_striatum
TACGTGCAAGGTTCCT-1,not_striatum
TACGTGCACTATGCTG-1,striatum
TACGTGGGCCCAGGGC-1,not_striatum
TACGTTTACCGGCAAT-1,striatum
TACTACGTGCAATGCG-1,not_striatum
TACTATGGTTCCTCAG-1,not_striatum
TACTCGGCACGCCGGG-1,striatum
TACTCGTTTGAATCAA-1,not_striatum
TACTCTCCGAACAAAT-1,not_striatum
TACTCTTACTTTACTG-1,not_striatum
TACTCTTTCGTCTTCA-1,not_striatum
TACTGAACAGATTTAG-1,not_striatum
TACTGGACAGCTCGGC-1,striatum
TACTGTTTCTCTGGTA-1,not_striatum
TACTTAAACATGTACA-1,not_striatum
TACTTGTTAGTAGTCC-1,striatum
TACTTTACTGAGCCGG-1,not_striatum
TAGAAACACAATAGTG-1,not_striatum
TAGAAAGGTGGCGCTA-1,not_striatum
TAGAAATTCACGTATA-1,not_striatum
TAGAACGCCAGTAACG-1,not_striatum
TAGAAGAAGGGTTACA-1,not_striatum
TAGAATAGCCGATGAA-1,striatum
TAGACGAAACGCCAAT-1,striatum
TAGACGCCCGTACCGG-1,not_striatum
TAGACTACCTAGCGTT-1,not_striatum
TAGAGATCATGCAACT-1,striatum
TAGAGCTACGAAGAAC-1,not_striatum
TAGAGGTTCTACTTGT-1,striatum
TAGAGTCTAAGCGAAC-1,not_striatum
TAGATATGGACTGGAA-1,not_striatum
TAGATGGTTCCTTACT-1,striatum
TAGATTCCTGGTTATT-1,striatum
TAGCAACCTGTCACAA-1,striatum
TAGCAGATACTTAGGG-1,not_striatum
TAGCAGTATGACTAAA-1,not_striatum
TAGCCAGAGGGTCCGG-1,not_striatum
TAGCCATTTCAAAGTC-1,striatum
TAGCCGGCGGTCAGCG-1,not_striatum
TAGCGTCCCTCGATTG-1,striatum
TAGCGTCCGGTGTGGT-1,striatum
TAGCGTCGAATATTGA-1,not_striatum
TAGCGTTGGGTCTTAC-1,not_striatum
TAGCTAAGTCCGGGAG-1,not_striatum
TAGCTAGAAGGCATGA-1,not_striatum
TAGCTCGCCTGATAAC-1,not_striatum
TAGCTGATGTGAAGCG-1,not_striatum
TAGGCATGTTACGCCA-1,not_striatum
TAGGCCTATATAGTCT-1,not_striatum
TAGGCTAAAGTGGCAC-1,not_striatum
TAGGGAGCTTGGGATG-1,not_striatum
TAGGGTGTTTCAAGAG-1,not_striatum
TAGGTCCAAGTAAGGA-1,striatum
TAGGTCGCCGGAACTG-1,not_striatum
TAGGTGACGATAACCT-1,striatum
TAGGTGAGCCCTACTC-1,striatum
TAGGTGCTCGCCTAGC-1,striatum
TAGGTGTTCCACAGAT-1,striatum
TAGGTTCGAGTTCGTC-1,not_striatum
TAGTACCTTAGTGGTC-1,striatum
TAGTCCGCAGAGAATG-1,not_striatum
TAGTCCGTATGCATAA-1,not_striatum
TAGTCGATCACGGGTT-1,striatum
TAGTCGGGATTCTTCG-1,not_striatum
TAGTCTAACAACGAGA-1,striatum
TAGTCTTTCCGAATTG-1,not_striatum
TAGTGCTTGAATCCTT-1,not_striatum
TAGTGTCAGAAACGGC-1,striatum
TATAAATCCACAAGCT-1,not_striatum
TATAAGTGAGGATAGC-1,not_striatum
TATACACAGACGCCTT-1,not_striatum
TATACACGCAAAGTAT-1,not_striatum
TATACCGAGTGCCACA-1,not_striatum
TATACGCGTCATCACT-1,striatum
TATACTCATGCGGCAA-1,not_striatum
TATAGATGGTCGCAGT-1,not_striatum
TATAGGGTACTCATGA-1,striatum
TATATCATTGATCAGT-1,not_striatum
TATATCCCTGGGAGGA-1,not_striatum
TATATGCTGGGTTGCC-1,not_striatum
TATCAAAGGTCTGTAA-1,not_striatum
TATCCAATTGGTTATC-1,not_striatum
TATCCATATCATGCGA-1,not_striatum
TATCCGCACCGTCGGG-1,not_striatum
TATCCTGCATGGGAAT-1,not_striatum
TATCGATCTATGCATA-1,not_striatum
TATCGATGATTAAACG-1,not_striatum
TATCTACAGAGGTAAT-1,striatum
TATCTACCACAGCGGG-1,not_striatum
TATCTAGCCTAAAGGA-1,not_striatum
TATGAAGAATTAAGGT-1,not_striatum
TATGAAGACAGGTGCG-1,striatum
TATGATCCGGCACGCC-1,not_striatum
TATGATCTTCTCTTTA-1,striatum
TATGATTCTGCTTGGT-1,not_striatum
TATGCTCCCTACTTAC-1,not_striatum
TATGGAGTTTCTCGTT-1,not_striatum
TATGGATGTGCTACGC-1,not_striatum
TATGGCCCGGCCTCGC-1,striatum
TATGGGACCGAGCAGG-1,not_striatum
TATGGGTACGTATCGT-1,not_striatum
TATGGTCTGAGTAACA-1,not_striatum
TATGGTTAGTGGGAGA-1,not_striatum
TATGTCTCATTGTGCC-1,not_striatum
TATTAACCTGACCGCG-1,not_striatum
TATTACCATCCTGCTT-1,not_striatum
TATTCAATTCTAATCC-1,not_striatum
TATTCCACTCAGCTCG-1,not_striatum
TATTCCGAGCTGTTAT-1,striatum
TATTCCTCCGCCCACT-1,striatum
TATTCGTGCCAGAATA-1,not_striatum
TATTGACATTTCTGCC-1,not_striatum
TATTGCCGGGCTTGTA-1,not_striatum
TATTTAGTCTAGATCG-1,not_striatum
TATTTATACCGAGTAG-1,not_striatum
TATTTGATTTGCACAG-1,not_striatum
TATTTGTTACCCTTTA-1,not_striatum
TCAAACAACCGCGTCG-1,not_striatum
TCAAACTTAGATTGTT-1,not_striatum
TCAAATTGTTGTGCCG-1,not_striatum
TCAAATTTGAGACTCA-1,striatum
TCAACACATTGGGTAA-1,not_striatum
TCAACATCGACCGAGA-1,not_striatum
TCAACCATGTTCGGGC-1,not_striatum
TCAACGAGGAGACAAA-1,not_striatum
TCAACGCAGGAAATAA-1,striatum
TCAACGCGACCGGCAG-1,striatum
TCAACTAACGTATAAC-1,striatum
TCAACTGCAGAGTCAG-1,striatum
TCAAGAAATACTAGCT-1,not_striatum
TCAAGCGCGGACGGTA-1,not_striatum
TCAAGGTTACTACACC-1,striatum
TCAATACAATTGCTGC-1,not_striatum
TCAATACGCCGTCATG-1,not_striatum
TCAATATACAGGAGGC-1,not_striatum
TCAATCCCGCGCCAAA-1,not_striatum
TCACAAACCGAGGTAC-1,striatum
TCACAGATCCTCAAAC-1,not_striatum
TCACAGCAAACTCGAA-1,not_striatum
TCACAGGAGAATAAGA-1,not_striatum
TCACAGGGAATCGCAA-1,striatum
TCACAGGTTATTGGGC-1,striatum
TCACATCTTATCTGAT-1,striatum
TCACCCTCTTAAGATT-1,not_striatum
TCACCGCTCGGCACTC-1,not_striatum
TCACGCATTGTAGATC-1,striatum
TCACGGTCATCGCACA-1,not_striatum
TCACGTGCCCGATTCA-1,not_striatum
TCACTATCCCTTCGGT-1,not_striatum
TCACTATCGTGCAATC-1,not_striatum
TCACTCTTCGTCTGTC-1,not_striatum
TCAGAACCTCCACAGG-1,not_striatum
TCAGACGCTATAGAAG-1,not_striatum
TCAGAGTGTGAGCATG-1,not_striatum
TCAGCAAATGCATCTC-1,not_striatum
TCAGCCAATCCGTAAA-1,not_striatum
TCAGGGCGACTTCCTT-1,not_striatum
TCAGGGCGCAAACTCG-1,striatum
TCAGGGTGTAACGTAA-1,not_striatum
TCAGGTTCTTTGAGAA-1,striatum
TCAGTACTGACCCGCG-1,striatum
TCAGTAGGGACTATAA-1,not_striatum
TCATAAGTCCAAGAAG-1,not_striatum
TCATACTTACAGATCC-1,striatum
TCATATGAGCTTTGTT-1,not_striatum
TCATCACTCGAGCTCG-1,not_striatum
TCATCCTCAGCTGCTT-1,not_striatum
TCATCGACGACCGTCG-1,not_striatum
TCATGCAGGTTCTCAT-1,not_striatum
TCATTTAAGTCTCCGA-1,not_striatum
TCATTTAGAAGTGTGA-1,striatum
TCCAACTCAGCTATCT-1,not_striatum
TCCAACTTTAAATTCT-1,striatum
TCCAAGCCTAGACACA-1,not_striatum
TCCACAATGGTTTACG-1,striatum
TCCACCAAGACATAGG-1,not_striatum
TCCACCTCTAGCCTTT-1,not_striatum
TCCACTTTATCTAGGT-1,not_striatum
TCCAGAGCACCGGTTC-1,not_striatum
TCCAGCGCTATAAGCG-1,not_striatum
TCCAGGCGAGTACGGT-1,not_striatum
TCCAGGGTATATACGA-1,striatum
TCCATTAGTTGGATAG-1,not_striatum
TCCCAAAGACGAAGGA-1,not_striatum
TCCCAAAGCCCTAAAT-1,not_striatum
TCCCACTCTCTTCCGG-1,not_striatum
TCCCAGCACACGACAT-1,not_striatum
TCCCAGCTTTAGTCTG-1,not_striatum
TCCCAGGCTTAGCTAA-1,striatum
TCCCGCCTATGTGCGT-1,not_striatum
TCCCGCGTACTCCTGG-1,not_striatum
TCCCGGGTGTGCTGCT-1,striatum
TCCCGGTCAGGAATTT-1,not_striatum
TCCCGTCAGTCCCGCA-1,not_striatum
TCCCGTCGCGTCATAG-1,not_striatum
TCCCGTGTGCAATTTG-1,striatum
TCCCTAGATCAATAGG-1,not_striatum
TCCCTCCGAAATCGTT-1,not_striatum
TCCCTCTTCTCAAGGG-1,not_striatum
TCCCTGGCTCGCTGGA-1,striatum
TCCCTTAGATTACTCG-1,not_striatum
TCCCTTGTCTGAAACT-1,not_striatum
TCCGAACGTTGCCGCT-1,not_striatum
TCCGAACTTGGCTTAC-1,striatum
TCCGAATGGTCCTGAG-1,not_striatum
TCCGAGAAGGCTAAGC-1,not_striatum
TCCGATAATTGCCATA-1,not_striatum
TCCGATGACTGAGCTC-1,not_striatum
TCCGATGGTGCGACAT-1,not_striatum
TCCGATTACATTGCCG-1,striatum
TCCGCAGCCACCTAGC-1,not_striatum
TCCGCCTGTCTACAAG-1,not_striatum
TCCGCGGCAGCATCTG-1,not_striatum
TCCGCGGCCCAATGAA-1,striatum
TCCGCTGTCATCCCGG-1,striatum
TCCGCTTATCCCATTA-1,not_striatum
TCCGGCCTAGCGTACA-1,not_striatum
TCCGGCTGTCGGGTCG-1,not_striatum
TCCGGGCTTGACGGGA-1,not_striatum
TCCGGTTCGTCCGGTC-1,not_striatum
TCCGTAACCACAATCC-1,not_striatum
TCCGTTAAGCTAATAT-1,striatum
TCCGTTTAGCCTTGAA-1,not_striatum
TCCTAAAGATTCAGAC-1,not_striatum
TCCTAAATTGGGAAGC-1,striatum
TCCTACATCCACGGCC-1,striatum
TCCTAGCAAAGAAGCT-1,striatum
TCCTATCATAGGTAAC-1,not_striatum
TCCTCCTAAGACATTC-1,not_striatum
TCCTCGGGCTGGGCTT-1,not_striatum
TCCTCTACGAGATGGC-1,striatum
TCCTCTCCAGTTGTCC-1,striatum
TCCTGCGTTGATACTC-1,striatum
TCCTTACGACGGTCCG-1,striatum
TCCTTCAATCCCTACG-1,not_striatum
TCCTTTAAATCCGCTT-1,striatum
TCCTTTCTTACGCTTA-1,not_striatum
TCGAAATTTAGGACCA-1,striatum
TCGAAGAACCGAGCAC-1,striatum
TCGAGACCAACACCGT-1,not_striatum
TCGAGGGCAACAGACG-1,not_striatum
TCGATAGGCTAGTCGC-1,not_striatum
TCGCAAAGATGCATTT-1,striatum
TCGCACCAGGAGGCAG-1,striatum
TCGCACTAACGTTTGT-1,not_striatum
TCGCATAAAGGGCGCA-1,not_striatum
TCGCATCCCTAAGTGT-1,not_striatum
TCGCATTCAATGACTT-1,not_striatum
TCGCCCACTGCGAGAG-1,not_striatum
TCGCCGAAGTTGCGTC-1,striatum
TCGCCGACATATTCGC-1,not_striatum
TCGCCGGATGGGCAAG-1,not_striatum
TCGCCGGTCGATCCGT-1,not_striatum
TCGCCTCGACCTGTTG-1,not_striatum
TCGCGTAGCAGTGTCC-1,striatum
TCGCGTCCAGAAGGTC-1,striatum
TCGCTAAACCGCTATC-1,not_striatum
TCGCTACTGGCTTTGA-1,striatum
TCGCTCGATATATTCC-1,not_striatum
TCGCTGCCAATGCTGT-1,not_striatum
TCGCTGGGCGGATTGT-1,not_striatum
TCGCTGTGCGTAAATC-1,not_striatum
TCGCTTTAAACGTTTG-1,not_striatum
TCGGAATGCGCTCTGA-1,striatum
TCGGACGCCCAGCCCA-1,not_striatum
TCGGAGAGTATCGGGA-1,striatum
TCGGAGTACATGAGTA-1,not_striatum
TCGGCGAACCCAAACC-1,striatum
TCGGCTTGTATCGACG-1,striatum
TCGGGAACGTGCCTAG-1,not_striatum
TCGGGAGACAGCGTAC-1,striatum
TCGGGATTCAAACATA-1,not_striatum
TCGGGCCGTCGTGGTA-1,striatum
TCGTAACTCCCAAGAC-1,not_striatum
TCGTAAGACGACATTG-1,not_striatum
TCGTATTACCCATTGC-1,striatum
TCGTCACACTGTTAGC-1,striatum
TCGTCCGCTGGCGTCT-1,striatum
TCGTCTTAGGCGTTAA-1,striatum
TCGTGTACTATGGATG-1,striatum
TCGTGTATTGGTCACG-1,not_striatum
TCGTGTCACGCTGACA-1,striatum
TCGTGTTCGACCACAA-1,striatum
TCGTTAGGAGTCCCTA-1,not_striatum
TCGTTGACAGGGTCCC-1,not_striatum
TCGTTGCTATCCGGTC-1,not_striatum
TCGTTGGCTCGTCAAT-1,not_striatum
TCGTTTACGCGACCCT-1,not_striatum
TCTAACTGTATGTAAA-1,not_striatum
TCTACCCAATAGAGAG-1,striatum
TCTACCGTCCACAAGC-1,not_striatum
TCTAGCAATCTCCGCC-1,striatum
TCTAGCATCTTCGATG-1,not_striatum
TCTAGCATGCCCAGAA-1,not_striatum
TCTAGGTGGCGACGCT-1,not_striatum
TCTAGTGATATCGTGG-1,striatum
TCTAGTTATCAGAAGA-1,not_striatum
TCTATAGGTGGGTAAT-1,not_striatum
TCTATCATGCAGTTAC-1,not_striatum
TCTATCCGATTGCACA-1,not_striatum
TCTATCGGTCGCAACA-1,not_striatum
TCTATGCTATAACGAC-1,striatum
TCTATTACGCTGGCGA-1,not_striatum
TCTATTACTAGAGGAT-1,not_striatum
TCTCAAATCAATCGGG-1,not_striatum
TCTCATGAGATAGGGT-1,striatum
TCTCCAACGTAGGTTA-1,not_striatum
TCTCCACAAGTTGAAT-1,striatum
TCTCCCTGGGCAGCGT-1,striatum
TCTCGACGTATCGCCG-1,not_striatum
TCTCGAGGAGGTTCGC-1,striatum
TCTCGGCTCCAGGACT-1,not_striatum
TCTCTAATAGCTGGTA-1,not_striatum
TCTCTCGCCGCACATA-1,not_striatum
TCTGAACCGGTCGGCT-1,striatum
TCTGAACTCGTACCCG-1,striatum
TCTGAAGCACGTGGTC-1,striatum
TCTGAATTCCGTACAA-1,not_striatum
TCTGACGGGCTAACCC-1,not_striatum
TCTGACTGTAATGGTT-1,not_striatum
TCTGAGCAATTGACTG-1,striatum
TCTGATCGGGTGCTAG-1,not_striatum
TCTGATGTATTCTGTC-1,striatum
TCTGATTGGAAATGGA-1,not_striatum
TCTGCAGATTCGAGTC-1,not_striatum
TCTGCATACCTTGCTT-1,striatum
TCTGCCAGAAACTGCA-1,striatum
TCTGCGTCCGGTTTCT-1,not_striatum
TCTGCTTAGAACAAGC-1,not_striatum
TCTGGAGCGTAAGAGT-1,not_striatum
TCTGGCCGTTCAAGTT-1,not_striatum
TCTGGCGCAAGCCGGG-1,not_striatum
TCTGGGAACCTTTGAA-1,striatum
TCTGGGTAGCGCTCAT-1,striatum
TCTGTCATACAAGAGC-1,not_striatum
TCTGTGACTGACCGTT-1,not_striatum
TCTGTGCCATCATAGT-1,not_striatum
TCTGTTACCCAGCATA-1,striatum
TCTTAACTCGGATGTA-1,not_striatum
TCTTACAGAGGTACCG-1,not_striatum
TCTTACCGGAACTCGT-1,not_striatum
TCTTACGGCATCCGAC-1,striatum
TCTTACTTATGCCTCT-1,striatum
TCTTAGAGCTCCAATT-1,not_striatum
TCTTAGAGTGAACTCT-1,striatum
TCTTCCCATGGGCACA-1,not_striatum
TCTTCGAATAGACGTT-1,not_striatum
TCTTCGATACCAATAA-1,not_striatum
TCTTCGCGGTGAGAGG-1,not_striatum
TCTTCTATAACCCGCC-1,striatum
TCTTGATGCGTAGCGA-1,not_striatum
TCTTGCTCCCGATACT-1,striatum
TCTTGGTAACACCAAA-1,not_striatum
TCTTTAAGACTATGAA-1,not_striatum
TCTTTAGAGTCTAACA-1,not_striatum
TCTTTAGCAGGCGAAC-1,not_striatum
TCTTTCCTTCGAGATA-1,not_striatum
TGAAAGGACCTGACTC-1,not_striatum
TGAACACCCGAAGCAG-1,not_striatum
TGAACTGCTATGACTT-1,not_striatum
TGAAGAGCGGTCCTAG-1,not_striatum
TGAAGTAGCTTACGGA-1,not_striatum
TGAATACCGACGCGTA-1,not_striatum
TGAATGTCAGCCGGCC-1,striatum
TGAATTTCACTTGCCT-1,not_striatum
TGACAACGCATGTCGC-1,not_striatum
TGACATATATGACGAT-1,not_striatum
TGACATCGAGCGGACC-1,not_striatum
TGACCCACGTTAGACA-1,striatum
TGACGAATATTTCCCT-1,striatum
TGACGATGCACTAGAA-1,not_striatum
TGACTATAATCCTTTC-1,not_striatum
TGACTCTAACTGGTAA-1,not_striatum
TGAGAATGCTTTACCG-1,not_striatum
TGAGACGTACCTCTCA-1,not_striatum
TGAGAGATTTACCACG-1,striatum
TGAGCAGTCGTGAAGT-1,not_striatum
TGAGCCATACAGTCTC-1,striatum
TGAGCGGAAAGTGTTC-1,striatum
TGAGCTCAACTGTATA-1,not_striatum
TGAGCTTTAATGACGC-1,not_striatum
TGAGGAGTGCCAGCTT-1,striatum
TGAGTAAATTAGCGTA-1,not_striatum
TGAGTGCCTCTTAAAT-1,striatum
TGAGTGGTCCGTGACG-1,not_striatum
TGAGTTAAAGACATTC-1,striatum
TGATACATTTAGCCGT-1,not_striatum
TGATAGCGGGATTCTA-1,not_striatum
TGATCAGGGAACTGCT-1,striatum
TGATCCCAGCATTAGT-1,not_striatum
TGATCGGTTTGACCCT-1,not_striatum
TGATCTATCACACTCT-1,not_striatum
TGATCTCCGGCGCCAG-1,striatum
TGATGGCTGTTTCTGA-1,not_striatum
TGATGGGACTAAGTCA-1,not_striatum
TGATGTCAATTAAGTG-1,striatum
TGATTCGTCTATCACT-1,striatum
TGATTCTGTCGCCGGT-1,striatum
TGATTTATTAGCTGTG-1,striatum
TGATTTCCTCCTGACG-1,not_striatum
TGCAACCCATCTGCGG-1,striatum
TGCAACTACTGGTTGA-1,not_striatum
TGCAAGAATGACGTAA-1,not_striatum
TGCAATCTAACACGGT-1,striatum
TGCACTATGTGAGTGC-1,not_striatum
TGCAGAACTATATCGT-1,striatum
TGCAGAGTACCGAGCA-1,not_striatum
TGCAGATCGTCCTAGG-1,not_striatum
TGCAGCTACGTACTTC-1,not_striatum
TGCAGGATCGGCAAAG-1,not_striatum
TGCAGTTTCCTCCCAT-1,striatum
TGCATATGTCTGTCAC-1,not_striatum
TGCATGGATCGGATCT-1,not_striatum
TGCATGTGGTAATCTA-1,not_striatum
TGCCAAAGTCAGACTT-1,not_striatum
TGCCAATGGGTACTCT-1,not_striatum
TGCCACCTGGCGAAAC-1,not_striatum
TGCCAGTACGTGGAGA-1,striatum
TGCCATTACTAAAGAA-1,not_striatum
TGCCCGTACCGTTAAA-1,not_striatum
TGCCGAAAGCGTATTC-1,not_striatum
TGCCGATGTCATCAAT-1,not_striatum
TGCCGTGGATCGTCCT-1,striatum
TGCCTAAATTTAATAG-1,not_striatum
TGCCTAATTGAAGATT-1,striatum
TGCCTGACATCGGTCA-1,not_striatum
TGCCTGATCAAACGAT-1,not_striatum
TGCCTTGGCCAGGCAA-1,striatum
TGCGAATATGGGATTT-1,not_striatum
TGCGACACCCTAGTGC-1,not_striatum
TGCGAGAAACGTTACG-1,not_striatum
TGCGAGAATATTACCC-1,striatum
TGCGATGCTAATGGCT-1,not_striatum
TGCGCAAAGCATTTGG-1,not_striatum
TGCGCCGTTAATAACG-1,not_striatum
TGCGCGATTAACGGAG-1,striatum
TGCGGACTTGACTCCG-1,not_striatum
TGCGGAGTAAAGGTGC-1,not_striatum
TGCGTAAGAACCTGAT-1,striatum
TGCGTACGGCTAATTG-1,not_striatum
TGCGTGATTGGGTGTC-1,not_striatum
TGCGTTTGTTGACACT-1,not_striatum
TGCTAAGTGTCTATTT-1,striatum
TGCTCCACAGTTCTTA-1,striatum
TGCTCGGCGAAACCCA-1,striatum
TGCTCGGTGGGTCACC-1,not_striatum
TGCTCTTGAGAGTTTG-1,striatum
TGCTGGTTGGACAATT-1,not_striatum
TGCTGTTGAAGAACTC-1,not_striatum
TGCTTCCCAAGCAGTA-1,striatum
TGCTTGAAACCATGCA-1,not_striatum
TGGAAACGGAGTGAAC-1,not_striatum
TGGAAGAAGGGAACGT-1,striatum
TGGAAGACGAACACCA-1,not_striatum
TGGAAGGATAAAGATG-1,not_striatum
TGGAATTAGACGCTTT-1,striatum
TGGACACCGTTGCTTG-1,not_striatum
TGGACCAATCTAAGAT-1,striatum
TGGACCACGGCGTTGA-1,not_striatum
TGGACGTAGGCGAATC-1,not_striatum
TGGACTGTTCGCTCAA-1,not_striatum
TGGAGTGATGCGATGA-1,striatum
TGGATAGAGTAACAGA-1,not_striatum
TGGCAAACTAAATTAC-1,striatum
TGGCAACTCGCGCGCC-1,not_striatum
TGGCAATGGGACGGCG-1,striatum
TGGCAGATTACGATCA-1,not_striatum
TGGCAGCAGTAATAGT-1,not_striatum
TGGCCAAACTGAAGTA-1,not_striatum
TGGCCGTATATTGACC-1,striatum
TGGCGACTGCTCCAAA-1,not_striatum
TGGCGATCAAGTTATG-1,not_striatum
TGGCGGTGTGCGATTG-1,not_striatum
TGGCTACACTCTACCT-1,not_striatum
TGGCTATGTGACATAC-1,striatum
TGGCTCTTGTCGCGTA-1,not_striatum
TGGCTTTGGGTAGACA-1,not_striatum
TGGGAAATGCCTTTCC-1,striatum
TGGGACCATTGGGAGT-1,not_striatum
TGGGCAATAGTTGGGT-1,striatum
TGGGCACAAACAGAAC-1,not_striatum
TGGGCAGGCCACCGCA-1,not_striatum
TGGGCCACAAGAGCGC-1,not_striatum
TGGGCCCATACTAATT-1,striatum
TGGGCCTTGCCTGCAT-1,not_striatum
TGGGTGCACAAGCCAT-1,not_striatum
TGGGTGTAATAGATTT-1,not_striatum
TGGGTTCCCGGACGGA-1,not_striatum
TGGTAAGCAGGATTGA-1,not_striatum
TGGTAGAATATATGGG-1,striatum
TGGTCCCACGCTACGG-1,striatum
TGGTCGTGCAAGGCAA-1,not_striatum
TGGTCTAGCTTACATG-1,not_striatum
TGGTCTGTTGGGCGTA-1,striatum
TGGTGATCGTATTTGT-1,striatum
TGGTTAAGGGCGCTGG-1,not_striatum
TGGTTATGCTTGCGGT-1,not_striatum
TGGTTCAACGGGTAAT-1,striatum
TGGTTCGTAGCAAAGG-1,not_striatum
TGTAACTTGTCAACCT-1,not_striatum
TGTAATGACCACAATA-1,not_striatum
TGTACCTACACGAGGG-1,striatum
TGTACGAACAAATCCG-1,not_striatum
TGTACTGTGCCAAAGT-1,not_striatum
TGTACTTCCGGGCATG-1,not_striatum
TGTAGCCAATTCCGTT-1,not_striatum
TGTAGCCATCCCATTC-1,not_striatum
TGTAGGAGAAATTTCC-1,not_striatum
TGTAGTGATCTATAAT-1,striatum
TGTATAACAGATCCTG-1,not_striatum
TGTATCCTTATTCCAT-1,not_striatum
TGTATGGCGCAGACAG-1,striatum
TGTCCACGGCTCAACT-1,not_striatum
TGTCCGTGGCGCCTTT-1,striatum
TGTCCTAAGTCACCGC-1,striatum
TGTCGGCATGGTGGAA-1,not_striatum
TGTCTACAGTTTCTGT-1,not_striatum
TGTGACTACGCCAGTC-1,not_striatum
TGTGACTAGAGTTTGC-1,not_striatum
TGTGAGACTAGCCCAA-1,striatum
TGTGCCGGTGCCGGAA-1,striatum
TGTGCTTTACGTAAGA-1,striatum
TGTGGACTATCTACGT-1,not_striatum
TGTGGCAAAGCGTATG-1,not_striatum
TGTGGCTCCCACCAAC-1,not_striatum
TGTGGTAGGGTGCCTT-1,not_striatum
TGTGTAGTAGCACGTG-1,not_striatum
TGTGTCGCGAGTTGCA-1,striatum
TGTGTTCGTATCCAAG-1,striatum
TGTTATTGTATGTGGC-1,striatum
TGTTCATAAATGTGCT-1,not_striatum
TGTTCCGCTTCCATGA-1,striatum
TGTTCGTATTGCGGTG-1,not_striatum
TGTTCTTCCATTGACT-1,striatum
TGTTGCCGTCGTCCCA-1,not_striatum
TGTTGTCAAGAAGTCT-1,not_striatum
TGTTTCGGTACTTCTC-1,not_striatum
TGTTTGAGATCGTCAG-1,not_striatum
TTAAACAGAGTCCCGC-1,not_striatum
TTAAACCGGTAGCGAC-1,not_striatum
TTAAACCTGGTTCCTT-1,not_striatum
TTAAACTCGAATTCAT-1,not_striatum
TTAAAGTAAGTCGCCA-1,not_striatum
TTAACACCTCGAACAT-1,striatum
TTAACCAACCCTCCCT-1,not_striatum
TTAACGTTAAAGCCTG-1,not_striatum
TTAACTCACGCGTGGA-1,striatum
TTAACTTCAGGTAGGA-1,striatum
TTAAGATAGGATTGAC-1,striatum
TTAAGCGCCTGACCCA-1,striatum
TTAAGGATACGGAGGT-1,not_striatum
TTAAGTATTGTTATCC-1,striatum
TTAATCAGTACGTCAG-1,not_striatum
TTAATGTAGACCAGGT-1,not_striatum
TTAATGTGTTTGCAGG-1,not_striatum
TTAATTGCTTTGGGTG-1,striatum
TTAATTTCAGACGCGG-1,not_striatum
TTACAACTACGCATCC-1,not_striatum
TTACACGATCTGCGAC-1,not_striatum
TTACAGACCTAAATGA-1,not_striatum
TTACATCGTGGCCTGG-1,not_striatum
TTACATGCCACAACTA-1,not_striatum
TTACCATTGATTACCC-1,striatum
TTACCCTAACAGTCCT-1,striatum
TTACCCTAGGGATTGG-1,striatum
TTACCGCCTTAGGGAA-1,not_striatum
TTACGGATGGTTCGAG-1,not_striatum
TTACGGTGTCACCGAG-1,not_striatum
TTACGTATCTATGACA-1,not_striatum
TTACTAAAGGACTTTA-1,striatum
TTACTATCGGCTTCTC-1,striatum
TTACTCCGGCCGGGAA-1,not_striatum
TTACTCTGGTACGTAC-1,striatum
TTACTGGGATATTTCA-1,not_striatum
TTAGAAGAACATGACT-1,striatum
TTAGACGAGTCACCTC-1,striatum
TTAGAGTTTAGAAGGA-1,striatum
TTAGATAGGTCGATAC-1,not_striatum
TTAGCAACATGGATGT-1,striatum
TTAGCTCTGTAATCCG-1,striatum
TTAGCTGATTTGCCGT-1,not_striatum
TTAGGATGGGAGGGTA-1,not_striatum
TTAGTAAACCTGCTCT-1,striatum
TTAGTAGGGCGGCGGG-1,striatum
TTAGTTATTCGTGGCA-1,striatum
TTATAGGTAATTGTCT-1,striatum
TTATATACGCTGTCAC-1,not_striatum
TTATATTTGGCAATCC-1,not_striatum
TTATCATACTCGCAAA-1,not_striatum
TTATCCAATCGAACTC-1,not_striatum
TTATCCGGGATCTATA-1,striatum
TTATCGCCTGCGAAGC-1,striatum
TTATCTGTATCATAAC-1,not_striatum
TTATGAATGAAAGGGA-1,not_striatum
TTATGACAAACTGGAT-1,striatum
TTATGATCTTAACGAA-1,striatum
TTATGCGTCCCGGTCC-1,not_striatum
TTATGTTTGCGATAGA-1,striatum
TTATTAGAGCGTGTTC-1,not_striatum
TTATTATCTGGAAGGC-1,not_striatum
TTATTTAGGTTCCTTA-1,not_striatum
TTCAAAGTCTCTAGCC-1,not_striatum
TTCAACGACCCGACCG-1,not_striatum
TTCAATACTCTGAATC-1,striatum
TTCACGAAAGGATCAC-1,not_striatum
TTCACTCGAGCACCTA-1,striatum
TTCAGAGTAACCTGAC-1,not_striatum
TTCAGCCCTGGTCCAC-1,striatum
TTCAGCTGGCGTGCCC-1,striatum
TTCAGGCGTCAAAGCC-1,not_striatum
TTCAGTTTGTGGCAGC-1,not_striatum
TTCATAGCCTTGTAAC-1,not_striatum
TTCATAGGGTGTCCAT-1,not_striatum
TTCATGGCGCAACAGG-1,not_striatum
TTCCAATCAGAGCTAG-1,not_striatum
TTCCAATCTGGCTATC-1,not_striatum
TTCCACACAGATTTGA-1,not_striatum
TTCCAGACGAGATTTA-1,not_striatum
TTCCATCGACAGCGTG-1,not_striatum
TTCCGCGTGAGGCGAT-1,not_striatum
TTCCGGCCTTGAGGCT-1,not_striatum
TTCCGGTATCTGTGTC-1,not_striatum
TTCCGGTTACCCACTT-1,striatum
TTCCTCGAGGGTGTCT-1,not_striatum
TTCCTCGGACTAACCA-1,striatum
TTCCTCTGCCCGAATA-1,striatum
TTCCTTTCTGTGTTGC-1,not_striatum
TTCGACAGAGCCCGTG-1,striatum
TTCGACGGGAAGGGCG-1,not_striatum
TTCGCACTCGCGTGCT-1,striatum
TTCGCACTGTACGACA-1,not_striatum
TTCGCATCCGGAAGCA-1,not_striatum
TTCGCTAGGAAGTTGT-1,not_striatum
TTCGGCTAGAGATGGT-1,not_striatum
TTCGGGACTAATCGCG-1,not_striatum
TTCGGGCGCTAGTCTT-1,not_striatum
TTCGGGTTGCCACGGG-1,not_striatum
TTCGGTGGAGACGCCC-1,not_striatum
TTCGTACTCCAGAACG-1,striatum
TTCTAACCGAAGCTTA-1,not_striatum
TTCTACTTGCGAGGGC-1,striatum
TTCTAGGCCAATTGTG-1,not_striatum
TTCTATGCCTTTCGCA-1,not_striatum
TTCTGACCGGGCTCAA-1,striatum
TTCTGCCGCGCCTAGA-1,not_striatum
TTCTGCGAGCGCCCTT-1,striatum
TTCTGCGGGTTAGCGG-1,striatum
TTCTGCTAGACTCCAA-1,not_striatum
TTCTGTTTCCTGTCGC-1,not_striatum
TTCTTAGTGAACGGTG-1,not_striatum
TTCTTAGTGGCTCAGA-1,not_striatum
TTCTTATCCGCTGGGT-1,striatum
TTCTTGAGCCGCGCTA-1,striatum
TTCTTGCTAGCATCTC-1,not_striatum
TTCTTGGACGATCTGC-1,striatum
TTCTTGGAGTAATGAG-1,not_striatum
TTCTTGTAACCTAATG-1,striatum
TTCTTGTGTCCATCAG-1,not_striatum
TTCTTTGGTCGCGACG-1,not_striatum
TTGAAACCCTCATTCC-1,not_striatum
TTGAACGAATCCTTTG-1,not_striatum
TTGAACGACGTGCTGA-1,striatum
TTGAAGAATTCCCAGG-1,striatum
TTGAATATGGACTTTC-1,not_striatum
TTGAATTCACGTGAGG-1,not_striatum
TTGACAGGAGCTCCCG-1,striatum
TTGACATGAACGTGGA-1,striatum
TTGACCAGGAACAACT-1,striatum
TTGACCATGTTCTCCG-1,not_striatum
TTGACCGTGTTAATGA-1,striatum
TTGACGATTCAGCACG-1,not_striatum
TTGACGCTCCATGAGC-1,striatum
TTGACTACCATATGGT-1,striatum
TTGACTATTGTCCGGC-1,striatum
TTGAGAAGTTTAGCAT-1,striatum
TTGAGAGTACTGCTAA-1,striatum
TTGAGCAGCCCACGGT-1,not_striatum
TTGAGCGCCACGTGAT-1,not_striatum
TTGAGTCCCGCTGCTG-1,not_striatum
TTGATAGTCAATACAT-1,not_striatum
TTGATCTAACTTTGTC-1,striatum
TTGATGTGTAGTCCCG-1,not_striatum
TTGATTAGCTGTTTCT-1,striatum
TTGATTATGCAGATGA-1,striatum
TTGCACAATTCAGAAA-1,not_striatum
TTGCACGGAGCAGCAC-1,not_striatum
TTGCATGCTGATCACG-1,not_striatum
TTGCCAAGCAGAACCC-1,not_striatum
TTGCCCTGATCACGGG-1,striatum
TTGCCGCTTTCTAGTA-1,striatum
TTGCCTTCTCGCCGGG-1,not_striatum
TTGCGCTCTCTCGCTT-1,not_striatum
TTGCGCTTGATCAATA-1,not_striatum
TTGCGGCATCAGAAAG-1,not_striatum
TTGCGTAGTTTGAGGA-1,striatum
TTGCGTCGGCCAACCG-1,not_striatum
TTGCGTGTGTAGGCAT-1,not_striatum
TTGCTAGCTACCAATC-1,not_striatum
TTGCTCATAGTACGTG-1,not_striatum
TTGCTCCCATACCGGA-1,not_striatum
TTGCTGAAGGAACCAC-1,not_striatum
TTGCTGATCATGTTCG-1,not_striatum
TTGCTGCACCTATCCA-1,striatum
TTGGACATGTGGCTTA-1,striatum
TTGGACCATCTGGCAA-1,striatum
TTGGACCTATAACAGT-1,striatum
TTGGAGTCTCCCTTCT-1,not_striatum
TTGGATATCGTCTACG-1,not_striatum
TTGGATTGGGTACCAC-1,not_striatum
TTGGCCATCTTGCGCT-1,not_striatum
TTGGCGATCCGAATAT-1,not_striatum
TTGGCTCAATATGTGT-1,not_striatum
TTGGCTCGCATGAGAC-1,striatum
TTGGGACACTGCCCGC-1,not_striatum
TTGGGACGTAAGAGTT-1,striatum
TTGGGCGGCGGTTGCC-1,not_striatum
TTGGTATGGCTTGTGT-1,not_striatum
TTGGTCACACTCGTAA-1,not_striatum
TTGGTTCGCTCAAAGG-1,not_striatum
TTGTAAGGACCTAAGT-1,striatum
TTGTAAGGCCAGTTGG-1,not_striatum
TTGTAATCCGTACTCG-1,not_striatum
TTGTCGTTCAGTTACC-1,not_striatum
TTGTGAACCTAATCCG-1,striatum
TTGTGAGGCATGACGC-1,not_striatum
TTGTGATCTGTTCAGT-1,not_striatum
TTGTGCAGCCACGTCA-1,striatum
TTGTGGCCCTGACAGT-1,not_striatum
TTGTGGTAGGAGGGAT-1,striatum
TTGTGGTGGTACTAAG-1,striatum
TTGTGTATGCCACCAA-1,striatum
TTGTGTTTCCCGAAAG-1,not_striatum
TTGTTAGCAAATTCGA-1,not_striatum
TTGTTCAGTGTGCTAC-1,not_striatum
TTGTTCTAGATACGCT-1,not_striatum
TTGTTGTGTGTCAAGA-1,not_striatum
TTGTTTCCATACAACT-1,striatum
TTGTTTGTGTAAATTC-1,not_striatum
